user_pseudo_id,diff_cnt_fail,diff_cnt_retry,diff_cnt_level_up,diff_max_level,diff_num_distinct_levels,diff_max_score,diff_mean_score,diff_cnt_scores
F021650F621A5203E088D0B9D100A9A8,6,33,30,31,32,21,4.026315789473684,38
DB33DC8421C63BAC211F5F42209CB4A7,6,19,15,15,15,21,5.266666666666666,15
CF2B433E209BD2CDE653B2AAB49D2FDB,1,26,25,26,26,21,5.88,25
CDB12CED18D01A0CC6AAF15D0A277DF9,0,12,12,13,13,21,7.916666666666667,12
26758918FC7113FAC886E6C0D75029DA,3,3,11,12,12,21,6.090909090909091,11
8F75FAE8C9129A7B666A7DBA014898E4,6,6,16,17,17,21,5.5625,16
B969FADBA69F9275618A6D7B9B986063,5,0,15,23,17,16,5.333333333333334,21
0B57732CC81507A6EF8F49B7BEC5770F,0,1,1,24,2,12,12.0,1
8601A3659DC5C1F0444E5CCDA5ED3E14,14,41,30,31,32,21,2.2419354838709684,62
35D7E0527C5BC0E5044EF3716C845E08,9,20,17,12,13,21,5.65,20
1FFEE889C95637FE2D229E04149BC23B,12,28,16,17,18,21,5.277777777777779,18
05E40704E85030AC8EE03ED69A7D6FEF,1,16,15,16,17,21,7.470588235294117,17
56638C161E53327DFF2A4C3001968B70,16,33,16,17,18,21,5.352941176470589,17
B2FFF7F4FBABDA01138D0E2504307048,0,15,15,17,17,21,5.733333333333333,15
FB6DF2FE493D87177B8A640D71AE45DD,0,22,23,24,24,21,5.3478260869565215,23
8E2768C381113D72B39CCE7961BE5481,39,67,28,31,30,21,4.633333333333335,30
CE29CD745AD91AE056841B4252417028,3,28,24,25,25,21,5.874999999999998,24
92BF054A90804B6D65F11D7CDFCDDEFC,12,41,30,31,32,21,4.937500000000001,32
0232A0C6A31572DBA6D6CB0F2592ABCE,5,21,17,17,17,21,5.9411764705882355,17
F475A23EE0B80DC59250CBB1C35AFB3E,0,12,13,13,13,21,7.999999999999999,13
D85672E8322401603F6706560AAFACA7,2,17,15,16,16,21,6.066666666666666,15
7FD3B52661B5030E97AA98C6449BA790,8,33,25,26,27,21,4.538461538461538,26
ED4C30231EFF6BA5660398B76E680FA8,10,32,23,16,16,21,5.913043478260869,23
BE13C3B4A34804D4CF30E6D8C417E4B4,1,20,19,20,21,21,5.999999999999999,20
C2C13FF2D50F1038CFF9DB2D1241135F,2,1,0,17,2,,,0
E0CE2CA5D2D361E064F990D370644897,12,22,10,17,11,12,4.8,10
0D7CB64F9D6127441C68776A2EC22D0B,0,0,1,12,2,13,13.0,1
5631892AB2E836FD3A72540D3C316C51,7,37,30,31,31,21,5.833333333333335,30
0C33CF0DE752CAB6896E7076DD9B0ACE,2,14,13,26,14,9,2.769230769230769,13
C73D0BE8A6C303863FCE487F9996028C,25,45,20,25,23,21,4.608695652173914,23
8E75710E2F50347D18D53EE411D26FD8,28,46,18,19,19,21,4.055555555555555,18
F0133C453901CA70C9101F0550E81AB3,2,24,22,23,23,21,5.545454545454546,22
0FAA93D302C2B18B489CC74F4638720B,0,8,9,17,9,15,7.000000000000001,9
24D98B6BFAF41699F83A2A416C3AFAA3,0,1,1,25,2,1,1.0,1
7D7B2FEC3DBE3839B9C8881D4E25E603,0,0,4,13,7,21,9.571428571428571,7
E890021CD1AE7D8D7182EF66503FB1C8,10,45,35,31,32,21,5.861111111111111,36
5D84066876D8650792B2DB37277D67C0,6,22,18,19,20,21,5.315789473684211,19
909F7646D914DA546FE11BEA64934C21,1,11,10,11,12,21,5.000000000000001,11
39263A4294E10DC839B738D9D9BCD42D,0,1,1,15,3,20,20.0,1
02084E10F9F1052182B5602D6CDC50BA,3,7,5,19,7,21,8.0,5
5FF343F27F2CF7CA2B9DCA7193C67DA9,0,6,6,14,7,14,5.166666666666667,6
5E8AC46740AF7F941F59A33B5C401141,0,12,12,13,14,21,5.7333333333333325,15
737952B0FC3F8BA5F86475FED13242F9,20,13,31,20,21,21,4.617647058823528,34
8E08DD7CA9EE7612173B65D51EFFDC6E,0,2,2,12,3,16,8.0,2
52AD82D3ED9AA51B63F1903ACF8209D7,0,11,11,12,12,21,6.636363636363636,11
0053BF563994B28D4A8035CEE4215F2F,0,7,7,23,8,10,5.857142857142858,7
C55BB3776BAF55E6BE0B1B35D95EFCFC,0,10,10,31,13,21,4.071428571428572,14
AEBA9BC15B6A68226944455204FB84F1,1,17,16,17,17,18,5.875,16
B83E97CDE1FCF1D681206DFFC5F1898E,1,21,22,23,23,21,6.2727272727272725,22
72F61883EF67515CBBFEFBBDFF93210A,0,10,10,11,11,21,5.8999999999999995,10
7A72B6141458AC5F7AC36F112C3C274C,0,6,6,13,7,16,4.666666666666667,6
B8D2387D0A096E2BD5CA84D2C9F6572C,0,3,3,25,4,10,7.666666666666667,3
4D1DFFA5A6570E90D83878ED0021478B,4,34,30,31,31,21,4.93103448275862,29
5217AB1A454DAED6243E1C9818BE6A20,2,29,27,28,28,21,6.185185185185186,27
C637D3E6A7F47C101BEAFC1416DBC75D,0,0,0,13,2,,,0
DF332E467CB6F31114DF175AFFC1AA2B,0,3,3,20,4,5,3.0,3
40B409D2F011F83053D8E40B6EACBD92,28,51,24,17,17,21,4.916666666666667,24
1845E883F5E20391CD3BD68F488A3C5E,20,18,23,24,25,21,5.041666666666666,24
7B4198B05CE36E11C2623428A090BE16,0,22,22,19,20,21,6.739130434782609,23
76633D2AB766B70D281F018B53E3314C,1,23,22,22,22,21,7.2727272727272725,22
1814CCF8B0BD30480C6D375743010FAE,5,28,24,25,25,21,5.208333333333334,24
336FED02BA10D201C1B88C1CECB2E9D1,19,39,24,25,25,21,4.708333333333334,24
F2D0B7E8667E4855BEFD39ECA3185BF7,1,9,9,25,9,10,4.000000000000001,9
DAC0EAB11F253D2173A6FAA79AF5DCAB,1,1,0,25,1,,,0
49F9F37D8049227C24BB55A8D6C29578,7,17,15,16,17,21,4.80952380952381,21
D7DD6C9A91A91AB9F2FF3444A9BD96F1,4,32,28,20,21,21,5.586206896551723,29
38433068597B386A0AFA31108A2346E0,0,30,30,31,31,21,6.333333333333334,30
A0E93D033E25966AB516BE78D143DE7A,14,30,21,22,23,21,5.772727272727273,22
60771C5E3F0552AE82C69665F14E9805,1,7,6,11,7,2,1.3333333333333335,6
01B251A762C06291B7681D018B43E42A,0,22,22,23,23,21,7.772727272727273,22
4E5DFECCF4C908266F4CACC26F7AFE6D,7,31,25,26,26,21,4.7200000000000015,25
B6B8C0DA3E4895115A7C8E09B23AA079,11,35,25,25,25,21,4.839999999999999,25
CE56946091344ADC2D0AB88D49B83ED1,16,55,35,31,32,21,4.179487179487179,39
F2A1619D00447FB2458B8CAA9C24AD59,10,33,23,24,24,21,5.391304347826087,23
3FF72359059E0717967E91F769CD6860,1,21,20,14,14,21,7.1000000000000005,20
0BB0348106431EB9E1CBC1E9176041BE,0,2,2,31,4,2,0.75,4
77F7DA4FC2653D4C5E65738AAAB2CEEF,0,11,11,31,12,16,5.363636363636363,11
FE1406E149A6084DDF859CE9AD431579,2,17,15,16,16,21,6.066666666666666,15
645FCF6A808C87AEE6F06DB7418F56E3,0,0,8,17,9,15,8.0,8
5805D47F03137321BF07BFA22CA09B73,22,22,21,26,23,21,4.142857142857142,21
5558FE9EAD95706AE24CB71073CFAFB0,0,20,21,21,21,20,6.666666666666667,21
AD50FCCF085C18D3B12AEE30A3519CBC,0,0,3,14,4,16,13.0,3
6A8DE529CDDEC5B0B170929B2444A588,7,34,27,28,28,21,5.0,27
F7315948D2F8A7F3D0BF37187D3BA8AF,2,17,16,16,16,21,7.25,16
5BA2B0B18E94EA7EABE532297E83F0BE,23,51,30,31,32,21,4.787878787878787,33
1833832D556B8B02AC2A24E942724BD0,0,12,12,26,13,12,5.083333333333333,12
310D44D95961BF9754C9948AF6F437EA,15,30,19,20,21,21,4.45,20
171871CA6AF9A891FB7B3E19CD144B2E,0,10,10,20,12,21,3.7,10
5DE4C3F6AA9E3D2D91EE22CF1ED0B0F3,0,0,23,24,25,21,5.387096774193547,31
129A4D1E56C8492D05A69F135179D60E,0,12,12,19,13,16,6.333333333333333,12
59DFECDD0FBC66E32D323B2BED44F806,0,3,4,12,4,15,5.5,4
55013EAB1765F0ECB8056EA88FF7FA8D,17,43,30,31,32,21,4.644444444444447,45
002288BF9DAFD631E43113E80D0BD001,0,10,10,28,11,11,4.1,10
3DFC3A755FB6E6BDE49250DF5D6FF180,0,19,20,16,16,21,7.7,20
5652FE8F7347A1AEDC7543F7AD642C30,0,3,3,12,4,16,5.666666666666666,3
4A6348184AA3879C063C09309E43A335,2,25,23,31,25,21,6.16,25
BD2A511409EB3EBC45D4CEB4F876ED49,89,88,19,20,20,18,3.684210526315789,19
A597F7A410BF0E7390E4C49AFEE32436,5,28,23,24,24,21,5.826086956521739,23
5303E927F0771D29F4DE954A5C3388A1,0,0,1,21,2,2,2.0,1
4481D63B22935FD22AA6C3D639A8FC29,5,2,8,16,10,11,3.928571428571429,14
933A379D75E03C0CC1316F4956C9240F,0,0,0,17,1,,,0
A14518C766440EB6F1E2F2105CDE37F9,2,17,15,17,17,21,6.0625,16
1E25AACE69476FB5E63EA9019E0A90AD,2,2,25,26,26,21,6.079999999999999,25
192440EC48EB5C30C261D16F03D7D229,4,22,18,19,19,21,6.333333333333335,18
A4117B7FFD626BDC5058946207E68BE2,0,2,2,22,3,12,8.5,2
3E0ECCCA5011744BE8F7E198A44175FC,0,4,4,13,5,16,7.75,4
DC16CFBE43A591C7D18D4BE0BBC2E6CE,0,4,4,20,8,21,9.5,4
4A47A98F4565C38DBABBE20B803D7FFB,4,29,24,26,25,21,6.791666666666666,24
4FD9D8CC8CDC35E591A3EAB269D83A3C,47,66,19,20,20,21,4.157894736842106,19
B215751EAC030DECC9124D90D2AC41A9,2,7,6,28,6,9,4.833333333333333,6
1DC9B625F2C4F54E9281D4D19F9FEBBB,0,25,25,26,26,21,6.2,25
DC563C1019AEA52C1F3698D279696AF7,0,4,4,23,5,11,7.5,4
A6A77DA8F2C4102A83EED1D5216EB318,9,31,23,24,25,21,5.25,24
21D6C4F2FF2E17F16218CFC5CC3BD27E,4,9,5,25,7,21,8.6,5
239B36D8ED2161D10687A09C0EF34477,3,17,14,24,17,21,3.612903225806451,31
2AA7CE8A30BD25743594101C76B46A6B,0,2,2,17,3,8,6.0,2
AD7FE81D1728816D750882661E542B6D,6,12,4,31,6,5,1.1666666666666665,6
C484E0C2C549F6C66493BE08F065D467,54,78,25,26,26,21,4.2,25
82C4C434811FFE6491CD496EFEA96382,7,38,30,31,32,21,5.1470588235294095,34
7D9E4CD01C4E4F1768A0DF5CDFDD7753,11,11,13,13,14,21,4.153846153846154,26
6C40A2B1B7C2336EDCE4B9F346682A72,1,1,14,14,14,21,7.071428571428571,14
377A7FEC96BEA692E4F4AE9B7D64CC4F,1,4,2,31,5,5,2.3333333333333335,3
93CE02A528E41C078FDB04857CCDA48C,3,27,25,26,26,21,6.119999999999999,25
7BC896B5CC75D3773F5A58175CEB59A0,0,10,10,28,12,21,7.6,10
3BA5D621AA0E44896D007BED18927D1E,7,15,15,16,17,21,5.0357142857142865,28
8D9C05A55BA5E45A83F5A8605E6AF594,8,27,20,22,21,14,4.75,20
22744902811A4056F2B1111F11541818,17,12,25,20,20,21,5.4399999999999995,25
90ABF11960A1D40165B3881340422918,0,1,1,21,2,1,1.0,1
6C07A737EA896840697ACE56AC23A3A9,0,20,20,20,20,21,6.0,20
06FC465CE7377E44C22F05D2A83EAED2,33,18,18,19,20,21,3.894736842105263,19
3692DEBDE0AF4BD5ECAE3C901BAA86F4,0,0,0,19,1,,,0
04642AC8247317441C678A94CB1ECCC7,31,54,33,25,26,21,3.6486486486486487,37
C63DEA9268BFD2A88E2DD0AFDC55C6A4,15,21,2,31,4,1,0.27272727272727276,11
FBB24C8D588093143C8ECF4F955E1AFE,0,3,3,13,4,14,8.0,3
27859DA5E38F4C681DA4FBF0CFB9F306,1,22,21,22,22,21,6.0,21
F815B786873376C0A296AB5731FB8524,13,45,32,14,14,21,6.53125,32
97FFC38A9083C9546D4FB70E0662EB46,0,1,1,15,2,4,4.0,1
9C9B38CA12D7CE419ABD7356BA7872F6,0,1,1,24,2,5,5.0,1
86F42088972973829EC309093CF67201,3,2,0,28,2,,,0
037EE2BF567582E3E022B42F6A779E08,0,0,2,13,3,13,11.5,2
B3370DB593A99E2BE0C021EBAC2B33A5,0,0,0,16,6,,,0
73B5AB14D7337DBC27B5971333E9EB28,12,9,0,24,24,,,0
AFF505867FBB44A2101B2F9E75B14586,0,0,0,24,1,,,0
09F46BDB8C79B7AA6995BF03548804CD,0,2,2,26,4,21,16.5,2
0EFE51A674278F299A90802A80A797E8,0,0,0,20,1,,,0
A7993B3D9E693DFD3EA57CF4D1B8D00F,1,20,22,23,24,21,6.000000000000001,27
735D0773BF0193D26BA48A56D1C69CAB,1,12,12,12,12,21,7.249999999999999,12
F37F33D51B7F64F56246B3D372252658,0,1,1,31,2,0,0.0,1
295D9E24D8DE65A010313E667131EF19,15,29,18,19,20,21,5.05,20
0160043392B1572A375E5C3BE1BB0C31,23,53,30,31,32,21,5.838709677419356,31
AD4F00389084ECC4B5362689C228EB0F,1,15,14,14,14,21,6.214285714285715,14
8BE7BF90C971453A34C1FF6FF2A0ACAE,120,62,31,31,32,21,3.0405405405405412,74
D2FA3B4591AE2EA33C64D7802698D9FA,0,0,0,20,1,,,0
880C220698D2A32CF0709DD95857AB60,1,8,8,17,9,12,5.875,8
07D5951C19A83B2CB9C8BA9319B5A9FD,4,38,35,26,26,21,6.342857142857143,35
42CAF88542680DC1A0671B91943E6089,0,0,12,13,13,19,7.499999999999999,12
3F15D8D167BBBFA96BC09026D13DFAC1,7,32,25,26,26,19,4.04,25
8E2CA56C1FD81A095DECAEDE6F2ED626,0,24,24,25,25,21,5.250000000000001,24
03896D205DD7A729C6D1269749A0267A,0,18,19,20,20,21,5.789473684210526,19
89482B3A8B18E86AF55BA12A05B22DA3,6,24,19,20,20,21,5.157894736842104,19
52AFBFFECE384C678FC4362BE82A40CE,0,1,1,26,2,4,4.0,1
3C1972F887FD4EC6EFF72B7A4ACC9BF9,6,3,21,21,22,21,5.333333333333334,24
A904653DA2127895AE45F82CD5260F1A,29,68,47,31,32,21,3.7547169811320757,53
764B8932F53129D15854A1A12393513C,0,13,13,14,14,21,8.0,13
C2CDD49D04056C8A2F99CCAF7A7FAF3F,3,3,17,13,13,21,5.9411764705882355,17
5341BD6A836D247A4B5CCDA5FB3BCC9D,0,0,2,13,3,12,10.5,2
278213F4C6CD188CD0B75EE22180520B,3,20,17,23,18,15,6.176470588235294,17
E44C19AB9967674958CFE343B6C3A66D,1,1,17,24,12,15,8.470588235294118,17
A323D8E5FA3D8C56594AFEBC6C8E63FA,14,12,23,24,25,21,5.280000000000001,25
D2057EE2B8E8563B522E6C21B7BD4524,0,2,2,12,3,17,10.0,2
34ADF71F1AADCA26EC8008496F7CC87E,19,44,25,26,27,21,4.407407407407408,27
F4CB0B30E0A170AEB6A94EF1156738C8,0,15,16,16,16,21,6.374999999999999,16
EA89F979E0D4C374DBC95268982D18DE,0,23,23,24,24,21,6.565217391304349,23
0FDAC2A4A154F9E946D749BFE67B1FCD,4,22,18,19,19,21,5.722222222222221,18
D771048ADB1B9CACADFE001E6F9BA799,6,22,16,17,17,21,5.5625,16
F9E25D9E79A408331969D9ED06679184,0,8,8,13,9,15,3.875,8
F67EA85DBEF756A1475845334DA83A3E,0,10,10,19,11,14,6.4,10
AF8E7114A6447030A2B9A29C9DDFC3AB,17,42,30,31,32,21,3.8644067796610173,59
8A7D188F1D84288ADCD042DB8AD11BFD,0,7,7,16,8,13,7.999999999999999,7
14CDD9706D24046F309F81C86687A25C,1,14,13,14,14,21,4.769230769230769,13
28FC1BD0204945ED4B1B15E3A139347C,13,57,44,31,31,21,6.022727272727272,44
18718602D49339FFAF8DB11E5FFCF2CA,0,0,1,17,2,6,6.0,1
21FD52300AE0FBAB4C95D6D470E471D2,17,46,30,31,31,21,4.733333333333334,30
4884DDE11BE14E254510D9788574F4FE,0,0,9,20,10,14,7.222222222222222,9
23FD6C65AB271F4DD5FC2FDEA888032D,16,15,11,20,13,14,3.4999999999999996,16
9A46A573C1A4263A449716650F25ABFF,0,30,30,31,31,21,4.800000000000001,30
C716BC0FD899660F25F36C06B11D6398,0,15,15,31,16,12,3.4666666666666663,15
3FFB1DF94D148994075041E8643DD788,2,14,12,13,13,21,5.083333333333334,12
A3D25F3FA1983C40DE78BD7B05CEBAD0,0,7,7,25,8,9,4.0,7
DC37E68D65047E5518782B8B5777984F,1,11,10,11,11,21,5.8999999999999995,10
EBAFA84A52A94B3156F18BDFA783ADF4,14,33,19,20,20,21,4.736842105263159,19
95E32BCFB98717F9BC0248506B59C8A0,0,0,2,11,3,14,7.0,2
CAE82AB5230914DF18EFC7FB1BD027D7,7,7,24,25,25,21,5.541666666666667,24
288FBDD45A732242BC8BE2C1C06F63E2,1,0,27,28,29,21,6.071428571428573,28
B2BF10143FF90ACF11719DA740A2F88B,16,7,15,21,17,21,2.8823529411764706,17
0FB030B897D1A6360CCD8CCBF9031755,1,14,13,14,14,21,7.538461538461537,13
1608F85B710EC4AE0024BB8A1C339071,12,43,31,31,31,21,6.258064516129029,31
665B1505AECAE3569C2B0FED30223A3D,4,28,24,25,25,21,4.291666666666666,24
098868D9626624131122714C36A5D069,0,15,15,16,16,21,7.266666666666667,15
D2D5BF0E23E60D6564EEC393556BDC21,1,31,30,31,32,21,5.354838709677418,31
7CC61FB109657777ADD59480BC290F29,35,29,26,26,27,21,3.592592592592593,27
BB077076D658A9593C4D36FF54402A2F,0,4,3,14,5,13,4.428571428571429,7
024E7FEC0BCF6A2AA90E4696C95B44A1,0,0,0,26,1,,,0
22A2927157CD0E7A47FAABD6F0C17263,0,4,4,13,5,14,6.5,4
3A13C0161E8EFF3506A9CFEB63803D73,0,3,3,20,4,5,3.0,3
90328AC1342160D6A06539016F0229FB,5,0,2,14,4,21,9.0,3
3883775AD957247EE86DB4402FA748F4,29,26,21,19,20,21,5.181818181818182,22
907E435730D7DB85E34CF7DC57EFBE4B,2,9,7,13,9,21,7.0,7
8C04D9949CEE07F5D80FEC08F0E3C923,2,1,4,28,5,2,1.0,4
7A7049EA3CC84AB4C498F4DF40003AE5,2,22,21,20,21,21,6.181818181818182,22
9DFC6466DFDBDE2D6D93E3F8693283C3,0,12,12,13,13,21,6.916666666666667,12
BB04ADFC36810787A70AA8B798F7065B,2,0,3,13,4,13,5.0,6
F2D4C11350064031EA8AC50AA63F94A8,4,2,0,24,1,,,0
2B0DC55FC762171A7E975A1321528458,8,31,24,24,25,21,5.083333333333334,24
B8B20A9B77B516AC51BD7C96E3F1866C,0,4,5,31,2,3,2.4,5
B06766CF9F24205F1EEBF02C8F981A19,10,26,16,31,17,8,3.5,16
9B5D71AD5ABD11089F84E75ADAC31F15,0,2,2,14,3,12,11.0,2
116241CC46E43654C249CCA7DEC811BD,0,14,15,15,15,21,7.333333333333333,15
4657D96DA15E782F8E82EBA5A791BB66,3,28,25,26,26,21,6.960000000000001,25
620E8B1B1DF8E97AE28C91153E52F543,0,25,25,26,26,21,6.76,25
771316514A9E5D0D1821DDB64CEAEF12,0,4,4,24,5,13,6.5,4
3C94E696C9FE64D9F203A40FECDA5A2A,0,0,19,21,11,14,6.894736842105262,19
2E576595B5FF8D66CA224AFADAE588B4,11,3,19,20,21,21,4.300000000000001,20
ACBDEF6CDDCF8C568B026B4E104F2055,13,11,19,20,21,21,4.700000000000001,20
9756BD4A082BFDA01EEE6555ACBE81B1,49,86,36,31,32,21,3.7105263157894752,38
10522BF919A454B898540F51FFDCB292,74,107,36,31,32,21,3.080645161290323,62
C37E67D4830943022F72623875F1E4C4,0,1,1,25,2,0,0.0,1
ED75C88BBB5766563A925F883902AAE8,0,0,0,15,2,2,1.0,2
AFDCA3FFC95F14892D6D0B2E870E3D97,8,4,0,28,28,,,0
2BBBB993FCB4A3A3C59D2537202CA402,6,22,16,17,17,21,5.625,16
1C9DAE1F278190CEEEEB70A8F4B28FE5,5,5,4,12,4,12,4.75,4
01BE5107A02018738DED57597F10A916,0,8,8,20,9,11,6.0,8
44DE25D7B9A474632A68C3533417A1CD,3,15,12,13,13,21,7.166666666666667,12
DEF2530E2AF38393F24B8BFBCE9F6A03,0,10,10,11,11,21,5.0,10
29A56E20BDAD2067AEF874E2EC86F203,63,74,31,31,32,21,3.844444444444445,45
FFDDF354D9B9E851D2A62ABAEA17DA3E,10,33,25,26,27,21,5.115384615384615,26
0437C4C4800106103B7B7EBD7A7CD76D,0,8,8,13,9,15,4.0,8
1BA4C4E8652A5EAD573B26140AD12235,1,18,17,25,18,14,3.823529411764706,17
72AC12CE2E2F425A2546D18F14B0077A,7,25,18,19,19,21,5.777777777777779,18
A329F671CAD036858EA863966B6F2BA3,0,13,13,14,14,21,6.000000000000001,13
35929D52C47DAC927FFFE0BA6F8343E4,1,26,25,26,26,21,5.040000000000001,25
3082CDD760FB4C2F5BAE25E78DD0B000,6,6,16,16,16,21,6.937499999999999,16
8E150A8839C964819CC821BABA13E2A7,4,1,11,12,13,21,4.642857142857142,14
E0F1DC58BE9661A3DFD9C3228B179C29,20,49,30,31,31,21,5.333333333333333,30
942E123C7E8C0B62935889D03D77BE8E,4,0,23,24,25,21,5.333333333333334,27
94B02BA3020E382B3456932FA88A03AC,21,31,21,21,22,21,4.045454545454546,22
0CF0BD73E6A9DE6EB96D1CDD6DF65E8F,0,15,15,16,16,20,7.800000000000001,15
675341EA8051C5CAB8508FF1554CE164,4,32,29,24,25,21,5.566666666666667,30
6B9CFFB3E0DE6FA0C47B8410C4467F89,0,7,7,23,8,14,7.142857142857142,7
CABB85BDEAC675E058B81008BB3BAFBE,0,3,3,14,4,15,11.666666666666666,3
DAB972641CDD57B498702CA343A4ABCF,0,9,9,24,10,12,5.444444444444445,9
B5880D49650192A307A08F4D6BD1B1A6,1,2,2,20,3,4,2.5,2
BE0BF91461B9097C1A9D0F98E6C30E65,12,4,13,19,11,21,8.6875,16
95BC3B2233ECAE0717CC70A45315365B,0,3,3,21,5,2,1.6666666666666667,3
897445C8F4A40534C0A4B6E006A5454A,5,29,24,25,25,20,4.750000000000002,24
5F80B55E80AAD36EB6DACDC15ABC89B7,0,1,1,20,2,3,3.0,1
2E9026469C329DB2220F26911ABD1929,1,15,14,15,15,21,6.357142857142858,14
B855837734B4686C3E8D439BA634E8B3,7,25,22,23,24,21,5.125,24
50ED7C8D251FF05F53DD6E22A0D3D3A9,0,3,3,26,4,10,4.333333333333334,3
E925C125456283AEE62527E2CF823E6C,13,8,4,31,7,1,0.16666666666666669,6
667B1425546E7502CD66F9DF0C6321C1,4,29,25,26,26,21,4.3999999999999995,25
40B224DCDBE486DBB2D13E81B285589A,0,30,30,31,32,21,4.511627906976745,43
33EA483B9652B49782CDB92710831EE4,3,22,19,20,21,21,6.55,20
D9E25816BC151CCF9DC5EF16A0D158E4,0,0,4,25,5,8,5.75,4
27893F4B9A04A6D82DFCD3F2D6A2F265,1,9,8,17,9,16,6.999999999999999,8
353F5753723862B50764848D793C4648,3,9,7,12,8,14,2.428571428571429,7
2632F8B1C1F26EC8BEA76F88228D875E,0,10,10,11,11,21,3.8999999999999995,10
EAF5D2453F6EB52AC82D6B5EDD33B4C4,4,13,9,19,11,21,5.4444444444444455,9
9AB15754D4B3B28488B088CAFD9DD5DF,0,10,10,11,11,21,5.799999999999999,10
FFB030A91BE1315EE25A6BA619E1D903,4,33,29,13,13,21,4.758620689655173,29
CF868C1A00B3C101100B7EEA7B1F0412,0,9,9,16,10,16,5.888888888888889,9
78CADEAF2A3C6D8B3B7A5CF8BE63752A,6,36,30,31,32,21,5.903225806451613,31
8AF7E7372DBD48F12F569ECFDC320F9F,1,4,3,17,4,8,6.0,3
DC9A698C551E9FF66065E9691E39AED9,0,4,4,23,5,12,7.0,4
EF4779CD39B730D9CDFEB3CCE8B4164F,2,13,11,16,12,15,5.545454545454546,11
8EC43C9E15331DB709A2E1D79C8CE826,1,8,7,25,8,8,3.8571428571428577,7
127C8DEEBBC9881C616168923C93DBC8,0,4,4,20,5,21,13.0,4
9CAF9CA9B3EA5F96AB40243D7C722DD8,3,2,0,20,12,,,0
51D3B104173A762F71186155A6EC5E1A,14,13,0,26,26,,,0
FF74A964AAA9943AEA2A56F6DA42D287,6,6,0,19,19,,,0
9E0ABF3B728F869C8C7D9FA284AC6FBA,2,1,0,15,15,,,0
C542DEFA68029264C4B92D1B72423CA2,29,26,0,24,24,,,0
E174E1EC24FC2C81E1685ADACB7B6B6B,0,0,0,20,20,,,0
64F13A17FA4F4CD0134EA86C38AF7582,0,0,14,24,16,12,7.533333333333333,15
A9375BCFD6BA93606C805F6B1D15D848,0,30,30,31,31,21,6.533333333333333,30
0AC53DB99F24A0CD38393D6DF82BAACD,0,3,3,17,4,7,5.0,3
C6EAD483A8AF7EE9B0ADE6D7CE5DD698,0,16,16,17,17,21,5.375000000000001,16
6DF621C3F9685F451861F918089F9DA8,4,2,0,23,23,,,0
DFD1344F33596245968DB88E254A02CA,0,0,0,13,7,,,0
E80CC12FCE5CA2B2BBAD156392A4FDE2,0,3,3,15,4,12,11.333333333333334,3
B4653EE7AA5AB38E47F66AAE2F708BD9,1,14,13,14,14,17,6.0769230769230775,13
275EA96669D61BB4840D5B454651AED1,3,11,10,26,11,12,3.8,10
ACB0CC9AC2138D424084DC1D8C18F077,8,20,12,14,14,21,6.666666666666667,12
8205962BBD2EFA6103B66F1CE5701F93,0,5,5,23,6,8,3.6,5
0D601508AD1F1005DAE72845C27B9534,8,19,15,16,16,21,7.4,15
DB720DA220F64B53FEE005F5B67B0ACD,0,0,3,17,4,12,9.0,3
5153009CA85241D3EE7B12ED7E8093F4,0,0,0,11,2,,,0
407F9E10B097ABA763F94C554180BEBE,4,16,14,14,11,21,9.5,14
611F13AC1FDD7501757DB0D65D5FB284,0,17,17,31,18,12,5.352941176470588,17
5B4FD8662DAD71406319200659FDF420,0,16,16,17,18,21,5.8235294117647065,17
112CB2002BE857C7D877423F153071F2,0,14,14,15,15,21,6.2857142857142865,14
1E484C06A40749374184EFC9606965EF,3,2,14,14,15,21,5.866666666666667,15
9B80883ACDC4F72515FCE888EC4C6A74,0,25,25,22,8,11,4.24,25
C2C1AAB8E3783DA7DA1EB5412E26B35A,0,2,2,22,3,14,8.5,2
4C9054D8A4733305C7FB7B783CF0C98A,1,7,6,14,7,14,6.5,6
C59D8409F4845547C4404A7C2DA0D2A6,5,25,20,31,21,15,4.650000000000001,20
E26F9D4E9460AB3B11B29DFF5BAF0BB1,4,3,0,24,1,,,0
E440547F34FB960CCD32A3D71897E106,0,2,2,31,4,4,1.2000000000000002,5
517524EC7A529A11D29A70A6613A4F73,8,29,22,25,24,21,5.454545454545456,22
59FFEAFE3464184406C0F83E634C7B02,13,38,24,31,26,12,2.9999999999999996,29
7EA9F2798F820C98CF6F27B8C3D7EACB,0,8,8,16,9,13,4.500000000000001,8
0FE7AA892150DE7C58D1B2988580346D,0,0,1,15,1,0,0.0,1
4E21E6ADDA8D67B75B523D141CF17060,6,24,18,19,19,21,5.88888888888889,18
A876FA388EB7B0CB657E3A63455C55C4,0,1,1,19,2,0,0.0,1
079A0986730A27E47BDE659B49D0F1FC,0,2,2,26,3,3,2.0,2
062AA43995C9BD8E8696A2C69CA21757,2,5,3,26,5,21,12.666666666666668,3
CD575100771330FF6EE90088BBAF121C,0,1,1,14,4,21,21.0,1
26C6707A34999C33D68CB0AB07341DB6,0,6,6,26,7,10,2.833333333333333,6
192533C063DF2EE9F9679CA3EF6A22B1,1,1,15,16,16,21,6.466666666666667,15
1C107111F6722BA305BF26036F830F28,7,0,19,20,20,21,5.105263157894737,19
2F9DEF84DCB15A815B8B8BAFE3F51D74,0,7,8,25,8,13,5.25,8
45F7562E1A1B2B994B15A084B149B17C,1,1,13,14,14,21,5.9230769230769225,13
898E5AEE16FA03000BA7287DA1232071,1,1,12,13,13,21,6.166666666666667,12
8F484C7C0E561E1D2BCC735E815B292B,1,1,4,28,6,8,5.25,4
17515C32D8E535AA8A1B18BA774BB90C,3,17,16,25,18,16,6.0,20
3BBC4DD5C8CA9027CECBEA5C39F80E3A,41,71,30,31,31,21,4.633333333333334,30
78DFBCE95F1E46CB9715D410A556FCF1,0,16,17,25,18,21,5.647058823529411,17
1BC44D91F990850AD8EF0D26D26EB1BA,0,15,15,16,16,21,7.266666666666667,15
A9F5CC6811A363B671124943547E3631,0,19,20,21,21,21,6.25,20
827A4CD8E3B480B5E6856832FA0F9671,0,0,6,25,6,11,6.0,6
8363E790DBAB5768F48EA4C7DBAC640A,0,1,1,31,3,4,1.6666666666666667,6
FFB26287807A1F1571D57C8CB710B4C0,4,4,13,20,14,14,4.692307692307692,13
771CA675C63B2154C5544D96A0187D08,5,4,11,12,13,21,4.23076923076923,13
9F6E12926C868731B751738A9AC5E068,3,3,14,15,15,21,6.357142857142858,14
44E069693058F501D81F90B1E0D3D184,0,23,24,24,24,21,6.208333333333333,24
BB262970AF9A445625B2D6D3F76AD327,30,121,91,31,32,21,6.065217391304347,92
34752CBB38EC5E1730FADC1F8D348B92,0,21,22,22,23,21,6.217391304347825,23
145357D9EC5EFD772DC7FE5E21ED2B36,5,5,3,31,5,2,0.5,4
8D31836A6C3C14CE71056BED8925F0A4,6,32,26,23,24,21,6.518518518518518,27
0ADEF480C4FB4D83D7746125E2662BEE,18,31,18,19,20,21,5.105263157894738,19
77CE1DE529FE912B316D105A0937B22B,66,58,0,20,20,,,0
93AE3DB6ECB592F432A19448DD30B0E4,0,0,0,16,16,,,0
7C9FAF890F48FEDAD78C0766EBFFD3CA,6,25,24,24,25,21,4.870967741935483,31
F511AFF156DE0B44E9808F9FB43E3AE7,1,6,5,22,6,8,3.0,5
F27F046DF960AB50CE65B9F4364C981E,26,53,26,20,20,21,4.923076923076923,26
2B6D0DB9D76C581ACB986BBE2408220C,7,37,30,31,32,21,4.4848484848484835,33
B2D359D114428D8DD085DFAFF11195CE,0,24,24,25,25,21,5.958333333333333,24
0373DF7959F6867CDFB1C905D39CE67C,3,33,30,31,32,21,4.548387096774194,31
A6731790F2929D9ACC31CF113ADBB19C,2,2,1,20,2,1,1.0,1
79CAA00790D06BC25052329F4ED99BFC,32,57,27,28,28,19,3.9259259259259256,27
2C690440C68D517B9A4A681DCAF9FD29,4,2,1,16,2,5,5.0,1
02F138100A427AC9282F4CB9BED8A857,0,4,4,22,6,12,3.5,4
B1383A69A2CAA403E5A74B7B2D7EF696,7,19,12,13,14,21,6.153846153846153,13
279B274F5C2FEE544D3C771602FC0F10,0,13,14,14,14,21,7.57142857142857,14
6102A2D13134745137E3678B3DA4068B,10,34,26,26,27,21,4.0,26
7819DEAF5F409484F5D496529800EBE3,12,5,14,15,16,21,6.0,18
919A8A09B16E41D4FFD7B7AC82F9C760,1,1,0,25,1,,,0
6DE2CD63F79926A8FDC009491EE6D297,5,19,15,15,15,21,7.066666666666666,15
B51956EA1CAE464495630AEB8EB4C175,0,0,0,19,1,,,0
28FB637910971ED3E7AAC85F0FEAD80C,0,2,2,31,3,1,0.5,2
11966F5337D5D08DD1444F21484B7535,1,20,19,20,20,21,6.000000000000001,19
6AC7CD91D56EECD5451A8FA289528AB8,1,23,22,23,24,21,4.750000000000001,24
D147313DDA176922E11FB96DC1C800B9,1,2,18,20,19,21,7.23809523809524,21
844CEC10DB0368E8B73A1C7BBF702C6B,2,21,19,20,20,21,4.684210526315789,19
046F7AEDB64399C9AC0C45905423106D,4,6,2,20,4,1,0.3333333333333333,3
9454C88D30154AF624E046D5C408797C,1,6,6,15,6,13,5.0,6
F9B1FEA75B896DA727BC733173B19D60,0,14,14,15,15,21,7.214285714285714,14
B711923F02FB2923F0A4DBC8CA2CE3AD,1,0,10,11,12,21,3.928571428571429,14
DD71B59CA8056207ABCC816D74905E7E,0,0,16,17,17,21,7.375,16
E38A9314B49974148980D685623347A6,0,0,2,23,3,11,8.5,2
CD32700CF86F9099A2FC2DFCEC24AC74,1,0,1,24,2,5,4.0,2
AD2875FBF6B97DCEA8C286BEC2AB4FD2,0,0,3,19,4,3,1.0,3
ACF7FC6FB1F1BA325C085F3E450B29C1,8,31,23,24,24,21,5.08695652173913,23
EECDCA8076D5842922767F5C08957B17,0,5,5,15,6,12,6.8,5
B28B526D900409773D6B8E2D28941B0F,0,2,2,23,4,10,9.5,2
A0C717427B740393C1304931D53557F4,1,20,19,12,12,21,6.2105263157894735,19
2D956BFB6175AB9B2951B2E446372801,0,3,3,13,4,14,8.333333333333334,3
0DAEA135076D6ADED6313FC5853317D0,0,0,1,19,2,1,0.6666666666666666,3
C947C7004C7989BC00AE04B29F33C50B,0,5,5,14,6,16,8.0,5
42C411F559CA295EB59A4F95E75E616C,0,4,4,25,5,11,7.25,4
ACEC237EDDCD21DE77B2FE430409E4A1,4,25,22,22,23,21,4.448275862068966,29
4B685D6EC83C964FFE6DBE4BA5A322D8,0,13,13,16,14,15,5.461538461538461,13
5847983244A56BB6225F0E6CE48B8258,0,0,5,15,6,12,8.4,5
1C0AF5475798F990F25A06C5A162E8DF,13,29,17,14,15,21,6.277777777777778,18
D4B90F489AEED383CB46669EEEB12E92,62,105,50,31,32,21,5.235294117647059,51
ABF9D98DA2369F92465B0999E8F3209A,1,15,16,16,16,21,6.625,16
60FDE4704C24824E657A8824DCB7E5D7,2,2,11,20,11,13,4.636363636363636,11
19BF58696B080C6768F1CD0B53B9C310,5,5,12,13,14,21,6.538461538461538,13
2345BDA28F644B3B18B6AE10FBDA000C,3,5,2,20,4,5,2.5,2
D35BA5046077BAF878D3D291EF1ECE65,0,1,1,25,2,3,3.0,1
A1DE82672878364D12AFCED708CBE594,0,0,0,24,2,,,0
46982C3E96C9EDE136642F2CFFB8E34C,0,1,1,13,2,11,11.0,1
AC59FCB1F4D1C6F2A2B982C501CCC221,1,12,11,12,12,21,6.181818181818182,11
3BCAC13975252993F0225A6408781512,2,1,20,21,21,21,5.499999999999999,20
16FF07EB9358971869319784E37FFC9F,0,4,5,20,5,6,3.8,5
1F5867B99AD7126C7145C10C6A8E86C8,0,1,1,17,2,4,4.0,1
F74D98A3BB722F16D0E8D7434A4E0720,8,39,30,31,32,21,3.903225806451614,31
1069CFFF4456B1C9F6E241C6F737B340,2,1,0,15,1,,,0
73980AF5B8954128337EB065CE75C773,7,19,15,16,17,21,6.187500000000001,16
0AF88844C2C33610A65F5E97D8242160,0,7,7,13,8,16,4.428571428571428,7
162B08BBD5BD780CB3BEFD06770C0E85,3,3,9,13,8,21,9.666666666666666,9
92C9E3FA3B35FC5A5ED1B36CF4D114B9,3,17,14,15,15,20,6.857142857142857,14
D3D322E7B225B4161F120C0FC5513CB2,2,8,6,16,7,13,6.833333333333333,6
9A547ADCB43467176979D6C46F3CE8ED,2,1,0,26,1,,,0
8D90E97836FCA9BCAC955FE82EE97E45,0,8,8,20,9,11,6.625000000000001,8
AC091402D73F908F3C0644F44A6232FA,1,2,1,16,2,6,6.0,1
3D9CD866FA73F2327C3B63DF16A477D9,7,27,20,21,22,21,5.0476190476190474,21
A05E5EF28C83231054B9A7009A418438,0,16,16,17,17,21,7.437499999999999,16
058F27C84973779389327603537D2A3A,2,0,19,20,20,21,5.7894736842105265,19
CF3037DAACE8479FB2F996B883D2E669,0,6,6,15,7,14,8.166666666666666,6
12A3E953225ADC9B643F2594F791491F,1,2,1,21,2,3,3.0,1
19DD084E308918630A397806626BC64B,0,0,6,19,8,12,6.333333333333334,6
889AEC5DC980BB98940A783A3D7D6169,18,16,5,19,6,19,7.6,5
8299C0B6A98E8B6F546EBE8917A9A8C0,1,1,0,20,4,,,0
B91E782F05C301E94F1A25A222B100B9,0,0,0,13,4,,,0
E61F923E17D70AD0BE32A973B55E3425,0,0,0,24,24,,,0
07E2BED6E73A995F2E8A6477B5091C13,3,3,0,26,10,,,0
D028EFDD37371C1CF6AEDEEDA0625928,1,1,0,24,12,,,0
367B4AB0F94DDC383EBD38351A368476,0,0,0,13,1,,,0
A11B7FEBBA9C6DD164334EA8AC8D72D3,1,1,15,24,15,15,6.533333333333333,15
963A3795ABA4DACF42DD59933B9C6BE7,1,1,0,17,1,,,0
A8102043D44752FD7A7421E254423956,0,0,1,20,2,1,1.0,1
4B8AAC1D18E988B85857118962BDF35A,1,0,1,11,1,11,11.0,1
539BD685A2A648C47BE6269949FDFF2A,13,22,10,11,11,21,3.2,10
5216AA582D840237FA4923D328A6B292,0,0,2,15,2,11,9.0,2
EDA37064A9C8A6E0F4BBD2902EAF2F59,1,4,3,13,4,14,7.666666666666667,3
871CEF665A392E49675F62AF04E61D76,11,19,8,13,9,12,3.125,8
424E37B1CE68A2B5A9D5667867A90E59,0,0,1,12,1,8,8.0,1
A0DD81B9202FD78D6EBD404FC29A7210,0,12,12,21,13,12,3.5,12
192A561C1E4EA02F999662DC25B50CBE,0,22,22,23,23,21,6.999999999999999,22
9542C5C6A8B0B9CA47A82C94208FDC7E,0,0,1,20,1,0,0.0,1
E34EDCFF8583DDB068D31601E76136E5,0,1,2,20,2,2,1.5,2
47E1DF1FCC927C08B687916E504BD2D6,1,1,2,20,3,1,1.0,2
39747BAB00FDE1905848A8A84ED242AE,0,4,4,17,5,21,15.25,4
6D990FD41A62D7D66C2FE1132C7954E9,0,2,2,19,3,0,0.0,2
19094EE069586B9DB1EE9A19F3B2ECD2,0,0,7,11,11,21,7.857142857142857,7
D9FE431110A259504623EF613CE1B2E7,0,0,3,16,4,11,7.666666666666667,3
E0645733199449CD431F25CB51B61C3E,0,1,1,28,2,1,1.0,1
0193B23074270D1E7949F2E2C45144CB,0,1,2,17,2,5,4.5,2
AA6A7F72AC77956C7423A5303050DBF5,0,1,2,19,2,4,4.0,2
A8D0B4A2D4DC51BABB0F38E6B356BC7C,1,1,1,28,2,1,1.0,1
50EC9FFF4F8AD1BA60B2E357698FCDD8,0,4,4,24,5,12,9.5,4
5BA19E60485B782FD089E01FE6D0081C,2,29,28,28,28,21,5.92857142857143,28
EF9C32CA65880162136061B25D24E05E,0,16,16,17,17,21,7.125,16
52556201335DD5EB3D333F4065503C3C,6,20,14,15,15,21,6.785714285714285,14
204A47997A8388E98434C94FBFDEAE5E,3,3,8,21,8,14,5.125,8
F95CFD681A972BDAEF4BDE54CC38E65A,0,5,6,13,7,16,5.857142857142858,7
B0ACEB283E43AA98F9A0FECB95365E8D,0,1,1,20,2,7,7.0,1
8594313D5731CC432E46A681AFA0082E,0,4,4,24,5,9,4.75,4
E23C95FF567A4BC6641F6910E0F251D6,9,23,14,15,15,21,5.928571428571429,14
50D529BFD3EFEB1C8216DF9A321A552A,8,20,15,16,16,21,6.866666666666666,15
0A85658A9C5FA74C59E796E1228987D6,1,0,0,26,1,,,0
53649082C25AB9A9CD1E394EBBA9CEF3,23,45,23,24,24,21,5.0,23
C43B39EB5999169797AE5DABFC47E1A9,0,9,9,16,10,15,5.222222222222222,9
3BA6FFB771F7F4D745F092BE6EEEB7A8,0,5,5,14,6,16,6.6,5
4FBE02D401C1CB541103D24CF60494E0,3,8,5,24,7,21,5.714285714285714,7
C164946D2A79F9A024EB96B6C555B29B,0,6,7,25,7,10,4.714285714285714,7
FE4191DFEEF30FDF6019A83F2BCC8F84,0,11,12,12,12,21,5.25,12
F10E3ACCFEA84D25297CF6BC75803AEF,0,4,4,13,5,12,6.25,4
07306BA35CEC558CCAB0B84409937A11,5,5,1,24,24,21,21.0,1
536EC6C66D86036EAAA866D5F1F0B040,4,4,0,19,18,,,0
B89F047A090B6F63C33C1E354344F1EE,0,0,0,25,2,,,0
323812E5938A221BFB62827FA7789BD3,0,0,3,16,4,7,6.333333333333333,3
D7FBC24CA5FFC03BEE06BD9132E8E906,0,2,2,23,3,8,6.5,2
5F97850977A4C842ED12522C9F571169,0,4,4,25,5,10,7.0,4
776EE53F3EDB22DF15A7D3E9476C2B6F,1,2,1,19,2,3,3.0,1
A78340D66F35B9692E956BC94D20332D,1,0,0,20,1,,,0
8BB00DF4D414F28B66E557C9846232AA,0,0,0,16,1,,,0
64B21738FE3A8AE1C622C2857774D09E,0,0,0,17,1,,,0
5D024994073A2E5CA554F185956ED74C,0,9,9,26,10,10,3.0,9
0007A96FEDC18F960EF004FCCB5FB41C,0,0,0,21,1,,,0
0B99B2EC1247C09535717331F816D42D,0,14,14,17,15,17,5.785714285714286,14
EE07F52A618BA7AACDCD6712B01F945A,0,15,15,16,16,21,6.800000000000001,15
89A6B0B85DA7B9DD6BE8DC0F4C4768B5,2,8,6,16,7,15,7.666666666666666,6
490F592DDAB95F2590917ACA94B377C6,43,64,23,25,25,21,3.739130434782609,23
C0ACF48C8E0C4C71C16AB8C3F7D21A2E,2,5,4,17,5,10,6.75,4
C1FBD6304EBF93D0548887FCC7C81496,1,1,0,20,1,,,0
BB3040E02E6C3511B5C087BB6870838B,0,0,1,25,2,5,5.0,1
6F21DD230241C6587130E8FA2B5C1420,0,4,5,19,5,6,4.2,5
207CD052F9F4B32C39B534B416E39CA7,1,8,7,25,9,8,4.25,8
475BF363AECBE3A08102A769174D278F,4,21,19,13,13,21,7.789473684210526,19
AB105DC43FD987E62FAFEEDE49BD4013,4,32,30,31,31,21,5.433333333333333,30
9B99A9F5761D77764F4A5F6F70D7FF3A,2,4,2,20,3,2,1.5,2
AED716F2A571507087AF004F331D9949,11,5,18,19,20,21,4.999999999999999,19
0303927EE9F2405FB1F282BFDFA6F39C,0,1,1,17,2,6,6.0,1
A5AEA471A256BF1D08D6BE7BA3907AE0,0,5,6,20,6,6,3.1666666666666665,6
84BDE4711D2042A65A6BD6094CEB2068,0,0,2,20,2,3,2.0,2
451190E39C9F7F33E72222C4C5A9AFF1,0,0,0,11,1,,,0
06146076DEB15AFF1DF48E928B18544C,0,4,4,13,5,16,8.5,4
2EA3F93123057DA5068E086BD1F0CBFF,0,0,2,15,3,10,10.0,2
123FDD59B854B863934954D1CF1C7064,0,4,4,24,5,12,8.5,4
A28385C14982C6DB0A364FB4495F911B,0,1,1,19,2,2,2.0,1
657DB8192329319162CC7F615351AE5C,2,7,5,15,6,14,7.8,5
1E1B4ADDF74F207EB5665FF0FAA02DD6,3,4,1,26,2,2,2.0,1
D1F53693AA457A127407EBA024A07EE4,64,70,12,26,14,21,5.583333333333333,12
86DE047B9767C754EF5DACFA98A3DA63,2,2,0,26,1,,,0
EF67013619BBFA24CAB60C7E25C04C3B,0,2,1,31,3,2,1.25,4
FBA79F6BD809AB3434175CE018A133C9,4,8,4,31,5,3,1.25,4
2F1ACD9322D327743CC4633C09DAA816,1,1,2,28,3,0,0.0,2
01CCB1291A5E38957D382823567A968A,3,18,15,16,16,21,7.3999999999999995,15
D70E3065EC1118DEBFE88EE31CD55FC6,1,1,2,20,3,2,1.5,2
B47685C2CB45A8899BC2403425FE35BE,1,3,3,16,4,7,5.0,3
926364919982EBD2EA4B72B0C06CA047,0,0,0,26,3,,,0
09564171AFF1CB9AB0AB67E7541FB04A,0,0,0,19,1,,,0
782A9B1FA75F15FA0EFE0FE3819BB5D7,0,3,2,16,4,11,6.0,3
A8E58A0B45F20FF957312FA929CBD83F,0,2,3,24,3,9,7.0,3
D6AE9E820354B2F2C1C3D94EF8958E58,0,1,1,15,2,10,10.0,1
45FB547C5857493104687C234EDCDE37,3,19,18,14,14,21,6.555555555555556,18
EAA158AFED33A725887C6365F8238877,0,0,1,14,1,12,12.0,1
7C14D1AD9F8CAC89B3ECC681C500D50D,3,15,13,13,13,21,6.153846153846154,13
0FA8D1004780231ABD7DDA160A8CC3F1,0,0,0,17,2,,,0
3DFD394BDFC90248CAD09488F73A573F,0,0,2,25,3,4,2.5,2
66B4C43E929D586A5CDEF1CF7A4E709E,0,0,0,17,1,,,0
95E26DC518A7793A7E7C9D40BE914111,0,0,0,26,1,,,0
A7722F61A84758A6CAE3E2C03B9EF742,0,2,3,26,6,15,3.75,4
1902E68A3AFC3F43EEE4F2C623049E53,0,0,0,19,1,,,0
EBAF5093E9A03D95EF16CA8A4BE2182E,0,0,1,19,2,3,3.0,2
815B0247A1287E59F6967A070E22FB1A,0,0,7,15,8,12,5.428571428571429,7
E9E82F2867BF167DE00AF414A7CA0384,0,0,6,24,7,9,4.5,6
9B7974B9B46BD262AEAE60134411C1B4,0,3,3,16,4,12,8.0,3
13F95513D979142F2AECF50C8D14383E,2,2,1,31,3,2,1.5,2
D7B94694A6FF42784134FAE87F078CF6,3,3,1,25,2,2,2.0,1
F25DDE52481377EFBB834C3F9205BB7D,0,3,2,12,4,15,5.75,4
3FDEE9BFF53A01F25F3E67B37E627556,1,7,6,26,7,12,5.166666666666667,6
77FF2A8CD53C66744BB808DF8847C532,0,0,1,17,1,3,3.0,1
815C51FDD10896B24BC829CE8451DD31,0,0,9,13,11,21,8.666666666666666,9
991C36DA40ED9BA7BDEC650C2CB17A77,0,0,0,12,2,,,0
A878D073C2BA5201CD00FE73126C9145,0,0,0,11,11,,,0
279BDB8D62122A83EDDD1525D42D50DB,0,0,12,13,13,21,6.833333333333332,12
F0D351F27939E65C41A0CF63ABBD521A,1,3,2,26,4,21,14.5,2
3C3205B946F16D67CC21EA8B4E2B6FA2,0,2,2,13,4,10,5.0,2
4E56840CCD263AE92BA39146D9BE0FA6,0,0,0,26,1,,,0
0E9AFE9FE08F1B652D1853D3647E0C98,0,0,0,19,1,,,0
9603F4B5ABFC1E48B0BF68C83669F845,2,1,1,31,3,2,1.0,2
3E002B57DEB8DB80705F731E8EFB65D5,0,4,4,22,5,13,5.5,4
079E84FBF40BA6D3E74C7E61A7BD4F91,1,6,5,25,6,11,6.4,5
789FAF1B5DC8D6C8D7A26D89C9310C80,0,2,2,14,3,10,9.0,2
ABAACFAF0D1D72E4EB8B4C2B4268AC83,1,0,0,20,1,,,0
34282F6E8653A382A496CEC8937A43E9,0,4,4,24,5,12,8.25,4
A130665EFC589B1567ECF103A0F9F013,1,1,0,19,1,,,0
7D63CB09795D9C0BEB81745A805555FF,0,1,1,19,2,4,4.0,1
F76E97B52858963AC10CEB05BDC185C6,0,2,2,26,3,5,2.5,2
A4777F85E7FB0A35A22427D2B9C75350,0,1,1,26,2,7,7.0,1
19468A045EF4156EE861B01E23F8E781,1,1,6,14,5,15,9.857142857142858,7
242FBE0AE84731DC7E6C3AB9492D6939,0,0,0,25,1,,,0
D48D3559134367D0BD40C59BA363E214,2,2,0,20,1,,,0
A9C9E4B413B6B1CCE711159603849759,0,1,2,17,2,7,6.0,2
4EFC2F6446E6A693394A42EB22FFDC51,0,4,4,22,5,10,3.5,4
00E6EEB65F68677DA154508B5554270E,4,2,0,20,1,,,0
1B4089548FFE120C3A3854FA86D78B18,0,0,0,17,1,,,0
B4FB88D944733030E9F1DB6FEC4C33F7,0,1,1,24,3,21,21.0,1
F62F2A0C7677B8A96DCF67E9624B2A1E,0,1,1,26,2,0,0.0,1
1739B4C38E25048BC220EB3AD19AA0FB,0,0,1,15,1,5,5.0,1
5346C62F49BF2E6C1199456F16604B3C,0,0,0,26,1,,,0
EA65649D24E355416D7BBB052383C3AC,0,0,0,13,6,,,0
D6C134261AA78D7E899BFD430E23A481,2,2,0,19,1,,,0
F68DFDDED5E5330ABACDAED0FED7CBF9,1,0,0,20,1,,,0
7B06044DDABF90C88DD92E0A842890C6,4,7,4,17,6,6,3.5,4
8A1C79A7DD82197D40A2F4845010CF67,1,4,3,15,4,9,8.333333333333334,3
BA8FFAC96E93086FE41CAAB8F14FF008,0,1,1,25,2,1,1.0,1
62D571096D5393BFB10F2D55DA2FC28C,0,8,8,17,9,14,5.0,8
93BA39E9A0084B37EA386E941662C8E1,0,2,3,20,3,2,1.6666666666666667,3
970A21AC447FF867D62132E43ADF1616,0,1,1,23,2,4,4.0,1
788B593C9AFEBAEE6374CDA08F16FAC6,2,2,0,20,1,,,0
E63A7B34B88A0A72F2C78B6C4D68479B,0,4,4,16,5,12,10.5,4
AE5D53D224F0FA50233F5E223D08CA50,0,0,1,26,1,2,2.0,1
057A68AD449C046FFB45343991AEA0AC,1,0,0,20,1,,,0
3201809356871532F133824B040EC885,0,0,2,14,2,7,7.0,2
D7D5886358D5B4A30B9ADE208E7B0B5D,0,2,2,19,3,4,3.0,2
F75605E8553E232C817F0D91FA1243E5,1,1,0,11,1,,,0
EBBE37D9DE648A6BC6E6825879D60D3E,4,1,9,17,10,21,7.777777777777776,9
3A6736FD849F931397512E4693AE829B,0,0,0,11,1,,,0
AE2ADE909FF1934B02DF54ADFE8A74AB,1,1,1,19,2,2,2.0,1
03C3215D97E92953A08680E091AD5B3B,0,2,2,26,3,7,5.5,2
06BB1B62F06BA84B5EBF57B641B7AE63,1,2,1,26,2,0,0.0,1
90A5D867E1902242B0815F727232CD1A,0,0,1,21,1,13,13.0,1
E2B1FAABF9FF1F0726B995BEB126A054,0,1,1,31,2,0,0.0,1
9BE17350CE2FCC97F37016C4722348C4,0,0,0,12,2,,,0
6E9F31601075131D3F2934CC29B0D79A,0,1,2,12,2,14,13.0,2
7FE1548D56FE9B87CE6C14374969B4A9,0,0,3,21,4,1,0.6666666666666666,3
2BA3FB28F994732605D3FE3E3534993A,0,0,0,20,2,,,0
6D77D6B5EF12DD533DAE5A8DDDB1718B,1,0,0,26,1,,,0
8D5C5B4E8611970F0C9F7D81D4E1724A,1,2,1,11,2,0,0.0,1
0FF2FC480E70693841DCBFBB240F2E24,0,2,3,20,3,7,5.666666666666667,3
D0CA234E3EB209D2CA174428E39D9578,0,0,1,28,1,1,1.0,1
27C6D0E213A8121BF39FEA92C19D9144,0,0,0,17,1,,,0
70F3DEFC6F6ED05F6C3F528BF84A52FE,0,1,1,31,2,0,0.0,1
02F5084C948BF823B7261A0353E92EE3,1,2,2,13,4,15,2.6129032258064515,31
F49BD650FE7D2EE004AFE883184CDC87,1,2,1,24,2,4,4.0,1
3031EAD1E9D35306A37A0F3DC3B84A0A,1,1,0,14,1,,,0
5456E29F935C6D32050C7BEDB7EB43C6,4,3,0,20,1,,,0
928BA348F0B30AAB161AD482F3178DBB,0,0,0,26,1,,,0
E188BC55E69A4E985558529BD5372647,0,0,1,20,1,2,2.0,1
A5C7462271AA98D35FF7D99B8171CA5F,1,1,2,12,2,15,13.0,2
B07117EDA8B403CF4854FA87401BDDEA,0,0,0,13,1,,,0
23183C7A7E31451194345099C978F49E,0,2,3,19,4,4,3.3333333333333335,3
DECC7F229E296F92B5F1C66174132690,0,0,0,17,2,,,0
42027F671DAEB3EBEC8ADEE88EDD9D3B,0,1,1,14,2,12,12.0,1
BDBC2F9BBF4E4C3CF703D9A9149FCCE6,3,2,0,26,1,,,0
CFB69F749BBDFB928C7E83704070B1A3,0,1,1,14,2,8,8.0,1
F7A5829A46DA5C638367DE07C004AD52,0,0,0,26,1,,,0
61EDFD61A7CF0B2105C0DF4C332F2A26,6,4,0,26,1,,,0
C2D9D55F57CC8CFF60599E1928594368,0,0,0,11,1,,,0
9991CC7EB042978942427D80E003F2C5,0,0,1,15,1,9,9.0,1
129149FF7C96327D51F4A84AB85635BA,0,0,0,,0,,,0
BA3F0AE0F8CD45F6BC4A8419C8704656,3,0,0,,0,,,0
C846380A33849DBF88BDD6A84F49F44C,5,0,0,,0,,,0
BFC8928C519B73F2A4D56B2869151847,0,0,0,,0,,,0
6BD3D42AC61A8DF651A4F18FC1EFB30A,2,0,0,,0,,,0
0A7FCCDCB40A322AE53E43A0A0D099DB,0,0,0,,0,,,0
01A2266B0F0188829C230F90721CE95D,0,0,0,,0,,,0
26774F07400B197CD441AC02BC2145FB,0,0,0,,0,,,0
CC602EEDFFA463307533BA306F556849,0,0,0,,0,,,0
870C92B74F3F0C15C3D47334111FC041,1,0,0,,0,,,0
8F16EF44815F02AB2DB302D85421D166,0,0,0,,0,,,0
79160F258A556C1D96787AAB1CE8B1F4,0,0,0,,0,,,0
CE14813861706B30558A91E503E4CA4A,0,0,0,,0,,,0
3B8DD1CC3CF0840FE62B7A4CC970E96C,0,0,0,,0,,,0
86A9CA0DA8A199B0C467F5A11270DDBB,3,2,0,,0,,,0
527FD93621710F1CA806B39260FE3CFB,0,0,0,,0,,,0
5AB563BF0A6197244AB4825E36D8385A,0,0,0,,0,,,0
135E1EE10C0871D56162D9AF7906DBFB,0,0,0,,0,,,0
946428DDC28C630D510D763B6A925171,0,0,0,,0,,,0
D0969C741DF2022FBA9602C04823A358,0,0,0,,0,,,0
3AD2A8C14A970E6801417562AAEF3DF1,0,0,0,,0,,,0
EF7021A25B044D76B7A9DFD07074662C,4,2,0,,0,,,0
65C212776D61E6F08B902C2413E96A14,0,0,0,,0,,,0
672B24B51143CC66DCBAA0FA88C38D57,0,0,0,,0,,,0
EA30BC2CFFCAEB738E1AAE3043849EA6,0,0,0,,0,,,0
4D994158CD1D5A989439E6F3151D48C3,0,0,0,,0,,,0
5E2C595CFDF94553EBF5B05F626CB4C8,0,0,0,,0,,,0
AFE22459EBDA201861C54CDFF294D8F9,0,0,0,,0,,,0
2B8592E3DC1B2671FE896113570DA54F,0,0,0,,0,,,0
C150849FDACA6D255D254694ED7B897F,0,0,0,,0,,,0
A1377ED195838AEBC979C6884647383F,1,0,0,,0,,,0
7D47E668B7B94D57C9295BE5B78D26BB,0,0,0,,0,,,0
552EEC64A88F1321FA9055A5C9BB9951,0,0,0,,0,,,0
D56E66A8D0C23689C4A4158D2634B648,0,0,0,,0,,,0
A29EBFE2A58D7C4D6FDA23C3A53742FF,0,0,0,,0,,,0
F91F493916395FE4E16DE98B24388985,0,0,0,,0,,,0
F10AA00646E81909E7CAE8AEF3BCCAE7,1,0,0,,0,,,0
714BD96E2DA1B1738AD40BA444042861,1,0,0,,0,,,0
FC3A15DDE2949AD84BAE18E7B81AB36F,0,0,0,,0,,,0
EDE32DF2AB5191A54E50B6C5BA912C40,1,0,0,,0,,,0
85660D20B8E905621A4D5300DA8B8EF7,12,0,0,,0,,,0
E756534E9A5A1D8F8B7B3B93F47420FB,3,0,0,,0,,,0
938611E83B897B6F877992BF30D3E1FE,0,0,0,,0,,,0
B943C783D1648961B6A633360A1E062B,1,1,0,,0,,,0
DA6552A1A5F58C9F7006A90346480934,13,0,0,,0,,,0
F1555004E0D95599AF2F2B8EA130A9C3,2,0,0,,0,,,0
413D6F84DA9F97B809EEE84F11F06BA8,0,0,0,,0,,,0
17BC57E6847F227FBCE9F5BCE0620806,0,0,0,,0,,,0
B14332791FE5828CCA37796C3B21C182,0,0,0,,0,,,0
A27121EFDB4D0B36B56D3351C3848839,6,0,0,,0,,,0
6B569F3DC7897438B98065194C0E8635,0,0,0,,0,,,0
44A29EC41F674F822031D20DD4653E50,1,0,0,,0,,,0
8F27D7B01CC87E609525B673D1384796,3,0,0,,0,,,0
4A852E300108529B9EBECC2E365F93A6,1,0,0,,0,,,0
BD9C7AC55462505A3C13C5F289429ABB,0,0,0,,0,,,0
A66F392F752B3A59F2644F4158644FF1,1,0,0,,0,,,0
B382EBE95FBB6251EF10D0DF76CE5E2B,0,0,0,,0,,,0
09DC619053B5852E13B6EB34C7C55150,1,0,0,,0,,,0
341B1099394E8F6A449E83AAF861B376,0,0,0,,0,,,0
B77E5EA4D1EC12CB96D87AF3D150E8F7,0,0,0,,0,,,0
3864FE49D1167679890B566B4E09C7B1,0,0,0,,0,,,0
845E3B856C5656248BB47C5282EB9A09,2,0,0,,0,,,0
41E94FE740205CC7BEAD7AD6C44715F6,0,0,0,,0,,,0
630A6B666B333764B46E920EB4624C1F,2,0,0,,0,,,0
E46E7BA2952F6AF1B3CE98FB9604AE9C,0,0,0,,0,,,0
899AF7B4F1104C20F45CD6211D0E828A,3,0,0,,0,,,0
E6228DCFB35D51F80DFED104E56F0C36,5,1,0,,0,,,0
5FBF68565478959E95E88599D883521A,1,0,0,,0,,,0
0E88748F7C8B08E50A8DB8E47AFF711A,1,0,0,,0,,,0
668B0C9435F45D0E54A89B8B16112EEE,0,0,0,,0,,,0
187A6DD8CA6B0EF64729997151BE3412,0,0,0,,0,,,0
7BE1B3692A7FBE900D3323593DF8CA52,0,0,0,,0,,,0
3C9C77AB77558FF6E77926CC9A00544F,0,0,0,,0,,,0
E8A6F486759AB51EB8EB75B74FB6875B,0,0,0,,0,,,0
98F42B234B1F169AC6067EC4C3ECD72B,3,0,0,,0,,,0
F2BB7C520E756C7E46A06C7D909483D3,0,0,0,,0,,,0
5050A23C57CDD81051C3B1D54D545334,0,0,0,,0,,,0
804FAFFD6840372D64162A82E288E872,0,0,0,,0,,,0
273BECA0D1107657F707D82E5A2C4927,0,0,0,,0,,,0
1777D010B4DDAF85E974711866367FF2,0,0,0,,0,,,0
5C8765821C789489DA0A3EBC33AD4C04,0,0,0,,0,,,0
73FBC8B161890A592594AAC902A33471,0,0,0,,0,,,0
94C1E75B0AE918D4B0503F2A9A4F0785,0,0,0,,0,,,0
26DC8B3BA60E0AE3BD992A7F2396E490,2,0,0,,0,,,0
91EB8F5C7B433FBD29C7EC7D842056A4,0,0,0,,0,,,0
305FCDED423D249A742A142A6266A857,0,0,0,,0,,,0
8D8329B1A8BA9605FC4125ABECDA5910,5,0,0,,0,,,0
EEF0761D89B7CC297357E38110605AA1,0,0,0,,0,,,0
F8E4671E42A26EF594C4383C7844339C,0,0,0,,0,,,0
D4710B794E9AAB607825E5F6B44D60E0,0,0,0,,0,,,0
3F14865EAFF5B11D989E70BEB5738896,0,0,0,,0,,,0
81719AF70E3B09C0C5875A1509CF5CAA,0,0,0,,0,,,0
F7E62C26710316F40D421BB5904C9407,0,0,0,,0,,,0
E33883D226CC8B2DE9F8505663DCF390,0,0,0,,0,,,0
678D619FC6F6894707551C3636227D85,0,0,0,,0,,,0
0F06863BDEBE112462E3F4FB35F69E29,1,0,0,,0,,,0
1EC26C712B9C2BF7EFE441F702767E04,0,0,0,,0,,,0
05ADB5880B9ED3FC4E47DA73F309A891,0,0,0,,0,,,0
8929166A76619022D7704BC45C2D8797,0,0,0,,0,,,0
CD268F5A5F05F746C79DAA2D633E1A41,1,0,0,,0,,,0
0D849F232D5703CAAD8AB03F0FD78243,0,0,0,,0,,,0
51405A43B09960E953CDE5235220BD80,0,0,0,,0,,,0
7AD666ADF83A65F3F883839685FE6E31,0,0,0,,0,,,0
4CE1B69F953B54B62E89E15B12EEA28D,0,0,0,,0,,,0
1E346BDCF36C730D076D6744ACFC439D,0,0,0,,0,,,0
97891CAFF0E3D01EBFD2286912E8E445,0,0,0,,0,,,0
6DAC000B55D6896BE5E41B4D09E6C3DA,0,0,0,,0,,,0
D83288A57AB06977CB7CAFB67B243313,1,0,0,,0,,,0
022E06245F3B65F6CAE2EB5135C91DF8,0,0,0,,0,,,0
1893BBD76CAC18E9A165EB7B1BF7DAB5,0,0,0,,0,,,0
DAF141F472D17743253F4D63CE62E81C,0,0,0,,0,,,0
8452B10FC45B44EB9353EE14BC7A6EFB,0,0,0,,0,,,0
D49A1B909A01F1EE7CB7C879A58A5068,0,0,0,,0,,,0
9F3EAF490630617EF2CB47A8BD2CBBCC,2,1,0,,0,,,0
4CD16582B63A224A5CCC4DC8C1D046EA,1,1,0,,0,,,0
BD89831EEBE94BD78AE2D3CF0409B971,2,0,0,,0,,,0
1D9AC712115C656565D150BA3D47A519,1,0,0,,0,,,0
48588E0FD00EB954989C91667999D598,0,0,0,,0,,,0
A0D023B78197471C25961C29691BEF85,0,0,0,,0,,,0
0EFF72F3A7E2118F0B938C4595B4166D,2,0,0,,0,,,0
4614975AF9A09753FCD516C0BF0F9FBC,0,0,0,,0,,,0
F0D69C1A2EDD21068162B3E18D07A030,1,1,0,,0,,,0
60D24FC9BFCDB2BD016F57EEE43E1A29,0,0,0,,0,,,0
0FC3D884C1BF8A8BD65B0B172C4D5F68,2,0,0,,0,,,0
30F6F3C74D5D408E5F9A76E20F4D2BB3,0,0,0,,0,,,0
4F2ADFFE99148C638F6ECBF59AFBB5AB,0,0,0,,0,,,0
EDA2DA78125DF3179290696AA8C3E689,0,0,0,,0,,,0
6BFD41CC10EB8CFDDFE0F4BDDA556E6D,1,0,0,,0,,,0
2B35B462902E48F2B0CFE0E9EE9FF9B0,3,1,0,,0,,,0
475DFBF5C4A3DADE98D6CA1D105FA1D3,0,0,0,,0,,,0
A9240EAE6C0293C7FA006361DBB7723C,0,0,0,,0,,,0
B0300726CD2F14A4B364F45B7BAFA532,0,0,0,,0,,,0
A6850AA20ACA62C3E0088E06AA809ACC,0,0,0,,0,,,0
9DF8895DFCE7F997538DC7C7A9C3C7F8,0,0,0,,0,,,0
9AA820D68B352AA4C4D4BB79629E5E15,0,0,0,,0,,,0
8BDA630D33DB832A5864B1057194E239,0,0,0,,0,,,0
FEA528B0628305AC9A942F3160768A46,0,0,0,,0,,,0
FCF9A81ACABA535ADA3D52A9557891C9,2,0,0,,0,,,0
414AC617416B42A94DE7A3232E119727,2,0,0,,0,,,0
7EB324BDD7C24A4ACCC2A2B1E7F4A377,0,0,0,,0,,,0
192D51585A910517C72259577C35AAA3,0,0,0,,0,,,0
E92CA3CA7851F581F85E0E8E04144A22,0,0,0,,0,,,0
58751EC5EA217270D22A0F903CD3A362,0,0,0,,0,,,0
5ABB4097B0BDB225C2C7D9247F1ACA76,0,0,0,,0,,,0
B285B6DE14EFCE4E5F460B28881666A3,0,0,0,,0,,,0
6A81786CDC6F931B430B09D7FFDE8BD7,0,0,0,,0,,,0
985BFE68054885A0A754B19AF92D890D,0,0,0,,0,,,0
1A7A96036BE594885DD393BE84DA2507,0,0,0,,0,,,0
576189D6FEECFE5071F4B9209DE951D4,0,0,0,,0,,,0
B6DC4C7978DC1F68C292816EC5104E3E,0,0,0,,0,,,0
3D2787408CD80B30103939EB61746866,3,0,0,,0,,,0
690730C8110E9A41E7C247A8AE212BFA,0,0,0,,0,,,0
1181F8E1F7926B07A503427D76E34082,0,0,0,,0,,,0
0217CFB14E415205AE6B110F64C9B713,8,1,0,,0,,,0
B523FFC1C3F60205748C136FBDFF54BD,1,1,0,,0,,,0
CAFC045158417855C2CE341739365156,1,0,0,,0,,,0
E1E0E2DAE6A655CCD99B06DF7C0C8B86,1,0,0,,0,,,0
A131C7B0E39CEEC47EB746060FF4D598,0,0,0,,0,,,0
6D32B47F6F516304209375F1D0CCE5A3,0,0,0,,0,,,0
E58D5F9411E18E87B6F323B73A7BDB42,0,0,0,,0,,,0
048D461F5F6A2437E33E1896ABD1507A,0,0,0,,0,,,0
428FFFFCE9294F6707BE5D9DE31171FF,0,0,0,,0,,,0
21A8AA9B759F44F04F8BDE4AEB9CF4A9,1,1,0,,0,,,0
FA900CD1BD904AE01C45ECD4A2D7DC9E,1,0,0,,0,,,0
602A2FFC84795B341391C95BF6BFC4B6,1,0,0,,0,,,0
2D2FD2C9E69864274EBA7456E741F1D0,0,0,0,,0,,,0
16BFDFB46D648521C99ECB0AB1D919A4,0,0,0,,0,,,0
DFEBD02FB7C8AC3DC6AF18E3E8A64B80,0,0,0,,0,,,0
93E117D728FA61CDD42AE547CD74E89E,0,0,0,,0,,,0
C60EACB47CF25AEEFD16C5E332078852,6,2,0,,0,,,0
FBFD9C7791438F40A3DB0159559920C0,0,0,0,,0,,,0
7BAB96908472EF544DAC0E1951E96E84,0,0,0,,0,,,0
C12E9D47BC1668731AB548A93C868F19,0,0,0,,0,,,0
E74962BF16C5828BF2C9E1C53AA26E3C,0,0,0,,0,,,0
667E5135A25E1DDBEF9F65ECAB6DA3B1,0,0,0,,0,,,0
E1DBCB1A95BA7600CCC8FC7600E999EA,1,0,0,,0,,,0
8EC570B139B21E7F732BDDE2FABF2B04,8,1,0,,0,,,0
3A0846C94F71335830C66D4B5383B6E3,0,0,0,,0,,,0
77722C6A256D424D481A95453DFFB57E,0,0,0,,0,,,0
C257F5C497C17E2661785F4AA970A532,0,0,0,,0,,,0
8C1CB07E72786B08197308216F1A43B4,0,0,0,,0,,,0
6E0CCDFA3DE407F616D22C8718D41EC1,0,0,0,,0,,,0
79A3DDCD81CA48AFE625273AA144DC56,0,0,0,,0,,,0
BB4B7F8EB20FC2E38E2891C3052E7229,0,0,0,,0,,,0
E2A653542E03CF823E7F19FE9CD209AC,1,0,0,,0,,,0
F8EA5B6E52333E38862E0C9B22C5DF79,0,0,0,,0,,,0
5835395BAE5D85478439107727B8EA99,0,0,0,,0,,,0
9D06025DC12257A7814E9B4CA3529990,1,0,0,,0,,,0
ABC2496F40B4881807CD412A0B5F0327,0,0,0,,0,,,0
34949061E363020D1DC599AF293F4376,1,0,0,,0,,,0
C2F9C29AE66D5B80EBB2490AB11273B8,3,2,0,,0,,,0
7D8289195211A97A91C96AEF728E9238,0,0,0,,0,,,0
B8A8CED6E1B57D2E19FA9EA56FA07502,1,0,0,,0,,,0
ABA6662C69CA2626A96D98D29EBB6DB2,0,0,0,,0,,,0
7D87123EF025F4B3A92359C10CBD8039,0,0,0,,0,,,0
B993A431A2387544D245038CAAC2A80B,0,0,0,,0,,,0
F9F7DDA79A4265363A0B0B361C197338,0,0,0,,0,,,0
2979FB9644D97360A8278692D8F834F5,2,0,0,,0,,,0
EA36A615F8DF71A3DCD4443FA115A94F,0,0,0,,0,,,0
61B820335FD47962D52C450894ED8E79,0,0,0,,0,,,0
34B4DED3DCA27A52D5585183C8EA186A,3,0,0,,0,,,0
5818B5DEE7C4EE35F531FF5ABE0475CC,5,1,0,,0,,,0
127910656B23520693D3B0AEED27811C,0,0,0,,0,,,0
13148B50F2A87AC0E5257F3529ABFB3D,0,0,0,,0,,,0
D45DC0F993CB0B56984821FB09FD34D9,1,0,0,,0,,,0
EE79AF9F47954120874E9D129210C764,0,0,0,,0,,,0
FE970676666540EDA4BCA93931BC51B2,0,0,0,,0,,,0
86B8B276CF182074D6995751D2171075,7,0,0,,0,,,0
5BE3288D3985355E8F1F139F8FFA0014,1,1,0,,0,,,0
CA32F6CB294613C0C6BFCE75C0E684D2,2,0,0,,0,,,0
BB28E0BF788328D12CFBAECB84A3F37D,0,0,0,,0,,,0
021EF09A43C35F5B16BA132137CE4CAE,2,1,0,,0,,,0
80F432F88351EF7D83599A919231793D,0,0,0,,0,,,0
3B4005063B8A2F3C0F8F8E13E6AF36BD,1,1,0,,0,,,0
9EAE57B13C995D8EECD8C6394CA3D058,0,0,0,,0,,,0
25A2EF10D3114392D96650E16A1F02CC,0,0,0,,0,,,0
7BD0C6A305B8C38947813CB34A9ED049,0,0,0,,0,,,0
C790B256C3E04D7FD4018457FD366E83,2,0,0,,0,,,0
676D390F2BEE51F6EC40C81D19C6FBC3,0,0,0,,0,,,0
07BA1D5FAA047D05359113E20FC8BBB9,2,0,0,,0,,,0
1E6D3E39AB49628F2C82C7FEC60AB176,0,0,0,,0,,,0
399CAF79ADAD6E99DF95A8F27905CF5C,3,0,0,,0,,,0
24551FFBFB3A9A53C3AD4732802D3019,0,0,0,,0,,,0
B10A33E817460B2DA481ADE27C6397C0,2,0,0,,0,,,0
E092648E99B9423335F82B8925F01D3F,1,0,0,,0,,,0
816D85A8FA83F60E22930D020F20DB15,0,0,0,,0,,,0
9E1E6984A03648C9F1A673C51640BA24,0,0,0,,0,,,0
B54ED4ED7A122CAD69ED8771E62F4D72,0,0,0,,0,,,0
C74E5AF2DAC240FA7F3B1612D5AEAA78,0,0,0,,0,,,0
B621164BDFE39D8021DDA4F652A284A5,0,0,0,,0,,,0
38AE6258A71E0D270D87AF7EFB0D419C,0,0,0,,0,,,0
8E8745CADF1ACC6EE7AADA7A8B8DF1E4,0,0,0,,0,,,0
989238B177D187289D93F47B268FD48C,0,0,0,,0,,,0
C44B8295FD7302BB0BB16DEA2FE0D2FE,0,0,0,,0,,,0
57D0CBDE97C46B7A4BAEED7F33B82320,0,0,0,,0,,,0
7CB9FDA17938289CE3019602888EEC58,0,0,0,,0,,,0
0CAF3F73E109DC031A40B4EC089253AA,0,0,0,,0,,,0
1D89281562AC3FEFB76A42ED406BF1B5,0,0,0,,0,,,0
D2E3A8F0E91497A3C4748ACFBD47BE06,1,0,0,,0,,,0
06CA59D82946D37E6ACDD0EF9A19B8CB,0,0,0,,0,,,0
9C82775812A959D5A1446FDA75CC2C88,0,0,0,,0,,,0
530909CFC22AE02813B693D7E58497E5,0,0,0,,0,,,0
5C17C05950C71938CFA82EA7C517748B,0,0,0,,0,,,0
A232A112349100CF520C1B717217EA99,0,0,0,,0,,,0
4FCB0434161F0EE1E92046C850A90DD1,0,0,0,,0,,,0
52FD02951B8655BDEDFEBC6BEDD1B311,0,0,0,,0,,,0
D514BD931235C2F4E3204772D4C2E47C,0,0,0,,0,,,0
8E10315E9B341E6371BE0055C7B29A68,0,0,0,,0,,,0
B74A17D588E52BEA532D551DB626EC4B,0,0,0,,0,,,0
27391CAD94565FF9476C31B12C7F005E,0,0,0,,0,,,0
1CFFA77ED72A9F56DC1F26007DFFC222,15,2,0,,0,,,0
A09FB36DC9236D7C16606A65AB9F8799,0,0,0,,0,,,0
FC75AD23AC7179F7D7354DF389F9189D,0,0,0,,0,,,0
3A5D4B43580D9631A7F35A64181A35C5,1,0,0,,0,,,0
9E01D1A09FDD23C5CD84D1F955B9EBA8,0,0,0,,0,,,0
B6A174B1E55B3CB60DA1B9DBE341AECF,1,0,0,,0,,,0
3C3AFC055916156465DC1A481D9E9D04,1,0,0,,0,,,0
4E3B73B0B4A86C6FFC028AEDB59F99E1,1,0,0,,0,,,0
E33EE4D9090447D3981439CDA8910A97,4,0,0,,0,,,0
D346B043BA806C60D58A1D9E457E141F,0,0,0,,0,,,0
BF42A2AB482FBF15B10B48CD50B857AC,0,0,0,,0,,,0
8FC196E4C1D45A3383F2D18FE260C739,0,0,0,,0,,,0
477B10057CE20CBC8BCD3AD4F75BA95C,0,0,0,,0,,,0
8F5F4C6396CC412AAC603E831AA6D7A5,1,0,0,,0,,,0
70C1D58A95740E6911AB3E9B80984688,0,0,0,,0,,,0
1D405DBD25AE802AFF5E9FF8280F5464,0,0,0,,0,,,0
77F90D0679B70659DCFBED317724FAD1,0,0,0,,0,,,0
C9BCF3DFD6FD2BF526ED9E4CB1C90A8D,0,0,0,,0,,,0
A3E189CF7FCC06260DFFBD1310132929,0,0,0,,0,,,0
2ED84A94850A214B9C959E565638128B,0,0,0,,0,,,0
8510CF74AD923FCDD83CBCAC59274293,0,0,0,,0,,,0
92C9F688BF3EE64809ACF94BE784339A,0,0,0,,0,,,0
7CBBF65B55FA7B6B5AABF0D932DCB7FE,0,0,0,,0,,,0
B64651A9534772E715E33A6E57A5AF39,0,0,0,,0,,,0
7DA6204F1EB882A8B185ABECFD54138A,1,1,0,,0,,,0
1F3B752917E1EC82B3352D7F3DCE81E5,0,0,0,,0,,,0
4E2619B108A45645DD3634769ED557EE,0,0,0,,0,,,0
EEC5970AF0A2E7CE993A6A0499FE23B4,0,0,0,,0,,,0
360DC411167B7D9398DB138B8A90C8E0,0,0,0,,0,,,0
B97A8AA504A79A5BE60F328BC6C34D45,1,0,0,,0,,,0
F6AC594A3F4790F3308C9283C314A205,3,1,0,,0,,,0
55919220BC69959F31DFF2581CE31B6E,2,0,0,,0,,,0
CB22AC559FAAEF09B1CC328E1E16EB9B,0,0,0,,0,,,0
5458D74B4B3B6A11DC98ABDC2F7AA0B1,1,1,0,,0,,,0
92A6AB3F6D3711E3C1D0D07AE395FE8D,0,0,0,,0,,,0
0B54075D3F149377C6D802237E9BC290,8,0,0,,0,,,0
DE83C52DBCD401E9FCEE79F25A63B3E7,3,0,0,,0,,,0
6F0E3E2BB584F1E54058BDBD0F0DF797,3,3,0,,0,,,0
5DB6F7FCDD09598B5016CCBBDCCCB126,3,0,0,,0,,,0
75057433AB661E04DC43892C5E0063F0,0,0,0,,0,,,0
89324E45EA7884ADFAABC65EF92ABC71,0,0,0,,0,,,0
54681CB5548233C076833CE54096394C,4,0,0,,0,,,0
615ABDEBCB3842A6FF97F3F227F83F85,0,0,0,,0,,,0
8DDB60AF35B372F1A7462E3DF838A845,1,0,0,,0,,,0
87117585D89C8E9E1426F59201504C4F,0,0,0,,0,,,0
1DD1CCEEEB11004178073010A88529A3,0,0,0,,0,,,0
1262B2B89A18B819863D056B863E1E18,0,0,0,,0,,,0
510FF9A70DA2FF454B8DCAB52C195D7D,0,0,0,,0,,,0
5BEBE00C69EFA175E81BEBE5B31AC394,0,0,0,,0,,,0
ABAB035D29747031CFA40DB07F42424F,0,0,0,,0,,,0
38A7BCA3ABF4D3E2D7EF25F6C7A69E10,1,1,0,,0,,,0
F35129DE3F84EBF63CA408F2C976D178,0,0,0,,0,,,0
4FBC210B0A7C0D4D78FA14A1DDAC9C7F,0,0,0,,0,,,0
6E510D0161CD2C457E0B5AFA66B4411D,0,0,0,,0,,,0
243C80541F0B523A5DCC543C770A0B6A,2,0,0,,0,,,0
0670A0795F7D032D0CD50FB6D0415309,0,0,0,,0,,,0
3DAF70283F8989D4516C9690430E5535,0,0,0,,0,,,0
3F1216E68EEB73331C3EC09DA761C0CB,4,3,0,,0,,,0
6BEB06D064B7393657B25234BFF14E1D,0,0,0,,0,,,0
B51A76980A3C14D103A3BBC2EAF3AB62,0,0,0,,0,,,0
B8CC4ED7BDD90B000F3A1EDA0306D686,0,0,0,,0,,,0
08BBB3E2C4AF376339E1DA60FCF104B6,5,0,0,,0,,,0
1B6850F165B43611BD65261AF7C1B7F0,0,0,0,,0,,,0
A91EEBAE50285064D6A15D1429ECFBD6,2,0,0,,0,,,0
D92CC8121BAA97CD41756E9D9515C230,17,4,0,,0,,,0
F1AF5EB0FF9E05FFCD18CA5040136123,0,0,0,,0,,,0
16DC5BFBFA0881ABC195ECBD05B32A35,5,0,0,,0,,,0
B9E1219C12A42ED4C857E15A191B458D,17,0,0,,0,,,0
F1FD6A56DA168AEFBD1F49579C1C4A3E,1,0,0,,0,,,0
223BF1D360715CB9BA85B0DDDE39D589,0,0,0,,0,,,0
9C0990861A521194B6EB0F48FF38F373,4,0,0,,0,,,0
88468E96D9CC4B5048B38503D61CA3F3,37,29,0,,0,,,0
1809AEA71696665B52B92B1FD4F5EB03,0,0,0,,0,,,0
ABA7CFC415E018E52D35C4F2CAFACF71,1,0,0,,0,,,0
550200926F0A44A4EF9C6F10594CD98D,0,0,0,,0,,,0
BBD445CA32DF129E21FF7BB97DC3630A,0,0,0,,0,,,0
AABE39181F67346616C65751EEB1277F,1,0,0,,0,,,0
8FF0BDCB8D307ED7B33EA2905F1A8C8F,15,0,0,,0,,,0
61EF597F15050288486840AD612ECD6B,4,0,0,,0,,,0
C47D16C07854423452967898E53A3A89,0,0,0,,0,,,0
F12CC3AED1B1815F6222E8395E1A0F1C,0,0,0,,0,,,0
7BE300A0FE5A1F8B8C9393C1C3D548B0,0,0,0,,0,,,0
BA39E67D1B47174AD584D913F7F1B500,0,0,0,,0,,,0
1231F09004F009747E3D136631059D07,0,0,0,,0,,,0
1825AE6910C90BF175F655FC714BEA99,1,0,0,,0,,,0
AE19D307A85F9B136CB6173C5AF77223,0,0,0,,0,,,0
064207C08B675969153D238E75A5A539,1,1,0,,0,,,0
B1A68CE17FE874CA7C589F05A39729E4,1,0,0,,0,,,0
734ADBB5D0874A5007E58B2F99625EE0,0,0,0,,0,,,0
EC873C7A726C4F4D66BB794AEFA98FD5,0,0,0,,0,,,0
D1B89EA17AD023F971852A9BE20DAB2A,0,0,0,,0,,,0
2560AC09ACF2604DA20EB98720286DF2,0,0,0,,0,,,0
A90981E1E099101E261E3B33C8E3164C,0,0,0,,0,,,0
D9A8A8173D015C674856BBCE9846C236,0,0,0,,0,,,0
E41AB8ACC3DC64D3EBE9864B817651BE,0,0,0,,0,,,0
4106EF247825453C9AF8B3DEB3599036,0,0,0,,0,,,0
04349A66448260F425871B01729CB6CC,0,0,0,,0,,,0
3F67C1F4B15E8EAAB875B4D9B716DA06,0,0,0,,0,,,0
26F3A02677C6F21DFE2A00C213662D8D,0,0,0,,0,,,0
53B72ACCC8E47FB2057DE08C75A1E39B,1,0,0,,0,,,0
8922EF3F4689984CED23D78FA6E78570,6,0,0,,0,,,0
29C78D355F988D6987A311DC76FF7B4E,4,0,0,,0,,,0
73C053C66F00957D535A297A2486405E,1,0,0,,0,,,0
79442435916D04FB3A1C2088D5941C38,0,0,0,,0,,,0
49ED9A43984A2CEA40FBABC2F9A5A30E,0,0,0,,0,,,0
5650DAE90041347FBDF416121636345F,0,0,0,,0,,,0
674B9B7B716A40F1C6396422F5211BC2,1,0,0,,0,,,0
323B8431E0DFFC6B38C1E59636C810B5,0,0,0,,0,,,0
DF79DC9908B059905FD372C1D831F4AD,0,0,0,,0,,,0
6D166BDC51593C0DF21C4F14117868C1,1,0,0,,0,,,0
534D8E69233D917A9A5BC15E3953FEB8,0,0,0,,0,,,0
2CC293EDCBFA2822994DAFA833FD8B29,4,1,0,,0,,,0
7BC2E09691451A9FE614E109A0B4FEBE,0,0,0,,0,,,0
6BFD3E06D9C82ACB070A6C891A6AE15D,3,2,0,,0,,,0
EF6390879C794A034BEE8A2E7D1ACF94,0,0,0,,0,,,0
1167DD4FA4E3968B5AB48BF12B7D5C05,1,0,0,,0,,,0
970461AAC9D16D75C936A421BF403515,0,0,0,,0,,,0
99330D2A50823B8A176ECD35C7E737E5,0,0,0,,0,,,0
94F6DC30FB534AD3F29E89620F53DAB7,0,0,0,,0,,,0
7DBF1D95DC6949D28514471D9090DEE0,0,0,0,,0,,,0
44F24A68F3BE7978C6E9432C90E97279,0,0,0,,0,,,0
C9A7C0EA932E2987BB2D0516729A4EB5,0,0,0,,0,,,0
81BED530EEBE21DB1728B18F33232084,0,0,0,,0,,,0
E4D89D090501624E22524423564C3D50,1,0,0,,0,,,0
29B7A1FB2655876354F18D9A037DC0F9,0,0,0,,0,,,0
D88929586E5166ACCF1A6F037A2DB293,0,0,0,,0,,,0
A76DFF59B41B2F73F724C759251A98D1,0,0,0,,0,,,0
48B8D07CFD123091DE6F4E514377C273,2,0,0,,0,,,0
D5313DAC9B110CB8ADC33BCC7EC483AB,0,0,0,,0,,,0
5C3E52036EA54498B6E571A50A45ABFD,0,0,0,,0,,,0
7A8EEB91B4BD982BA09BBA6585DC5CAE,1,0,0,,0,,,0
2B0D8BD127A58843F3B4F8C8FE50CD77,0,0,0,,0,,,0
0F66D1F804DD087B999A4C74CA29B329,0,0,0,,0,,,0
63C6445B323A39EAAF4990BF91D28F00,0,0,0,,0,,,0
0E878043768365009B380F613F7012E4,2,0,0,,0,,,0
73DC8B331E7B01DB868ADD0159F5CE14,2,1,0,,0,,,0
2283578E3FF06CD8B30065DBD4ACC937,0,0,0,,0,,,0
61A5440020BB082BA6F70AB06B9CACF2,2,1,0,,0,,,0
98FFBDE1847C9AFB61C4722219EF8C9E,0,0,0,,0,,,0
12E5A4FAFA8A2238DBA086F3C1182A34,1,1,0,,0,,,0
496A8B708A965F79AE17AC4833F350BC,0,0,0,,0,,,0
4F6D38D9E1925C522B79DE0034009E10,5,0,0,,0,,,0
5DDB37708612903F926A81786E7B0676,0,0,0,,0,,,0
8B025029A4D1695C7BB0AA8BCF15901B,0,0,0,,0,,,0
0EBFA4E65204368F8AAAE195C7D070DE,0,0,0,,0,,,0
789AFED71977CA2E08FC380238CA1FF4,1,0,0,,0,,,0
4CB2982D99040F4A2FA067BC30657D61,0,0,0,,0,,,0
E0ED3E64A26577EF2123C579145D782E,1,0,0,,0,,,0
E9E5F240CB8C342D17732D87C7B02730,2,0,0,,0,,,0
9FCA0F0AF9D385AB53DD8742397B25ED,0,0,0,,0,,,0
3CDAF873CE441A732DD5B784A0415E9F,0,0,0,,0,,,0
0D2B1F0EE8AD9D9C30217F540143D6E3,0,0,0,,0,,,0
0336A697B59EAD3A824C27BE4523C5D9,0,0,0,,0,,,0
3667B20584399F5283AB3D087D338154,0,0,0,,0,,,0
83C30A879CDE4E2455C98C186171FB10,0,0,0,,0,,,0
62CA1B7E1A79F698EEE303598B86BA48,2,1,0,,0,,,0
A52044D72FBD4D667F7E800DECD85554,0,0,0,,0,,,0
D3E97A7983F62AF9BE6E036E014CF6F7,0,0,0,,0,,,0
37DC3F34CD3CF0D57CD6A753364BEC30,0,0,0,,0,,,0
31DB2824AA917837DF37D8671B6619BC,0,0,0,,0,,,0
4F09BB9CBF9E3C4A742B1D8B42D2E60A,7,4,0,,0,,,0
AADD15EC50DE974E1563DFCCBE5A4938,0,0,0,,0,,,0
7D2B206A0B861F0D79786D4B4EFF7ADA,0,0,0,,0,,,0
74955A94579F8C4FA434DB739475AECC,0,0,0,,0,,,0
04057328B7683ABE11C40CEC50ABF2C1,1,0,0,,0,,,0
397A2AD8F49D6D99AE9098F9034F9781,0,0,0,,0,,,0
F9A61641CEC9B682506B09C14ED1B861,0,0,0,,0,,,0
C1B9C5F9E836A2859601D26255954254,0,0,0,,0,,,0
848E1425B489EAD39A695D40AA83B384,1,0,0,,0,,,0
018D9A140B327998E49E56FF12ECE76D,4,0,0,,0,,,0
C09F65F2853D03DE23CFD90F97429735,2,2,0,,0,,,0
5DA9B900E7C9F71714FB1AE9DA631C83,0,0,0,,0,,,0
E6E7FC8AC6D32935DA5ADCFFD14CC3A8,0,0,0,,0,,,0
B0ADC78871FB92142A9D9C2BCB94431A,0,0,0,,0,,,0
75C58AB5C03C60AC723FE1231DCA9FD0,0,0,0,,0,,,0
83087EBE7E2001DD1918810489389A6D,0,0,0,,0,,,0
A7A41CDD1410D824208F8EAAA8E336C0,0,0,0,,0,,,0
691AADCD2FBC6C0DE01C29BB45671783,1,0,0,,0,,,0
82660A783170BC1C45EEAB3B713B6C5C,0,0,0,,0,,,0
28778DE05FE8E9B32044B749FCDDB70D,0,0,0,,0,,,0
EF651AFA508A4888B92578704BFAC986,0,0,0,,0,,,0
6040FA99B7E38468A771643D0702322F,0,0,0,,0,,,0
EC3BAA23738340386BBAD8114221E1D7,0,0,0,,0,,,0
E0189D91AD0A138AA65CB66338B82161,4,1,0,,0,,,0
6551148F681F9DF807FF3624EA5DEFA8,0,0,0,,0,,,0
908DFD3897AC0A7F7CB8DF14EB1EF5A3,0,0,0,,0,,,0
CF788D99F3611C9C60EC709AA8368C09,0,0,0,,0,,,0
5A1DF2945B029316628B620C7DFCED59,0,0,0,,0,,,0
C051F723B758D613A4D974D74700BB80,0,0,0,,0,,,0
FCE49BB9959D7A63E9A90DCA139DBFDF,1,0,0,,0,,,0
FEEC515D32002A998761352F0E3C1172,0,0,0,,0,,,0
47F23A1C0193436E7C40B44712ABDA48,0,0,0,,0,,,0
D0B47C51E0A61F1D0F25F05396D8ABA2,0,0,0,,0,,,0
8984ABEF079304EFD2A1E8CDBB8D55A2,1,0,0,,0,,,0
A871A8E10ADB6EC112181C5894B4EBB7,0,0,0,,0,,,0
A586F65F371E79EAD0099F6CCB548161,0,0,0,,0,,,0
9F1376462851902E6E646F3E46F86C46,0,0,0,,0,,,0
15B80FD06C15A48A1A78E5C30FB25C94,0,0,0,,0,,,0
080FF80F8C5429D041BB10E5D9A53C86,1,0,0,,0,,,0
898A388994F84492EC0082F7E46C290A,1,0,0,,0,,,0
6E5FFAD88D137593C21ABB0BC8455904,0,0,0,,0,,,0
FB581F2AC74E08CD38CCAAA9A99F0217,0,0,0,,0,,,0
45B8BA6D55069F3A27F98BE6C0FFB544,0,0,0,,0,,,0
1768ED05ED22B2992647C7EB51EBA3AB,0,0,0,,0,,,0
552965082BD30DCB6DEE83242EB4E40D,0,0,0,,0,,,0
AC0C85700506DC00E590302F7BEDF065,0,0,0,,0,,,0
6A5F60408CAFD78C48447547A30BA926,0,0,0,,0,,,0
01FEECF41B9535FCB85A07D413D8E47C,0,0,0,,0,,,0
0796A4B0899BC594A235DB5F4CB0DF84,0,0,0,,0,,,0
A482C98206489AD9E3735688E9F9A978,0,0,0,,0,,,0
CF4751CD0FBCEAF8739A75016316985E,0,0,0,,0,,,0
459D3FC4EB1392557C1DB1A3CC19D4A9,0,0,0,,0,,,0
919AAAAF76366977FCF85261447D3D0F,1,0,0,,0,,,0
C1ACA74F84373468E10A08B1BF08455B,1,0,0,,0,,,0
D5ABE63A61121A541D92DD034EA06936,3,2,0,,0,,,0
B7A053306FA08625B8046747EE3FB0A2,0,0,0,,0,,,0
AEA5BEDF425C70ECD0E4EA2F546CD82C,0,0,0,,0,,,0
E5E7576642F88625FEAC6606CE1DD50D,0,0,0,,0,,,0
BAE0DE08F58EBB7CC6C82645EDFD49D8,0,0,0,,0,,,0
BD00D7FF37459966D55AF2450B456CB0,0,0,0,,0,,,0
13730A9F1D6D00D1E30CFD1F1E047A8C,0,0,0,,0,,,0
EE1418477E7207EEC5E06F05EA4973AB,0,0,0,,0,,,0
BBF7B728B0822F70DBA558598B33DB40,1,0,0,,0,,,0
92644D0FA2050E7284F863F4660C3B97,0,0,0,,0,,,0
F4AAC32F27E409DA42F80EF9DD4A7C84,0,0,0,,0,,,0
769769DCAA6DF033532C29C9C424E132,0,0,0,,0,,,0
4AE8800A9C41B2CE0D888693C5D1F85C,0,0,0,,0,,,0
DBA105E7A2FDD3D01E3D719BDE49069A,0,0,0,,0,,,0
C6F1E972D68BE8C168E02404C3B272C7,0,0,0,,0,,,0
48510627C8D4897ADFA1C7EB4C4707D0,0,0,0,,0,,,0
ACF4614419DC1A035B1993E39A8DC6DA,1,0,0,,0,,,0
BDCB9DF32FAD5A3701822466CDE6CD0A,0,0,0,,0,,,0
9FBF1200293E0245CB501275DD23C74E,0,0,0,,0,,,0
1E2950BDF99713EF888DB711AF04EC29,1,0,0,,0,,,0
A7573B1A990C695C3C5DCE235F668725,0,0,0,,0,,,0
849058FA5000D83816E6E6FB5E4FECFB,2,0,0,,0,,,0
3864B62A2746E978C22EF4048EDA598D,0,0,0,,0,,,0
4DB647101091FF7904FF733D992443B5,0,0,0,,0,,,0
96A5F4FFA30A149FB6231D71EF6BC29D,0,0,0,,0,,,0
33F7A1DCA4C1DC73C6622A3761DD9812,0,0,0,,0,,,0
4C3EAB9FC779FA2790F618E3D6AFC499,0,0,0,,0,,,0
8801506473240883EA7084FCF3B3EDD9,3,0,0,,0,,,0
177581DC2CAB8BCC6A840B7F47A2FEA6,1,0,0,,0,,,0
767E3C02CF5F951D91B0C0BFF71A63ED,0,0,0,,0,,,0
5E58EC5748F325FAA6A4705D082CC334,1,0,0,,0,,,0
319C42D39D63425DA7C40B9B4D1D1B3F,0,0,0,,0,,,0
62263B0AAEA44FD88600BAC5B13A2F77,0,0,0,,0,,,0
51713D1DBAD23A03A6F23D6E4D03545F,1,0,0,,0,,,0
2C2462C68783738E712599EEE19CAC73,0,0,0,,0,,,0
6E49F3C990E2B95BC6048052C788789A,3,2,0,,0,,,0
22C459A3014CCFA676D38ECE6FB6963C,0,0,0,,0,,,0
487EEB0806E289D1C15F1073552D257F,0,0,0,,0,,,0
151EACB2F1155EB0F5E401B372E12E5D,0,0,0,,0,,,0
946DED1BFEB27B8CC4FCEF38C4138EE0,0,0,0,,0,,,0
719A751579A1E19F3593F4F10E28DA46,0,0,0,,0,,,0
0719D708CD6475CE61A35FAE0F110F9B,0,0,0,,0,,,0
24C4BA5D91B4194053D3DAB1DCB0BC95,0,0,0,,0,,,0
466C7664CCCF329A8D39176840B3EB02,0,0,0,,0,,,0
B960A5E078BAF362C1E1C391F48F2383,0,0,0,,0,,,0
A8277C9B8AF2ED789E690539F37AF9F6,0,0,0,,0,,,0
174ABEE7AEF7BEC36BB5F34B1A69B2E7,0,0,0,,0,,,0
4389B7F79E867573E4577EF7E73F553B,0,0,0,,0,,,0
3AC32595330166DD108922E4629617EE,0,0,0,,0,,,0
1EE74A9149F4AA2CC1E6DABD18BEFD3C,0,0,0,,0,,,0
1A6DDD75139E95DCEE4E30BB47B0C94C,0,0,0,,0,,,0
AE8EEB040F2FBFE7133CCBAE0AEC1148,1,1,0,,0,,,0
A061220BF6027C6E84468CDFF41E2BD8,0,0,0,,0,,,0
A4F39D38F7FF6AFACAE5C88506A6B0C3,0,0,0,,0,,,0
1E0D6AAE3AF0B32B205598A2FEDA5AA0,0,0,0,,0,,,0
7197BEF5542521683ED1B58EDB184770,0,0,0,,0,,,0
184E0C5BE68810D42AF613DF5375530E,0,0,0,,0,,,0
E32DB804D7083805EBA1C33C6D11CB52,2,1,0,,0,,,0
C136A7CE1D0A52B8D4E5F144DF114EB7,0,0,0,,0,,,0
3819B2E90CAA25ED2E3665610211DA75,0,0,0,,0,,,0
772563E9BE2DA4F25EE3CFCEDE06100A,0,0,0,,0,,,0
0BADE8A793800DA5C7048257EF3C88E9,0,0,0,,0,,,0
1B6DD5F354DC1D19EBCBB1FF13436B3F,0,0,0,,0,,,0
5BA23094CD864C7FB5265F83652FA028,0,0,0,,0,,,0
79FF6177F11199C4AAC5F5D9AB72995A,0,0,0,,0,,,0
4775A49D47B7777DE5FF070CA79A6AD6,0,0,0,,0,,,0
AB5E46135BDD857A149B02BE9FEB780E,0,0,0,,0,,,0
C2B339B48A545647DF15F930367D7A6B,1,1,0,,0,,,0
F2D0450D7EAE6470C9C41096A9E34EDA,0,0,0,,0,,,0
4D5153DEBE069E129263E067172E3F7B,0,0,0,,0,,,0
DF217DC5FC256A3D7C105E70DF105980,0,0,0,,0,,,0
7BB88C8B531D27FBB8FDD1D1B209409E,0,0,0,,0,,,0
120D7A9BB53B6C78731CA0C4B5D90C86,0,0,0,,0,,,0
D35CA7CBB149B94C34D98A2D304D9AE7,0,0,0,,0,,,0
5A871813B23AC594CEA75D419FCC425C,6,2,0,,0,,,0
532C0C61E6915476CE2ABECE2F02C9E7,2,0,0,,0,,,0
22E6280D298E62E22C5A0818ACA91764,1,0,0,,0,,,0
66E9ECDFCF529E6181EC63D2C1B0C7E4,0,0,0,,0,,,0
9DF8D27CC9F5377D6DF1872853ECC583,4,1,0,,0,,,0
2F04772FE46C17A90BCACEA9F09499FF,1,1,0,,0,,,0
F1B841B645E96249BDFD59DB76865211,4,3,0,,0,,,0
33EA15FAF247CEAE5A07F39235D334EF,0,0,0,,0,,,0
DE7342042B385BCA9B721C783F18468E,2,0,0,,0,,,0
EF27913E0D4C5A2A94704F2FB469858A,0,0,0,,0,,,0
3770FAD4592180BD3566A005428AFD1D,0,0,0,,0,,,0
FBB71B05FB171A089269FE6CA3B567A1,2,0,0,,0,,,0
99F792EEAA99979F0D9EE8AFB205A689,0,0,0,,0,,,0
00B13A0B8C9E83965F9395EA745D98F2,0,0,0,,0,,,0
E63C6A09F5D06DBFA6FBF832AE8997BE,2,1,0,,0,,,0
0811766182AB8CE075D0E653F8B79E05,0,0,0,,0,,,0
35D099424972413F3E46BFCA86C15295,7,0,0,,0,,,0
35E3746AED9D9EAD9FA69C6D4ABF9779,1,0,0,,0,,,0
44C0143583E11BE7F5B855932DA7A8AC,0,0,0,,0,,,0
F7EB1BF1C86482C138D44D9CB5E4D191,0,0,0,,0,,,0
B6C33BDC224B01CDAC57EA9891843EF2,0,0,0,,0,,,0
5F0A7018AC17E1925EDC52A59452F366,0,0,0,,0,,,0
C93E354578532220B63A4A7151D1C7F2,0,0,0,,0,,,0
B399D61685B56B1CD3E3C9DCC8FD0034,0,0,0,,0,,,0
89A38959892C19AECA7AA020773D6F01,0,0,0,,0,,,0
7EB85F9A592C4051DC747C34349FC14D,3,0,0,,0,,,0
FA84757D87CA497B9D052CEEEA2CDCBD,0,0,0,,0,,,0
5877A00DC10E26D63D25264811B2A4CF,0,0,0,,0,,,0
E76854FD48F98241588500206E50B7FF,0,0,0,,0,,,0
05951D436A3D1931DB8229653C18C618,0,0,0,,0,,,0
8EB99B177B914F63CE215683892205AD,0,0,0,,0,,,0
096F51F57A27CD13F0FEB78BF778B50F,0,0,0,,0,,,0
022DBC0027417922D926ECA6B96E53D6,0,0,0,,0,,,0
C53117ADF9DB210E5A786141F08ABD7B,0,0,0,,0,,,0
91691D8B63F66F0D23D6BEBC96408779,1,1,0,,0,,,0
5EF1B18EE3587E6269B55471AC7022F4,0,0,0,,0,,,0
937D215BDB6A9A3A2AD378DC9BBB23CB,1,0,0,,0,,,0
8923D8A44FAE7F0767BAB23A7A593A13,1,0,0,,0,,,0
6DAFFEA42758F1AD7C87D85E1C1BFE60,0,0,0,,0,,,0
DEC2A9E9A35C6C35BBA0D6FA12B2FF96,0,0,0,,0,,,0
02508ACF3E0BA4D0C4770C03817AFDE3,1,1,0,,0,,,0
857415053FD447A7EDDACD7FB72A8E9E,0,0,0,,0,,,0
B4F887BA0C4454A5C592D94BBC4D8078,3,0,0,,0,,,0
FBDB6DFC10A6DF311453A24DC7CB3C22,0,0,0,,0,,,0
C814A5C6D4BB7413B9E17FC1E32ED4BD,0,0,0,,0,,,0
D34C8AC1412474E09E85D2806398716C,0,0,0,,0,,,0
38E9D2B094A899983224C2FAFB36402E,2,1,0,,0,,,0
C1D15F5B6890726BF0A6874CDBD1EA80,2,0,0,,0,,,0
6C51F30881115FE3A3ADA1D037AD5A31,0,0,0,,0,,,0
036860D2869208B2EF11A6A23BD8EC2F,0,0,0,,0,,,0
5441E1E2D53935E31C632E3FBAAD166B,0,0,0,,0,,,0
E90A8FDA1D41057AAB8A72644731B422,0,0,0,,0,,,0
6D2A2ACEEBFA6A03101571BEB21FB18E,10,0,0,,0,,,0
31D5069785D55AD5A7059983946A8959,0,0,0,,0,,,0
850AE6C4C7021A068E3B954CE2DFC598,1,0,0,,0,,,0
D36434D33E7C0D8DF60BCFFCE1899DB9,0,0,0,,0,,,0
C065B2D789A700C7A48DE43A04D28982,0,0,0,,0,,,0
3582313AAB5B04458FD12D799A88C568,0,0,0,,0,,,0
8BA300F0EF8B941BC7C2B9A67A0440A4,0,0,0,,0,,,0
C8878B9BBABD87C7CA6D39ADB8BF44BF,2,1,0,,0,,,0
3E7F8180212F0A40E310DDB86E76D11E,1,0,0,,0,,,0
2A976487633C93239B863581990F6584,0,0,0,,0,,,0
81530E1C5E192B79F4ED18A1DF25FC0A,0,0,0,,0,,,0
F39CA1EF80285760EB9959329E9B4228,1,0,0,,0,,,0
F9E81248456FBD71D00697C06259396E,0,0,0,,0,,,0
B4EAFAB5502CF587ECEECDD7B213D2A4,0,0,0,,0,,,0
B519EB6BB1A2B83635DEAFEF652E63C3,0,0,0,,0,,,0
E87FCFDC6A01C1028F1A27988540B0AD,0,0,0,,0,,,0
4E2E603C5BFF961B68142AFFC2D5C3F2,0,0,0,,0,,,0
27F6A7022C1C56D25F52EDCE0DC35B4F,1,0,0,,0,,,0
C6111251D5DB67692ABDD1D54BA056AF,0,0,0,,0,,,0
2D50DBCAED9814D3E5E96B6428779B55,6,1,0,,0,,,0
AC443B58D17E646E972EB8D853AE3CAF,1,0,0,,0,,,0
7E520D4DFC6142EAA89F9292F96F3836,0,0,0,,0,,,0
EE879C1D759CBA320BE24D965C4362B4,0,0,0,,0,,,0
9E003E2762312BAE2578459674F8E3B2,0,0,0,,0,,,0
B8ABD1FA94CF24CDEF5E10768CD6EF5C,1,0,0,,0,,,0
8CA5E86DB1F435C7D722BE8E78F2786D,0,0,0,,0,,,0
A664533971FA7D8E1C7D28ADE781D4B7,0,0,0,,0,,,0
91CEBDD064E048AAC1634289E64238F7,0,0,0,,0,,,0
65246483AC0A6D1846E27523CF93041E,0,0,0,,0,,,0
CBA1B3237E19F5E9337D8A227BACE9B9,0,0,0,,0,,,0
8D71D3FBF54DAF2BB224079102068015,0,0,0,,0,,,0
050F7A9A1AD99B845D14637BC7174A2A,0,0,0,,0,,,0
D32309F001DD129284ACE20206D25986,0,0,0,,0,,,0
1DF24A5BDAF61503CFBAB25C81CF7F36,0,0,0,,0,,,0
DFE4C6B9CC592603B2CB9B374B258544,0,0,0,,0,,,0
F3423D0902FF4BCB9EE428AF7B4204E6,3,0,0,,0,,,0
08EF81A14E7B20C40AD1C6778DE79D37,0,0,0,,0,,,0
0D4E877598C49908EA5DFADCE6FA66E5,0,0,0,,0,,,0
E4EE0FB794A4673FC1B7A8EA5F19B150,0,0,0,,0,,,0
9595D67DB2A5462A0C6F264C128ADD0F,0,0,0,,0,,,0
FC5459E650063D7DBB00381224654B05,0,0,0,,0,,,0
60F7EDB1B70109DE39AA301BFF376562,0,0,0,,0,,,0
F857AA1513BB57666CC482BED5D8DC32,0,0,0,,0,,,0
88875C7F05CD91F689B0B464045CC318,0,0,0,,0,,,0
1573DF017F3801F91665D69E3BF64663,0,0,0,,0,,,0
01EFA17691732F16F33DB0D566E56489,1,0,0,,0,,,0
2276FE6CB99CED85F2A038871B9D2E0C,0,0,0,,0,,,0
5EB709BD6D577B03B138AF80E55ECB5B,0,0,0,,0,,,0
9640F670A49F4549E4541FE50EEB88D2,0,0,0,,0,,,0
625734F8864A83501ECDCD1181F3701A,0,0,0,,0,,,0
E2D4A6AA71252FDB644EAB75612039B8,4,0,0,,0,,,0
9A85E8CD21ECC83F75B6554048644AF6,0,0,0,,0,,,0
425816131EC0FAAFC05A57B02717564F,0,0,0,,0,,,0
F32A19B440D4876593BD5890D9821572,0,0,0,,0,,,0
9AD6B76167543119DB307A6E71A3C58F,0,0,0,,0,,,0
786AAA96746C4084190340D4B8C4710E,0,0,0,,0,,,0
3CD1DEB660E64A41BA76E124B1C0103F,2,0,0,,0,,,0
F0AC8F43620EAD7BD3EA00493675AA87,0,0,0,,0,,,0
88E99CE30B65345ED0B118869B6AD035,0,0,0,,0,,,0
1A1DDC9F66E24E9F37CABC04924E5F24,0,0,0,,0,,,0
EC36E6167D2E25E6E4661EAEB5E5EEAB,0,0,0,,0,,,0
79CC6F6A40AF91BBE55D2AF549BBF682,0,0,0,,0,,,0
CD6C85AFFFA5BFB64F75EE3D458FC90A,2,1,0,,0,,,0
82D88F3FA66B2FBC0FE9246E07BCD454,0,0,0,,0,,,0
1290BCB61140CAF8CE8A5E8FFBEF16B2,1,1,0,,0,,,0
CE141433511ABA7ED38F6C34445B91C7,0,0,0,,0,,,0
62CC262E49284D9E86F19328696F3ACE,0,0,0,,0,,,0
98A5DBAFFB2FB2E7C47D7CE87A25A10D,1,1,0,,0,,,0
B865CAAB7E157AC29EDC8E8AE1D13195,0,0,0,,0,,,0
008930B5CEF509A84706FF802EEFC72C,1,0,0,,0,,,0
F623D39D3F3703C57E5204291FA84547,0,0,0,,0,,,0
C59B199E19BA4351560388D65D9D0136,2,1,0,,0,,,0
50EBEE5525C34523D7321B686CE8F7C6,1,0,0,,0,,,0
988FAEDF106403B4D9AD0F4E1B449964,0,0,0,,0,,,0
93694C2C663553E7A5170F2EF5D9B218,0,0,0,,0,,,0
D24FCB0FD1C70967511056C5AAF56F46,0,0,0,,0,,,0
3F05365BF8C58A0044FFBD8163570664,1,0,0,,0,,,0
D535218F4C5C58EAAB43068EE1620622,0,0,0,,0,,,0
4ED8BBA765080C7C29996261EE070E1F,1,0,0,,0,,,0
39DAD4644957427AE5E3B00C2BE0D0EE,5,0,0,,0,,,0
B9EA3BCCE39E0125F15B684FDE93E845,0,0,0,,0,,,0
09D64A2353D88593021B6ADE40A55089,1,0,0,,0,,,0
3DCD92A937C189A739F3D5EC566356E5,0,0,0,,0,,,0
4D4DFE868D87544E12F5C4CEE790E826,4,0,0,,0,,,0
E2C236AB7C4A4DDC86A938240AAECC67,0,0,0,,0,,,0
FA9ECF347490991C1F9694311C279759,0,0,0,,0,,,0
19992EB5BACA1D9D7A4A02161B40336F,0,0,0,,0,,,0
C139256BC6B95411865D96398AAC81B2,0,0,0,,0,,,0
4D3850D024352B02B9C8FC234C823669,0,0,0,,0,,,0
D06FC00A73CC3DA42225D9DBD24CC502,2,2,0,,0,,,0
8C98AF27A71D5D85B7364C69D1430A57,30,0,0,,0,,,0
84BC924884C30AA5B75B2E9E30B467DD,0,0,0,,0,,,0
D612C945306367313C639BAD13A5A12B,0,0,0,,0,,,0
F6B65833422D6638C30B0D559FA8CBFF,1,0,0,,0,,,0
931923624BAB3FB742C9685E8B8C8F82,1,0,0,,0,,,0
2AD978EE0FF067AA1B467A3A01823343,0,0,0,,0,,,0
734F66A173174C1A41E12A893F6F36AA,0,0,0,,0,,,0
6626DD03829B3C6AC6E7C9FDD237785C,0,0,0,,0,,,0
E9D16B324B6B9566F0A992F3BA917542,0,0,0,,0,,,0
7635A6A3D7FF46D849F921C8CC25A620,1,0,0,,0,,,0
3B980CCE7EC7C895978FFEC426C8DC84,0,0,0,,0,,,0
7E2421D55BEEEE8962A2E0466A7E1C90,1,1,0,,0,,,0
A7E48DA91E412FC9E2F583EBFEF1B3FB,0,0,0,,0,,,0
E84B93396BF8E9C15D3FA51B4331E5BB,1,0,0,,0,,,0
1E60E9AFFB230EEBFC13E00DD98CD9F2,0,0,0,,0,,,0
30915984483D48F17D08A23F5672EB84,0,0,0,,0,,,0
D02DF4C4A6308C0FBC2C10A37EC36E32,4,0,0,,0,,,0
1F70E251D6247C316CA59F775EEA0964,0,0,0,,0,,,0
492BBDE392DE65DE34C1EA95A820CDF2,0,0,0,,0,,,0
B5757035DC9D6432C5CD761AC124AFAC,1,0,0,,0,,,0
83516F21F29F6C6DC373CF867459B65B,0,0,0,,0,,,0
1F7ED363E0BA720E2BA9A686A3026425,1,0,0,,0,,,0
A6074CDF1E7633C7EC1AB42B4FE01657,0,0,0,,0,,,0
56E85878CF2E3C60F600FFDC3AB85F40,0,0,0,,0,,,0
1613FB57B431855A3D1E2B00A54CC6CA,0,0,0,,0,,,0
B1822FEA0A58999CC11C18CD00CAD761,0,0,0,,0,,,0
DF7D33C9A6A39630787AF9493AC079A1,0,0,0,,0,,,0
F7BFC8337A3E02054E7B526EA82FD0DC,0,0,0,,0,,,0
E10772DF7D899798D0D0378D1CBEED43,0,0,0,,0,,,0
FB708121B471890230439C2DD2A5C3A9,0,0,0,,0,,,0
8EC60B72DE669330FC1B5B37BBF4BC6D,0,0,0,,0,,,0
ECC60665081F2D1CCB0EB37F07DAD254,0,0,0,,0,,,0
FF3C642F40C3018CB4D936F06442024C,0,0,0,,0,,,0
2D7D7EE7C2BE65A1E12450CABCC1B16A,3,0,0,,0,,,0
A34414F7B0AB87A0445962D2F03C17E7,2,0,0,,0,,,0
027A19BC7A8B6733CE40B0C45FEE37A8,0,0,0,,0,,,0
9BEBA1DC2794004F126FE7DA47FF76AA,3,0,0,,0,,,0
8930D2A6EE0618371A843668ED41171E,3,0,0,,0,,,0
93699FB737D442ABBD95CE58A686442F,0,0,0,,0,,,0
64F4933806688049ECD6857525AFBC20,0,0,0,,0,,,0
D45AA1285D117033E2133DD4F78F0ADF,0,0,0,,0,,,0
4888671BB1FED63688415ACCC4296344,0,0,0,,0,,,0
951B49BD60BD562C623C8EC62C928E3B,1,0,0,,0,,,0
CB95915AFE269313FE5F8C23A4A8C2D6,3,1,0,,0,,,0
8365302EA50623D13816D680993C07AC,0,0,0,,0,,,0
8506CEE714B37E9AE74254E7BC94B3BA,0,0,0,,0,,,0
D2BE38EE37294935E8D174957DF346D1,2,0,0,,0,,,0
AF2C7C5196C8AC879E4BCDCAAF68D5E4,0,0,0,,0,,,0
DC5ED992E11BE71ADF895739FA4FD0EA,0,0,0,,0,,,0
ED9D85AFD9156DAB7393FEF365716AD2,0,0,0,,0,,,0
B4CC2D761B36986D7A05AB0625F94EEC,0,0,0,,0,,,0
4E74085606E35685A09772FBDECEC629,0,0,0,,0,,,0
862A8E74DC6E478F4095FDBE625F23D0,0,0,0,,0,,,0
97DB1CA5636E30555A16074D9FFE7B31,0,0,0,,0,,,0
507DFA104E3C0FE73A081DFE3BF082DC,0,0,0,,0,,,0
A6CAF6C69CE504C52A1BD65E44D8924E,0,0,0,,0,,,0
981D17AB0CBEB4ECB541405924D95A0E,0,0,0,,0,,,0
97DD82A020FCA6A35471A794EA5E85CD,0,0,0,,0,,,0
CDB9686BEDE47D87DBB1B3A9EE8B3AF5,0,0,0,,0,,,0
1F2F78104668E3EA43A42D4981EA6F4D,0,0,0,,0,,,0
E43EA245B72A8BDEB0BF1A22C583D4B9,1,0,0,,0,,,0
32BDEF00CAA46453C307AE8AA90578A4,0,0,0,,0,,,0
CABF4C8FCEA744EE05D05374CDCD9864,0,0,0,,0,,,0
0C0E884E858F6FED0E20B03577CF0AA3,1,0,0,,0,,,0
609EDE15DFE17B9241415C5216D10BFC,0,0,0,,0,,,0
21A78D859A540DDEC25793D34B500C1E,1,0,0,,0,,,0
1390D2417B013089ADBA4EF554360D5F,0,0,0,,0,,,0
CB39F5D9A2DC8E22A1423B88F6076551,0,0,0,,0,,,0
FFEA50946B05E06965B60AC102E525A9,1,1,0,,0,,,0
E5A193B43389E926CF6260D7B25FA1D4,0,0,0,,0,,,0
F778EE07A73894B680C1B60A604D677B,0,0,0,,0,,,0
23A7E8D987ADCC38EB026096DC513F85,0,0,0,,0,,,0
04FA277361CDCB52DCAC978BE0964AD4,0,0,0,,0,,,0
E34713DE342117B085C3F361FA474D8D,0,0,0,,0,,,0
AAD67CBE06B37B1D1B7B0FFCFBB97B44,0,0,0,,0,,,0
BC6DA3082B4C40FAD269F58B87107E9D,0,0,0,,0,,,0
C5399AA1E8D157731709AA3282CFE94B,0,0,0,,0,,,0
EA99112A028701228697D6B1BB42D19D,0,0,0,,0,,,0
79C6CEA7189615EF5319ED1BA55DDE9D,0,0,0,,0,,,0
DC8753723151F016ACC112E35E33C8F0,0,0,0,,0,,,0
FE85F00974A42930CA0A1DAB446B3FF1,0,0,0,,0,,,0
CA591626FF89C1EE09A2C1F0DEFB2ADC,0,0,0,,0,,,0
67645072FA24C18FF44325C36ECCC0AA,0,0,0,,0,,,0
F405ABC6E049921FB3587A2BE71559C9,0,0,0,,0,,,0
20C515B859FEE6F7358B70DAA61029EE,0,0,0,,0,,,0
EBC3581ADA874D494FBE2C7CCF53BF99,0,0,0,,0,,,0
E438F02763B070A3F426CC61C16D4C47,1,0,0,,0,,,0
2C8E6C9CA9F218EE831C2486C9B60140,0,0,0,,0,,,0
91EC050CACB36B3A5BC705CE8768F644,1,0,0,,0,,,0
B513D812D0F22326FCBDC18FFCE26E90,3,0,0,,0,,,0
360EAEF5192355A31740E0D75FB4C8FF,0,0,0,,0,,,0
D95CAC1BE0D20FAC7EDC98BF3C54A89D,3,0,0,,0,,,0
0FA4172072DD4592CFB3CA5FF90CB907,0,0,0,,0,,,0
E4C834B4BC3C496C64AEBB128A071B0D,2,0,0,,0,,,0
C57026026F451C8B63B19481023BE944,0,0,0,,0,,,0
699456F808AD871AC50BBAB11427D46A,0,0,0,,0,,,0
C089DEEB2EA27CF072D17A89C956AFF3,2,0,0,,0,,,0
4610B7F7F8D4828DCC987CA2F604DEE9,0,0,0,,0,,,0
C60BF06EA758852B6130837CDE449D58,2,0,0,,0,,,0
A82658237C6118780A6009C01F05DDEB,0,0,0,,0,,,0
8F2A0396235869F9A53F0AD3F2E777D7,0,0,0,,0,,,0
29E07E58392835AFC7D26BBCFE20A84B,0,0,0,,0,,,0
6F3285077BCC818EFFCFC1CAD379D684,0,0,0,,0,,,0
FC76EBA149D97D29AB40CF904A5FD76D,0,0,0,,0,,,0
85B11D02AC558A5997C80346CDF21E09,0,0,0,,0,,,0
3BAD85C975EE5466BCC56F77BA433DB2,0,0,0,,0,,,0
DB04A72FF1579E1B3BE499DF36B0ED90,2,0,0,,0,,,0
5ABC587E26A6EF66B2E9B127E3DD497B,0,0,0,,0,,,0
2851B26D3D754B015D161216A7BD9937,0,0,0,,0,,,0
7133FE57496C47C8E26BECA91ABA5B30,1,0,0,,0,,,0
4C8B39E9857775E5B2038B4D5743B458,0,0,0,,0,,,0
06984AB55E6069C42FE61F3510F1522B,1,1,0,,0,,,0
1D8EA6CE95A074AB7E9BC16879C7366E,0,0,0,,0,,,0
4AB0441290F6077849CBE9C74A828F0A,0,0,0,,0,,,0
2267538930FA66A35F7752B4299EE4C3,0,0,0,,0,,,0
90D5E28CBDA334EEF309C805DD8C1528,0,0,0,,0,,,0
50C6F9F9F77E7F50EF5E9AB69CACF11D,0,0,0,,0,,,0
49BD785C88E96F48F60CC3E2227804B6,0,0,0,,0,,,0
98DCFFB35A9F31E4381182F11E3BA8BC,3,1,0,,0,,,0
14F0C36B47AD59388BF3FC43E5F84100,1,0,0,,0,,,0
77D18594774B8DDC800334804D0C0A04,0,0,0,,0,,,0
9B985C86CD9368748BA9575FC7141C77,0,0,0,,0,,,0
85F9CA244F953B8EB965906304281700,0,0,0,,0,,,0
0F98093E113A63D0D71029D140417233,0,0,0,,0,,,0
23CB583E18259C0A5A2936A9F71625DB,2,0,0,,0,,,0
81BAD3FD80119DBA49D2B55CAFFACED1,0,0,0,,0,,,0
07FBACBB0248109F868023D10CCB80B1,1,0,0,,0,,,0
5D088F7D764C4308BCCBA927347218AF,0,0,0,,0,,,0
17FD1DF8BFD58CD77FAE7DD3D855A84D,2,0,0,,0,,,0
8B2764368F3958B3133D7D52E5871190,2,0,0,,0,,,0
6D45BE2594A103C75C4F68F2AA2D79F6,10,0,0,,0,,,0
B8D5DE10186B5B671914B74376050223,0,0,0,,0,,,0
CFE07D48CBBF9959BC8BA87C95F2B602,0,0,0,,0,,,0
7E5E3AE456AFD0D467418E96ED8DDE60,2,2,0,,0,,,0
257D8B7A90ECCC1688EBCB4548D4C1AB,0,0,0,,0,,,0
47A3ACCCFB629C52C44277177265496C,0,0,0,,0,,,0
C96D2A670F71BA658A54A12134EDF4D1,0,0,0,,0,,,0
C43B579F9DE89CA7661381325B79B8C3,0,0,0,,0,,,0
204F0DEF98BDA4D8D5091A9A3B1E1819,0,0,0,,0,,,0
9D74B530D65D2DDD53EF51089D7611D8,0,0,0,,0,,,0
91C98A4356C6CA172395EC90C2263A57,1,0,0,,0,,,0
A921C5AB72246BFE8CA6CB19212387B7,0,0,0,,0,,,0
36C32F82A22E7DC2DB04DA29BF71199F,0,0,0,,0,,,0
DBC07E3ECC7DD36D12BFEC862CD6B5A3,0,0,0,,0,,,0
46B5EAFD9FE97971DE35E6A1876B7963,10,0,0,,0,,,0
9E81D649AAB3C111E2DE31150E639403,0,0,0,,0,,,0
B8329F2AF10381E3F719D1CCCF3A9C0E,1,1,0,,0,,,0
75D9454D7398963C18CDDD7073F14DBA,1,0,0,,0,,,0
1BE83BD7CAA4157AB3AE12A04A05CEF0,0,0,0,,0,,,0
3F584FA5869E4DE7160B5493439A0451,1,0,0,,0,,,0
017AFF0C36AD244BFA48FE7D08915201,0,0,0,,0,,,0
47203241D0550A12C140A566774A03D3,0,0,0,,0,,,0
5DD61074AA5F92DE0CE1F00516BFDBF5,2,1,0,,0,,,0
3346097B57AC50FEC68D31230E17BA39,0,0,0,,0,,,0
F37E38D7873B155B9E405726147358B2,12,0,0,,0,,,0
B1ED43F18A6F3F43F376E399C61D0331,0,0,0,,0,,,0
9440CD3CB8D50B6C847CAC7A1952BA65,1,0,0,,0,,,0
A05BCF49528D381257B1DCFE5AC285A6,0,0,0,,0,,,0
224B9D15731E3EA41830FB5E67E336AC,0,0,0,,0,,,0
34D812AABE4A1E3DAF010E9FB7323A08,0,0,0,,0,,,0
6A500661C5B90F46DEA638B0E67258CB,0,0,0,,0,,,0
F1FC7A1E6986336D25B89B7E0112E760,1,0,0,,0,,,0
54A269A0B0AD81BA7D0A0BCDC1DBE231,0,0,0,,0,,,0
30E97D5C40F5901F3A28D4A9281F6166,1,0,0,,0,,,0
551130953A7F37F23035F9A91CA41C15,92,0,0,,0,,,0
5C9E7451F0D78507AB638C4C98D0F7D5,2,0,0,,0,,,0
BDB7A10EAB4325A8F4FD3B5DE47D3F9C,0,0,0,,0,,,0
57BFEC94626541902118482C3BB4E741,0,0,0,,0,,,0
8742CD7A4349344D243BF302A313A074,4,0,0,,0,,,0
51E859FD9D682533C094B37DC85EAF87,0,0,0,,0,,,0
79986AC485C1BAF4AD7A8798DB90F079,0,0,0,,0,,,0
70DCC1DC359A5A8BA1CF7C93DB849FD1,0,0,0,,0,,,0
299DE494C7E67F22E40A34FC3C201367,0,0,0,,0,,,0
8F3BA78CA4249C361601DEAD78FDB417,1,0,0,,0,,,0
66F3B8360C178C74AE5CBA3422B82AAD,0,0,0,,0,,,0
79495E8A7191280C7546A3E64648D57E,2,0,0,,0,,,0
DF377FAFA25A2FECEA18E389FAD9F59E,0,0,0,,0,,,0
C0301C8D825A069CC2ADEDEDA5F97AC4,0,0,0,,0,,,0
CB4A2EA8C5ADE49FFC648DF400CBBF8A,0,0,0,,0,,,0
B24B8B30B5849E3E9AB68263BD1A66EF,0,0,0,,0,,,0
970F3FC64726985AECC1BFD74741AB34,0,0,0,,0,,,0
FC70D8224A383732ACF61C1FD3A00919,1,0,0,,0,,,0
A2A3ADA244E69302ADDF492E0B55BF21,3,1,0,,0,,,0
74FB084806657B7905B964C8E1688CC6,0,0,0,,0,,,0
97EFE88578CA49C1B43A95A781C7AD16,1,0,0,,0,,,0
09A78964F0C8B9886D1169DBF3E21739,0,0,0,,0,,,0
30161E941558E28575768DC48CC6C9A9,1,0,0,,0,,,0
AD0EFD15DA7A611B7A827D6D4B6949E9,0,0,0,,0,,,0
B118524648F8EAF8BB989C8AAB22B1A7,2,0,0,,0,,,0
7155AE938E2FFBC63543F1E7BC02A41E,0,0,0,,0,,,0
D954B34820AEE0E5334D574388D37E1B,0,0,0,,0,,,0
8912D1B887909C2FDE687B6782701503,0,0,0,,0,,,0
829ACA32F30E16A0DE6EA286A64882A6,0,0,0,,0,,,0
21D5CB544D4E72BAEA9BA1BC7CF5AB99,2,0,0,,0,,,0
5DB8D4CD1C161D01EB4F9174F6316A82,1,0,0,,0,,,0
C14076B400FAEAAB4D9CC6F67D54F43A,0,0,0,,0,,,0
DCD1A5C8D680890E6A125104A9171322,0,0,0,,0,,,0
711364F41553811B33FD216391234D59,0,0,0,,0,,,0
6C41E4C6689C77E52F2A2FB5CAC9F950,0,0,0,,0,,,0
8C69B4DCD463AFAAB9FA17B529AF2C8F,0,0,0,,0,,,0
56CA00F31185284B341940733700F864,0,0,0,,0,,,0
8D6EDBDF57E90C89AA18D94E579B705B,0,0,0,,0,,,0
81D3DD49AA2304FD1ED8C498747B5FC6,1,1,0,,0,,,0
308B25AC39D77CB676A74503CB8D142A,0,0,0,,0,,,0
9BD56355E3D05428B3B73245830810B7,1,0,0,,0,,,0
51DE65CA1CF146DE061ECCAB521CD177,2,0,0,,0,,,0
7E38A396789F21724DDEFB0400305685,0,0,0,,0,,,0
10003E1C006891B7F1EF61D88E346302,0,0,0,,0,,,0
98AA37A0C00B41C25CA33D8F748AAA11,1,0,0,,0,,,0
1494E1183CD507E9CC668E4ADC405AFD,1,0,0,,0,,,0
63F0582955A226040415EB4F6A0EF3DD,1,0,0,,0,,,0
1875D881BD8742A9F1BE25084D0784A7,0,0,0,,0,,,0
25D50D541F77515B76A1064E9802C180,0,0,0,,0,,,0
28C4A09298C441D5AFD39E749D9F3DA3,0,0,0,,0,,,0
42F11ADEE24A4945B2C8BB4AAE8A8AA9,0,0,0,,0,,,0
7C2401C46CD88BF5843C8CEBFCDACAB9,0,0,0,,0,,,0
7A7D5DD486EC806FEEBF86C3A2807EDB,0,0,0,,0,,,0
200F0E8F2569DC89591D61CD20C86F9E,0,0,0,,0,,,0
3C2398851DF87635975A88767B4C82B8,0,0,0,,0,,,0
04C1B862AFA39703243166C625EBBD40,1,0,0,,0,,,0
240EB5AB4F4B15279CE604262740F6D9,0,0,0,,0,,,0
48309F50E09B2EC3CDF7CC658B9FCFC3,0,0,0,,0,,,0
917CBDBEF93150357244336EC9564617,0,0,0,,0,,,0
0C16C9D2220CA464A0464D294666CBCC,3,1,0,,0,,,0
42BBD7B37D3A0FC623BE1A919EFE6DA5,1,0,0,,0,,,0
4C3BF4A684EC9E6CB19B3AD7B0FBB334,0,0,0,,0,,,0
086F61C00F68108436E0CAEAC318BC38,0,0,0,,0,,,0
D5DA58BD6BAF2097948CF30DFA34FEE8,0,0,0,,0,,,0
D2C3A62A40425BF3C8530E5B702C7DB4,0,0,0,,0,,,0
125363861AAA26BC5862E54D738A342F,0,0,0,,0,,,0
E64CCC1C4CC6006D728ABFCC3662C591,0,0,0,,0,,,0
B36FAA12AF854F00E4EC23696D2786CC,1,0,0,,0,,,0
8DD47B40A0938BA8BD9FF0B34D83B28E,0,0,0,,0,,,0
EC13EE65E7D169E6BE5653F277EB4925,0,0,0,,0,,,0
E2ABF58F758941B31BB4630BD519394F,0,0,0,,0,,,0
ABB9A6AD029F190506DCF3B87C27E9BC,0,0,0,,0,,,0
81069D31F1600F448E6A8DDC9E5EB80C,0,0,0,,0,,,0
FA91B6B27F076DC71DEFCF7FE86FDD6E,0,0,0,,0,,,0
2B71A2BE17E79C40BCCA47DD87E86489,0,0,0,,0,,,0
E6C16943470187BB91B5572613966E88,4,0,0,,0,,,0
C59E095CFA4F1A81AAAE3150E384AB21,1,1,0,,0,,,0
D728EEFD8B750FD9DEDC1A0D9D7F89CC,0,0,0,,0,,,0
022FFC1F2B5A9F2982EE83C313176D54,3,0,0,,0,,,0
360D7B137BD530E704772F51C5B13A79,4,0,0,,0,,,0
2CB523AF7F30297524DAB2001FFE2EA1,0,0,0,,0,,,0
C63E044972BC46A8840F4CCB3174690B,0,0,0,,0,,,0
22C8075C384481C8618597F9A6C56279,3,0,0,,0,,,0
7B425893FE3DD64FFB439238785817F2,0,0,0,,0,,,0
8C2CD3B01F94A12D766C198199746FA1,0,0,0,,0,,,0
784FCE36821DC86DBB8A08B517876B13,1,0,0,,0,,,0
39F507C9C69C087720D210B1D13788B5,2,2,0,,0,,,0
6DB64C1C5B311A9535DDF18B8C33517A,1,1,0,,0,,,0
CD26A22E2C954F84EDB185AF6544F6AD,0,0,0,,0,,,0
E628DC494D4A251C35DD43FF97D2028A,0,0,0,,0,,,0
C709F8E9B44169A5B1B4956072999F42,0,0,0,,0,,,0
A618596C697C9F9FEBC2B022AFD4F7DD,0,0,0,,0,,,0
F78EBC71DDA40F7C26294DC2548E3DFD,1,0,0,,0,,,0
4165988A593F51E6AD19B52A8FA0B980,0,0,0,,0,,,0
DC85EA774E6A7AB0C65D61CB2C2912BE,0,0,0,,0,,,0
50B9480303280C2408C4C77A8AFA9480,0,0,0,,0,,,0
56AB5AA26CE53AB27D81C65372B450F5,0,0,0,,0,,,0
93CEB327EC262647E4D6E92FEC16AB48,0,0,0,,0,,,0
4A34E51E87F26D5BD3AD860E1175BBF3,0,0,0,,0,,,0
6F5E3943B63F43C56BBA066F392CC06B,0,0,0,,0,,,0
D34924C19421D7E083FD387D97765F94,4,4,0,,0,,,0
E0948CBA366782812BF88506D5EA9C0E,0,0,0,,0,,,0
AE0B44FF5C6C9397C6FF32635328E83E,0,0,0,,0,,,0
AD4CE34C084E221FF1F1FD9EDA92824C,3,0,0,,0,,,0
4184DAB1D1869BF88C134560CBE27A2B,0,0,0,,0,,,0
A3CDDBDA41C8290EF828C2DCE98B346B,0,0,0,,0,,,0
70A4ED4B37F791C740C2C16FC39B5E4A,0,0,0,,0,,,0
B2ED849BBB2D152DF245B09A41687D4F,0,0,0,,0,,,0
50F9ECC02D5198369DEC190502867F73,0,0,0,,0,,,0
F6C27759C6668FF8619110956AAAB1F0,0,0,0,,0,,,0
3351C190752821E19A94058AE0C8D565,0,0,0,,0,,,0
1602C3654622688034DC25014E9B2FD7,0,0,0,,0,,,0
018219C83A4E8873F1CD8BA8F041E8BB,0,0,0,,0,,,0
7CB1B17DDB045770D621387959BF2E46,3,1,0,,0,,,0
727B3DB570172D51AEE4A2BBECB52D7E,1,0,0,,0,,,0
3EC6101414140FB1EB39455AC8345EC1,2,0,0,,0,,,0
1B5560D27185FF36782A7615149A5129,0,0,0,,0,,,0
ECEFCA1970E6F939FD99A1AF9762B964,0,0,0,,0,,,0
6E0C7E7F411C4F1D9B63813E23B7E867,4,0,0,,0,,,0
93633CE8D034001EAAA6F4F0D767A135,0,0,0,,0,,,0
6A5FFA8429135FB1996D45DD750C9E16,1,0,0,,0,,,0
B9ED4106F9DA54ABE08D6C2C23CD0E01,2,1,0,,0,,,0
2E01975CEB9620ACBE4C7AE0F16D9503,0,0,0,,0,,,0
489BCE0DD2AD51A150DEBF2E7C24E0B3,0,0,0,,0,,,0
C5829585A78C2CC984DDF858AD671C47,4,0,0,,0,,,0
0F0FACCD83D00FDF46DF586FDC08CD76,3,1,0,,0,,,0
50C60BB1599A79A9FA68C92B9E9589F2,2,0,0,,0,,,0
F17AC159F7AE3AA891CD260E027A3C49,0,0,0,,0,,,0
38655D4FA36E1634A340169CABF1AAE9,0,0,0,,0,,,0
45555D406DF131BE2077608C9B4A2B47,1,0,0,,0,,,0
D770702CFCE49F5202305630FC366DAA,1,0,0,,0,,,0
F26858494DC04AD424C0EBC9C1245F94,2,0,0,,0,,,0
3A67BDF21FB4876DB2FB4806C39AF229,0,0,0,,0,,,0
D85F0E322917076E5473B87A1F363AC9,3,0,0,,0,,,0
DA1F05090AB8762E28B7A27E0E4AFEE4,1,0,0,,0,,,0
FFFFD70EA75A4C0F55C21D19F28BD669,2,0,0,,0,,,0
B6BA0A7B30C70EE6C34956C88563B361,0,0,0,,0,,,0
D526350FA9F0095154216DEA1BE323DB,0,0,0,,0,,,0
604E4F6AB209983E515794E0C0945660,0,0,0,,0,,,0
B76F1841464BFF8CF3155EF7C1FD91E4,0,0,0,,0,,,0
C30EF6ACD670103C419C218070032EBD,0,0,0,,0,,,0
3DB7F93459EE0F73E398386193371A80,0,0,0,,0,,,0
EDA46528B44F81F9BA891E02DD713F53,0,0,0,,0,,,0
EC3F2EE5924B505CC3A4D06182C2C099,1,0,0,,0,,,0
5E624075FDFE3003C34E1138546B2450,2,0,0,,0,,,0
B1FCE2EFBC2B86F2F8DFCDFD15C11701,0,0,0,,0,,,0
4209504FACF4D297380D70834BC264FE,0,0,0,,0,,,0
1C8023CB2E42B4F2358A4B63533A7C4E,0,0,0,,0,,,0
8BACEF16AB8147E94BB9CF4CF89092A6,1,0,0,,0,,,0
C9D682555B898C00250B19ED05D1E6DC,0,0,0,,0,,,0
0FC4AC37E35E2B4A7A5137B1863834AE,5,0,0,,0,,,0
92D4A861F6BC5DB5C9379563CC71E72E,0,0,0,,0,,,0
20D75A07F00899A1965A57F828DE8133,0,0,0,,0,,,0
7B67AEAF3E7E47E693DAB3CC7AF3363C,2,0,0,,0,,,0
5471DAB2C38557CF2E1C5B3993CD98CF,1,0,0,,0,,,0
1E90391F66AC47CEF97F8DABD8346F12,0,0,0,,0,,,0
2CEA8C226D4D16A1C4B5A0BC3CFE5DDF,0,0,0,,0,,,0
0187DEDABE4765DD4F99A33C3C42C990,8,0,0,,0,,,0
163419E53AFA1173DA286F6794261DF7,0,0,0,,0,,,0
E4BF85A205823565487EC61CC754D490,0,0,0,,0,,,0
CC6DBD8DF7B919648A194DF6910035E3,1,0,0,,0,,,0
E39A1F7450CF54E1EEE3E5F6FB2532C9,0,0,0,,0,,,0
C0BA42625E9D2E1545FDF87378253DAE,0,0,0,,0,,,0
CBF1346AFEAB76D0320D31C5CA490C34,1,0,0,,0,,,0
768785A0F67E924285044B36455CCAC3,0,0,0,,0,,,0
2FCD876603363FFDE5239ED45BE6B905,0,0,0,,0,,,0
9B9DF350C5E21B26FCE82CA42135BCA6,0,0,0,,0,,,0
A1A2F581A4DB1429C5F990C16426CD17,0,0,0,,0,,,0
F6DE37BAB97D86D675F25158891D385C,0,0,0,,0,,,0
CBE46C4DA9660AFDEE8E0E78BAA4689F,0,0,0,,0,,,0
2C84F1C45BBC64761A4434B3EB114EAA,0,0,0,,0,,,0
A6C240D345AB0CB61E517A7067D9E6A9,0,0,0,,0,,,0
1424538B89B973BCED7CE41CA28C983E,0,0,0,,0,,,0
62C847833CF481E9F2371DD48B16A98F,2,0,0,,0,,,0
9EBBDF6D1D91535F99C0BAD3C0EBDC73,1,0,0,,0,,,0
88C2B10BEBF248E9C76F80D1DDF960B2,0,0,0,,0,,,0
B9CFF1C832C24074DF2A3B5475A7851A,2,0,0,,0,,,0
FBE6445030774867EC594F94F13D12CB,0,0,0,,0,,,0
B1AEC14530C58B4CE0145943FF63C786,1,0,0,,0,,,0
7023262FD1B449CFC3F2FE4B7DFF9084,0,0,0,,0,,,0
3AC109ED11FA7EF32978B908A66DB95F,2,0,0,,0,,,0
99418F22EE498F4B6F4463E1533DCC74,0,0,0,,0,,,0
D1621FABED8BEBB6913F7C7456ABBDAB,0,0,0,,0,,,0
CDC9A224610417F5F1E97C8B96168950,3,0,0,,0,,,0
BC247B38665E279CAF805A724613D0F4,0,0,0,,0,,,0
DB3CD27AB23CC50B5385526AC7802B27,0,0,0,,0,,,0
294AF027BF5C702B2446F39405ADD823,1,0,0,,0,,,0
A972533CAA6D0725B5B048747A71D4AC,4,0,0,,0,,,0
5EE2F43F1FD31EAFBB6724FCBA21F203,3,0,0,,0,,,0
2A5EF089297A01D39B2FE30AC88B8295,0,0,0,,0,,,0
BD82734598091F2F3ABE231F6872F06D,0,0,0,,0,,,0
67E34D40DA8EB486DC847509A97762DA,1,1,0,,0,,,0
55CF06287386E3D38B06B07D9B3443D8,0,0,0,,0,,,0
6A890958B89C55FCDFDDFA794B1A649D,0,0,0,,0,,,0
32C75593083C4C36CA36A58B44E14BA7,0,0,0,,0,,,0
CAE8683FCC2445DDABFB1FF2516E0B5D,2,2,0,,0,,,0
86F6B4DA869D7F5CE42E103275D49CFD,0,0,0,,0,,,0
DAFD786F29413ECE0887924A3539D143,0,0,0,,0,,,0
D017C9DD2640C8121D01DC18ADBF3494,0,0,0,,0,,,0
1F58AAA40540B7B531EF090A0669384E,0,0,0,,0,,,0
41C40E80B4E132B718054DD8E1F4A286,0,0,0,,0,,,0
FD85E2381A67A1F946B8BCF90B078489,0,0,0,,0,,,0
AAC173F3631E531ED5865301190A4E86,0,0,0,,0,,,0
20368D6BBBE2631DB2AA4CF76442FE28,0,0,0,,0,,,0
69DA91043860555909AB63AB8C6847AC,1,1,0,,0,,,0
7A8D1CAA45CDE7652260DA6E71068A13,1,0,0,,0,,,0
902F597E0920385B8CAF4A55C5F0360F,2,0,0,,0,,,0
C2BBB0DAF20908A166DAC10EF6939F23,0,0,0,,0,,,0
DE39C2A4BA199C8845AC0932C2DA31BB,2,0,0,,0,,,0
928647F73B886CC52386CF9235AFC89F,0,0,0,,0,,,0
604581EBBA6CECFC5D56550A4C8BB3A3,1,1,0,,0,,,0
0175F289F0878C46DCA6B0AF3C5677F1,1,0,0,,0,,,0
E83D71D465C83BB00F6C0C5DBA5466CA,0,0,0,,0,,,0
D8AD849268078BF5BF6AD8E3362D7BC4,0,0,0,,0,,,0
BCB77DB6B2A75E476578A2ED8ED4D9D9,0,0,0,,0,,,0
8C018DE48462FB318FAF2225DA96EB8C,0,0,0,,0,,,0
382C4713DE77302013BE7C2A95950D2D,0,0,0,,0,,,0
5D0FFF917C2ACDE63FB813CF76CC0394,0,0,0,,0,,,0
0E05204A44E4CA8857B83A2FED471037,0,0,0,,0,,,0
EC380E8955E31C5F06E04000D386494C,0,0,0,,0,,,0
2DF9172E98F032892D7BDA25F51025B5,0,0,0,,0,,,0
88DB9AF4706D8F888723DD8DD787C3B1,0,0,0,,0,,,0
62E1AFE2AD1BED1937E861582EB84BE8,1,0,0,,0,,,0
894DFEC01131734D280D81C2BEE3A446,0,0,0,,0,,,0
B8F714BDF8A4A2F077394F6E1229D25F,0,0,0,,0,,,0
DD0B5B3FDDB53B4D12F984A0DA6E8C9F,0,0,0,,0,,,0
165C059E0EEB982DC45D17069F200511,0,0,0,,0,,,0
4EBA23626180EFE188D184AE36576D6A,0,0,0,,0,,,0
DCE2C0387B697666C1B076A92AFFF312,0,0,0,,0,,,0
DB6EA53027EF973B908E170B76755C2D,3,2,0,,0,,,0
42FB08DA0D5FB4A6E9549F1579A0EC01,1,0,0,,0,,,0
C0D247C7C087F68E0504E5B5E5BBFB11,0,0,0,,0,,,0
FA596A777C81AFE81313CACC0AC7D6C7,0,0,0,,0,,,0
254B554C9D3CD8D0A66D4BC0765CC663,0,0,0,,0,,,0
E7824127D778ABBCBCDA335F2EB7D64D,1,0,0,,0,,,0
34E493C2FCF918F1A4B0C9E49122BF89,0,0,0,,0,,,0
DFBCF3567592724D85BB3F31EAAE1E09,0,0,0,,0,,,0
7B4DAD214D293E07AC550AF937E9AA6D,0,0,0,,0,,,0
5A15B5C77229B970B5B6FC727E8CCF46,0,0,0,,0,,,0
B8E4D2884BDAE67DA4AD888E3FEEF335,0,0,0,,0,,,0
5E58C0F3FAAB4205157FD4C8175C51F3,0,0,0,,0,,,0
B1BBF8A2A68D2CDDDE476CFF2998746D,0,0,0,,0,,,0
A2533DE5583B5862AA1E7945223CD5DA,0,0,0,,0,,,0
5EAEC8F38D963C9FD5FD688AF08CDDF2,0,0,0,,0,,,0
182D68C16C1E515DCFA059F90DC55207,0,0,0,,0,,,0
823AFAE693CA31048AC6CA20F0347043,0,0,0,,0,,,0
3DF5DB22E9690B9B18A0A23EF77FD197,0,0,0,,0,,,0
3483B7B933B0D6FAA0266EEFF5691904,1,1,0,,0,,,0
FA4033B7C4EB61084AD94FAA26B15B58,1,0,0,,0,,,0
02CA9DD43A7BE3472BB48D0B0F72D52A,4,0,0,,0,,,0
283D31A5B2F8F694704D8FFB63B60112,0,0,0,,0,,,0
DA1081D8D03D46DDB732BAB7447948E6,3,0,0,,0,,,0
C01FF96A06BECB4B95FDB08F2FAD1FA9,0,0,0,,0,,,0
8FEAB3AAF7434731E003747C511F06DE,1,0,0,,0,,,0
61FA7C39E5BE53C3EE5ABFBFEEE0498E,0,0,0,,0,,,0
11AC0DA8BADF34DCB5E376A418F40768,0,0,0,,0,,,0
BED5A5E98F5C8116E924201BDF247336,0,0,0,,0,,,0
6864FAEF53F37A2ED51664DCD0F0BAB0,3,2,0,,0,,,0
E4540A2E0D7E1EAC3EAC7A054D036BCF,0,0,0,,0,,,0
57CEF48816FE7CE296E7BDBD7F43F646,0,0,0,,0,,,0
A64FD07EB9F09DBA177EF9F6DC347273,2,1,0,,0,,,0
AF544A994EDE20126CA34C85DF32DFC9,4,0,0,,0,,,0
57EE82A40D1369113AC7BFE061B8730B,8,7,0,,0,,,0
CD41A801CCD33FACAB2F6862CB68F9FD,0,0,0,,0,,,0
CF41EE09246399E27F5D78EBB3FA02EA,0,0,0,,0,,,0
835890EDAF174BA817F63BC3F3F637EE,0,0,0,,0,,,0
FF4280B9B55198495A46A8D157D337D5,0,0,0,,0,,,0
44E92076C1E351471915CC98615610DA,0,0,0,,0,,,0
8176C8D1157897AC3332689C886388A5,0,0,0,,0,,,0
353D75462F2B19FA69E69234987CC695,0,0,0,,0,,,0
DA3515920C90C1A3B75690CD26CAFABB,2,1,0,,0,,,0
89FA68A4469F52593CAD2BBB7B1BFD38,0,0,0,,0,,,0
83845EB8B2DA627EB419CE24B99BB905,1,0,0,,0,,,0
DE860F06A62F2D530580702B72BC40F9,0,0,0,,0,,,0
ABDEFBDC1CE57E42AEEE21D9AED9F193,0,0,0,,0,,,0
B346C11EB6FE5629E4CA61AAF4EFF995,0,0,0,,0,,,0
B8B604EAB191354065925222664CA0E3,0,0,0,,0,,,0
D1CE26407DE7F231D92F0EFB6FB1B6C6,0,0,0,,0,,,0
657E8EB68545E75A6EAD9B6A11C2E773,1,0,0,,0,,,0
A3384A85706F346DE8E7B3547A41EEAD,0,0,0,,0,,,0
313FFB1706DF45A1D62DFC7CAF100D5B,0,0,0,,0,,,0
48C39ABD5CE13587DC55ADCAA366F951,0,0,0,,0,,,0
57C558F2E5786F026BE40B4F5FE8EE63,0,0,0,,0,,,0
2A4B17256B9DB151E67DA8BE415ED0E6,0,0,0,,0,,,0
C57F79764C2B3F64657AB2BF3921FA17,2,0,0,,0,,,0
7C7C8524146AA5006BE260A041101DF3,0,0,0,,0,,,0
F80316A9FA111B98D678F54905CCC7FF,1,0,0,,0,,,0
34D07A4D3025E6134B90E59384E5080D,1,1,0,,0,,,0
0015EE183D5A306035B51F4F6CE1E6FE,5,1,0,,0,,,0
221B7DB78DA98FB451475F551DA0E279,0,0,0,,0,,,0
3F15DB0A6DA7D3B3456291BC1F5BF8F3,0,0,0,,0,,,0
AC9D89E3BDB817820038E7F90473DC92,0,0,0,,0,,,0
0478941CDE0699903455E8A6A95546CD,0,0,0,,0,,,0
411E2E77A63C8896D477258761988C66,0,0,0,,0,,,0
4BE8F7A310057D1766D0892B2422EFC0,0,0,0,,0,,,0
6E6F6A65F29B255DBEADA74EFB519E89,0,0,0,,0,,,0
14832E0DD9C00C1F9F4B291F5CDB926E,0,0,0,,0,,,0
9BE0C2F166FC43E3ED5FCCCD34EBF1D9,0,0,0,,0,,,0
3FCED1449853569AF9CCEA07B702921E,0,0,0,,0,,,0
8C53E5235C860EECBFBB310C45F053A3,0,0,0,,0,,,0
D25D9FEAA4A83E4FA380770A9633F163,1,0,0,,0,,,0
D74D41CC112658EF2AE246910FC43B3E,0,0,0,,0,,,0
0EC1BAB7107C7EA649A44C64363F3602,0,0,0,,0,,,0
4EE71C8E9A2AF15C59EF8257FA3DE065,0,0,0,,0,,,0
6AC397F7FE54863A882604760B0E8FA9,0,0,0,,0,,,0
A40AD52E143F993C28CD77DBF2147904,0,0,0,,0,,,0
3F3697585E038DF733B054B59AED604C,0,0,0,,0,,,0
D8F5521E259CDF3AB0183942292C1B7A,1,0,0,,0,,,0
6353DEF647A531EEB7F7B124187672CE,4,0,0,,0,,,0
9BFB7620C29C4639B52FE76D4D021539,0,0,0,,0,,,0
6F17905FFFFA8A83CD073C38350EFD1F,0,0,0,,0,,,0
1EBC6E050F13EC1E1CED5CE91A2757BF,4,1,0,,0,,,0
A56A508A3344AB0530163C3A3137758C,0,0,0,,0,,,0
4660CA55B6DE728FDF54308DFCBAE1D5,0,0,0,,0,,,0
DBD9BF0890340BC5EF288708815D7727,0,0,0,,0,,,0
30C76AC59D65D735021375761B51D0A5,0,0,0,,0,,,0
1BF25BDFCAA316226888197B46485119,2,0,0,,0,,,0
7BD23557A870A43A9C0B0A98B815EB12,0,0,0,,0,,,0
51AE09760820E12217697F7007D6C78B,1,0,0,,0,,,0
438E2E90F1401395F41ABCC996A4FEC6,0,0,0,,0,,,0
38D3939DB1F686A049EC6B90CAD3B2A8,2,0,0,,0,,,0
2B648D7C6B7F9632C000A8E47AF8B36B,0,0,0,,0,,,0
1C864D9E38788E9174BE2B00FF9CF77E,0,0,0,,0,,,0
75D9ABD809B11127B88DFDD694D0FD1D,0,0,0,,0,,,0
6AB5E04785437062BD61740463459C2F,2,0,0,,0,,,0
1E533224E9BA4978EF0B2A4D87BDE24E,0,0,0,,0,,,0
4D3FBE5EAF523D45EDDD37434D3B5725,0,0,0,,0,,,0
0D746FB3F7579E8FA116B186BB30A1D6,0,0,0,,0,,,0
86A920E743B07D14A3FC819AC96C4FDF,0,0,0,,0,,,0
90337C7427D10208D3846242678C625E,0,0,0,,0,,,0
45BF32A62FB8689DB0CE159390F3C53C,0,0,0,,0,,,0
FDBFFF678A2AC1AE282F55FA86C8BF53,1,0,0,,0,,,0
CE3E59F2C2C3BD7F1C8FB80D53CF0F3B,0,0,0,,0,,,0
241EDCB35F70C0DD68945E074824433A,0,0,0,,0,,,0
D4E0984089D49EFE9DBEAAAB326E3D4F,0,0,0,,0,,,0
468C1EDD61408E2786B65E5414E5B1A4,2,0,0,,0,,,0
A5A56F3717C923CECBB9247595F6CA5F,8,0,0,,0,,,0
5976A1F5DD2057843FDC472A321221EF,0,0,0,,0,,,0
ED499FDE1CEB52E1422F868000C74A25,2,0,0,,0,,,0
B57F63C4D9015BAB845550833AD67789,3,0,0,,0,,,0
565D45A8852828EFD2AF40BF9B34CC3A,0,0,0,,0,,,0
EFA86B6888832393EC4BD56134D0BB5A,1,1,0,,0,,,0
5F820D8518D60433418F991350AF1339,0,0,0,,0,,,0
5C52C52F4EE94D26A2112A5563891E3B,0,0,0,,0,,,0
2D9A971CB5E1233FDE39A61BA7F2D703,0,0,0,,0,,,0
FA1156078EE11DA6B27C14FD9144F4BD,0,0,0,,0,,,0
F2A5ACB83F82409BA5C95A2772B951EE,0,0,0,,0,,,0
FC15C65408EE0D2A6C1E4AF5044AEF57,0,0,0,,0,,,0
D1C8EF768AA75348EE9EC5629903E194,0,0,0,,0,,,0
C2B70597394F5F624D9AC65CF82BC0EA,0,0,0,,0,,,0
E1C767D3471F9F5E9783C4E75E0B34F5,0,0,0,,0,,,0
7D7B319DFFF03520EF50236B2C3FB008,0,0,0,,0,,,0
FF6FB1CC20F8185840268C41D5524031,0,0,0,,0,,,0
BE89C8EA9D132E6BD866F4B3A8B1E384,1,0,0,,0,,,0
43689AF74CD877D546D38BD3B598C8DF,0,0,0,,0,,,0
850AAF8D6D3F1D41F22C74D4D7B19FBC,0,0,0,,0,,,0
9998EE76BBAF584BBF8206CA0472A0C2,2,0,0,,0,,,0
8EFA45B60DF34986EDC7C7CC0CD7CD69,4,0,0,,0,,,0
8C33815E0A269B776AAB4B60A4F7BC63,2,2,0,,0,,,0
0616DC1C53CF5D3B2AEDC22A7172C52F,0,0,0,,0,,,0
77F297ECE32E4728993468CE558B9AFE,0,0,0,,0,,,0
082A58AC55DB33F01AAB5ABF047F37B7,0,0,0,,0,,,0
A3451484C7C522B5BFFA0AE05B21D5DC,0,0,0,,0,,,0
BBFFFE263B7F7CB36D60A1D7305DA731,0,0,0,,0,,,0
FD123BF4E0517FC6A24602B64B34A3E7,0,0,0,,0,,,0
E0A8E10EB6F36427E4489FC10A6C242C,4,4,0,,0,,,0
84DFE81807DB1A78B675F14DECB9898D,0,0,0,,0,,,0
72FDC8899DFEC6DDD5D8248F25508922,0,0,0,,0,,,0
CC17A8C0D5F35DA6E7F25BE7F0394BBD,0,0,0,,0,,,0
860E549A84CC158ED82E93FA71EFBD1F,0,0,0,,0,,,0
EDDB568DA4003B001E757D4D7C684422,2,1,0,,0,,,0
28E665F2D6CC46662E0511EFD79DB580,6,0,0,,0,,,0
78E806EBE5EBC88602CD71184DB7B43F,0,0,0,,0,,,0
4B318E1C0D8D4FBBEB6C9806947B2604,0,0,0,,0,,,0
DE622694FDC3B9F57F917F659111E9A4,0,0,0,,0,,,0
F4FA177913ACA8661529D01C94863AC6,0,0,0,,0,,,0
9373B5D36107012F6F9137090C523FA1,0,0,0,,0,,,0
17FF9462A5E84B6FCB1B718B3DD2D3EC,3,0,0,,0,,,0
F026175BD9DA873A0F5B92744041DD11,3,1,0,,0,,,0
F272CB1151E1B39F394B7233C863EEC1,0,0,0,,0,,,0
184F53C4528F447FB1B4DC2D978C39FC,0,0,0,,0,,,0
8F4DE41BD8D479F33822189E4A426340,0,0,0,,0,,,0
573E973DB58F373A366604AE39F5133F,1,0,0,,0,,,0
874E071AA00B601BA2D717CADDF31E5B,1,0,0,,0,,,0
46EDDDA8F8957B31BB65719B7590CACE,1,0,0,,0,,,0
13384203033F4AA0BF7DF21547E04578,0,0,0,,0,,,0
E67448ADD4A71BF6B2E82278F6252A06,0,0,0,,0,,,0
817F1E60F07144A674FBAC5DF3AA1886,0,0,0,,0,,,0
84873A807D5C47DBB279396A8E7F9F32,1,0,0,,0,,,0
38CB6C26C2AA954E22F9EDC61DAEF372,0,0,0,,0,,,0
5226378293D18BED1ABC3BE63395ED21,0,0,0,,0,,,0
71B0ABCD09C94871F18450376900822E,0,0,0,,0,,,0
88FC9395C6B1955064B5250FF7C5D842,0,0,0,,0,,,0
1A8DD7AAAB0FABEAA3484E5449099D92,4,4,0,,0,,,0
10AF179A589E5B69E01C8370C4C98BDA,2,0,0,,0,,,0
596E0697D03E63845F485FDCD70B2203,1,0,0,,0,,,0
47E5E8FABBDB3D3BC261699407E7DB6B,0,0,0,,0,,,0
079104F8FA9267FEEFD71E66D64C2786,1,0,0,,0,,,0
4FC88800471841C9FF811C063B4D7B22,0,0,0,,0,,,0
008B98FBBEAA0123D07AE8C7B589D91E,0,0,0,,0,,,0
9A2E18C249A70E616BF6A230C8FFCE99,1,0,0,,0,,,0
998741A047139BBB78D5330555923C03,0,0,0,,0,,,0
962AD93C16D677E4EA7E360D561B76E2,0,0,0,,0,,,0
7C3044720DAA9A5D585AA70376ACC321,0,0,0,,0,,,0
53B64FF8871DBBB1AFADD2C8F16DE406,0,0,0,,0,,,0
44E9047CD36112ECE0887F729DA10059,0,0,0,,0,,,0
AF86E3DF0CA9BC871E7AAD630462E0CE,1,1,0,,0,,,0
DF72E958CCD805F5A0CE935ED318059F,0,0,0,,0,,,0
37C492FF57EAE72D025689B30BFFB8F7,2,1,0,,0,,,0
35BE214A677E7621B7034A724815CD4A,0,0,0,,0,,,0
41B8B6917AC3C354AC6A10CDC715FDDB,0,0,0,,0,,,0
3C5DCB637F6E138A6A5F38D823557AE3,0,0,0,,0,,,0
9B5B2CF514268808F8D23191F86959D3,0,0,0,,0,,,0
F48BBAE9EE9606F8331783862F73364B,0,0,0,,0,,,0
B479E03C24B766F2309AE1BCD3EBC8F0,0,0,0,,0,,,0
02B38EE56B5C083073314272A03B507C,0,0,0,,0,,,0
4A986ED62BA3188AF4EF8217DB3F2776,2,0,0,,0,,,0
B7BA9E1AB4945183AEB5B58AA1FEB91F,0,0,0,,0,,,0
94522C8103B938930F558AC43DE7D37F,0,0,0,,0,,,0
C96F48D9AC193635F69F2021E4FA9F85,0,0,0,,0,,,0
0872606CC79210570506C72AF0C42484,1,1,0,,0,,,0
4091F647A1B6367AC7945DA0917CDA7D,0,0,0,,0,,,0
3FF20DE9292722BB06E90DC5E902E5F7,3,1,0,,0,,,0
A332BF6CC122D1CEE65358AF2CBBD567,0,0,0,,0,,,0
747E6D4DF9C3C9FEC2151A72F696ACF9,0,0,0,,0,,,0
92D613354268A0E592A3032CFE1D7987,0,0,0,,0,,,0
FB629A58366521D55498F45606F8CA84,0,0,0,,0,,,0
19CBDFEE0542DE6749B6D1628021BB4F,0,0,0,,0,,,0
3B503D512D8D9A26C813B15CAA5A1BEF,0,0,0,,0,,,0
3DBE8687A6388111AB069B0A4E6698DE,0,0,0,,0,,,0
FA5FB2ADC812A5B3696A11990CE91691,13,13,0,,0,,,0
7229DE8AAF568032CAD06D592960BAEA,3,0,0,,0,,,0
73BB508202301793DE8A0257472CCD1D,0,0,0,,0,,,0
F766A5AF20BA3C1CC4146F0A59B099FC,0,0,0,,0,,,0
31A8ED6B3E2E7028AAF6EB107F31C239,0,0,0,,0,,,0
601BE700F4854082539210BD2EAABFD5,0,0,0,,0,,,0
AAFF0BC690EB3A8E6594099F9B199834,0,0,0,,0,,,0
6A9AB23D029870940ACDD4B67A5453EE,0,0,0,,0,,,0
C52D9633B63526E066BFD3E9BCF762A3,0,0,0,,0,,,0
F58A583456504D4164F2F4A01BF52162,1,0,0,,0,,,0
86134EB054D1E762AF7BAA7AF1926485,0,0,0,,0,,,0
211007ACC9B35D67C5E1FE2CAEC391F9,1,0,0,,0,,,0
BCF6A0F7F7CC6D8E893329BC629F87A9,1,0,0,,0,,,0
12FE645924366556C811AA9BF441F497,6,0,0,,0,,,0
8F98311F4D7459AE664493331427C5F9,0,0,0,,0,,,0
C54B3FCDAE6A053996F5143710ACF5DE,0,0,0,,0,,,0
5FFEC6B27DC190DB3CAABC6392AC6465,0,0,0,,0,,,0
4DB4823AA2982DB115CE211ADE16F253,3,0,0,,0,,,0
C7A15D94F770315AB18AFF148EED4A93,2,0,0,,0,,,0
5A914744AEC306FE89608F16FC7B8431,0,0,0,,0,,,0
A4FFA7244522F8258DEC9B6E607E222E,1,0,0,,0,,,0
EAFD9AC6BBC95C8755DA42E07A37A2B1,0,0,0,,0,,,0
959E22449D8A6E8D9897CFDA2C6ED338,0,0,0,,0,,,0
2F7CDBC4F07C87E04A1F12F2BDFD132E,0,0,0,,0,,,0
1DEA9CEA0DF70C0DC200EA4BDF460863,0,0,0,,0,,,0
FFE37D83C2A0681F789AF563AB26FF7C,0,1,0,,0,,,0
31FE3578985C855CE7FB123A32602FFC,0,0,0,,0,,,0
37F354B57F5815ED7F977B4EB58C17EF,1,0,0,,0,,,0
EDDB296A830C1EF96E3C2DD26F1EDAF7,0,0,0,,0,,,0
0FF1C86C5237121E2E7E3A0A3BA6225E,0,0,0,,0,,,0
0327DBE89EBE6C41E1D85E7EA1C29062,0,0,0,,0,,,0
30FCD255AD533DDA1D4354F51E18D36C,0,0,0,,0,,,0
0B77ADA5A9D24037334C6E339894BF64,1,1,0,,0,,,0
FFC07D8A1CDF1CFCEEA3937D37D012EE,4,2,0,,0,,,0
E6D3C4CCBB6066217EE2A2A69FB25E7C,0,0,0,,0,,,0
8E636E0E918C42BECF5FEA86953018C8,0,0,0,,0,,,0
C9A10ADC1EEF8AFBB0F96CB4183A5A21,1,0,0,,0,,,0
FDCE797E274335307965FFCDBCDBC191,0,0,0,,0,,,0
7BA85DDFE99C167FCB11CF166A99E072,1,0,0,,0,,,0
37028B50010F4DC5C194AE4B19C00BA6,0,0,0,,0,,,0
725919ED375236B5FC7250D6E5EACB32,2,0,0,,0,,,0
DD8797EEB6395630DF036363EBA33A1C,0,0,0,,0,,,0
E9B766FA2D5B25A0E71F4A023F2BE733,1,0,0,,0,,,0
79F6D4E6174818E127A589E96D3BB371,0,0,0,,0,,,0
2C25CCCCD62B43E238B3267D9E593867,0,0,0,,0,,,0
911D679310EC3008DD76A3168C5D1681,0,0,0,,0,,,0
538A5090BECB4AED98392B44DCD3C8E3,0,0,0,,0,,,0
59799178044D87636C83025522E5F52C,0,0,0,,0,,,0
6417FF52125A7DD2F3D34621B9F137E2,0,0,0,,0,,,0
678CA2A87E7E92E4997575F514FE68B6,0,0,0,,0,,,0
AB86C2BCB319BF66213C3BCEAC797115,0,0,0,,0,,,0
559F4E909F3C5B6BCA6BF20C2B7CCD5A,0,0,0,,0,,,0
6190B3A99D4C92A7B61C6278041FFD49,0,0,0,,0,,,0
6DA885D445E90BAEB0677C76F330BBFA,0,0,0,,0,,,0
7A69623E700A32A2C1B22E410FB8BC23,0,0,0,,0,,,0
1648626E0C774FE7789754879E5CB114,1,0,0,,0,,,0
F9788664CEAA2D2D2BC15A81913DC1FE,0,0,0,,0,,,0
53DCBF5CB0C65E12D674FE349DB4C9FF,0,0,0,,0,,,0
4FB9AD5448A1595338954689FD588301,2,0,0,,0,,,0
A9D955871FB5057045CD7D841CC0DB5F,0,0,0,,0,,,0
C674EFD59B8027D39049DADF8894E249,0,0,0,,0,,,0
D737AD5C76E9F3DF96F37C777665E41C,3,2,0,,0,,,0
77CBBB121DEF45BCEF21C8EE622E256E,0,0,0,,0,,,0
C399D0071A5B4BB29B5FB1C01805F76F,0,0,0,,0,,,0
20F3CD6918AF3773CBA104980250555D,1,0,0,,0,,,0
3B15C3FD7BFB909E02E9FE01888F1A31,0,0,0,,0,,,0
74A3642D02642D82BFD83C268663E569,2,0,0,,0,,,0
702BF225155E16BD19C5932FFEC8C596,0,0,0,,0,,,0
1E8796818F627BAC723114218AF1AA8D,3,0,0,,0,,,0
01C9ECCCCC0A76B7B68E6BF09E5BFEE6,0,0,0,,0,,,0
72952ABECE4668BEB4A7AE4307925226,0,0,0,,0,,,0
05A8D55B2B41149BCF936B134D396C70,0,0,0,,0,,,0
BB4DF405F6E90DC7E740CA1DFD9A8728,0,0,0,,0,,,0
E2765C1B63C598B8AE421B4D680C6D52,0,0,0,,0,,,0
7C57740B0C2F1851CBD39127A6C7CB05,0,0,0,,0,,,0
8890D41BD0584E02AD32F1E1F32D5414,0,0,0,,0,,,0
ECA13CC766D636779E38EEE568EAB027,4,0,0,,0,,,0
4D010F272D59292B2285511215176322,0,0,0,,0,,,0
4B4901F73C458F5462AED0D68571D88E,0,0,0,,0,,,0
B7F7B01204A87A92985FCEE1F9880681,0,0,0,,0,,,0
7DADFD59DDC317F8A6931C1544AA10D9,2,1,0,,0,,,0
F976F87FDD7C7B98696A93BC62C57610,0,0,0,,0,,,0
A8FD07CAB82503E8B401CE3BBA42955A,3,0,0,,0,,,0
04BF859610A5781EA9A329E23ACB99E0,2,0,0,,0,,,0
3E66A5DD741173F507C7DF9093616FAA,0,0,0,,0,,,0
A7F05EC0F2B65AD4A091DD45B5BF655F,1,0,0,,0,,,0
2285B614DADA95160FF67FD9CBA35778,0,0,0,,0,,,0
E80BA7D1EA17162D60C76F8A20B9C45B,0,0,0,,0,,,0
F751BE5FA41AF3DEC292D145FE9BFB9B,0,0,0,,0,,,0
DD68B9F033363DAB44EDCD8D635D607C,4,0,0,,0,,,0
BE32BBBAC94C2C5A6EB39B826831E764,0,0,0,,0,,,0
8BF9627603DCFB395B8D4EC4A92E90DD,0,0,0,,0,,,0
08F49AE3873CD29051069E11B098C57E,0,0,0,,0,,,0
CD44B285C7B8EB8FC329E8A5CB2CFE62,0,0,0,,0,,,0
AB702CB81D5D1F3D89FE1A7635CBB24E,0,0,0,,0,,,0
6A5E7CE6B78C0E8559C23E1E45411CCC,1,0,0,,0,,,0
68025AFB680E16B0DF140D9A7E876222,0,0,0,,0,,,0
F5EA56FA698802851BDD5E73863D0580,0,0,0,,0,,,0
F2F03F28A7AC13AE155FAA8DA9DE90FC,0,0,0,,0,,,0
174894CCE56981A5B0A2A74557D464F1,0,0,0,,0,,,0
ABF803076F199C505F76E3B1CD0FB4ED,0,0,0,,0,,,0
C72D0CD4E2832971B7CD3F7C57CF4CBA,0,0,0,,0,,,0
29BB5E0FCEC3721A4B438BFB3146FEE6,0,0,0,,0,,,0
CEBC8FAC307C3160AD3847BFE826C09E,2,0,0,,0,,,0
4BDEC7C7F61472F6C856C681D7F5BAC1,0,0,0,,0,,,0
E353ECC02DC447CC991EF8430D0C6F0C,0,0,0,,0,,,0
54E7F7B3110009D28E27936F48CE5FA3,1,0,0,,0,,,0
B9006CDD5C106AD357ECBB0B535FD496,1,0,0,,0,,,0
56E37CBEB34185FABFFAD3597BD82D50,2,0,0,,0,,,0
CD72877AD9431D1FDFC0AE027F577815,0,0,0,,0,,,0
593896CB6F6328EFD6EF22676C6ED1BC,3,2,0,,0,,,0
45EB734077D564C5B8255DA260FFCC28,1,0,0,,0,,,0
8562E021713D7EAD4237F5CA8952B576,1,0,0,,0,,,0
68467E7844DC5F894C3FB2299927ADCE,0,0,0,,0,,,0
C8FDED9EDFF7241123AA2FDEC0E84238,0,0,0,,0,,,0
ECAED70E71C286EBC52A7AFB3DDBBA51,0,0,0,,0,,,0
BD74B8017BBAE328A55C1B7D1164A5E2,0,0,0,,0,,,0
68FB0BB1E8209968722860F2B452DD8D,0,0,0,,0,,,0
D250FF34B2D9B30887A36FBB2F760A7B,0,0,0,,0,,,0
B1DA33F4B75CBA4F8121EC45E13608C2,0,0,0,,0,,,0
6C654E9F5D2B57F4F2E2D9F240EC882C,0,0,0,,0,,,0
99860CEFD3C6829FF1B668DC090F03AF,10,4,0,,0,,,0
C95B2A35A6BC7C94839B2FF05FE914CF,0,0,0,,0,,,0
05F0FB18A61CCB1E2540F4D26721CCEC,2,0,0,,0,,,0
6F2032CD91EF28D9D54DBBC22809336D,0,0,0,,0,,,0
719D9B4C227C6191B8419D7193CCCBB6,3,0,0,,0,,,0
078CDBE1F6F95BD35A27C473FE68BE59,0,0,0,,0,,,0
31A1B5A2AC8872B88F852595C64AA470,0,0,0,,0,,,0
F5EFB61F5426D12DB55FA09297CD10C6,0,0,0,,0,,,0
57685D540C56EE6B17C9C38A68880E9A,0,0,0,,0,,,0
5169CF28D5536709F0AFDADD5AA1659A,2,0,0,,0,,,0
BDE30A70A76C3C9BE423DC53C460239D,0,0,0,,0,,,0
B0E43D55E7015E85F05815AA155F1D9D,0,0,0,,0,,,0
FFCBF2D9684A7700D56B3DCD79FD7860,0,0,0,,0,,,0
D51469D355F87944B051338289697AE6,4,1,0,,0,,,0
A47B378A0FB79A091239B715515F9003,0,0,0,,0,,,0
7534DB6D52253EB7B5680711E4CC3D52,0,0,0,,0,,,0
AE8AAF2380023CB7F699E6B9304FCF59,0,0,0,,0,,,0
5EC3831365CE3E98E2D3E622D2B29C4A,1,0,0,,0,,,0
0144954795B93A124C5D1E0BF7B55CAF,2,0,0,,0,,,0
D21FA1B4C5F145D3C005DFD38C2C76B9,0,0,0,,0,,,0
CFDA4228E58F8EC5A5C446D0F1ABDB7E,0,0,0,,0,,,0
C732236D8879B3F15B99C527A19AE806,0,0,0,,0,,,0
2AB566B92E5E821F8234BDEEFAC3F8C6,4,3,0,,0,,,0
39C7855118A6FF8B3D89CBD65FBA094C,0,0,0,,0,,,0
C00B369D8C1DDB09463BD5AF68693265,0,0,0,,0,,,0
850048299C11791EC7BD492D12EE4E24,0,0,0,,0,,,0
EA5A211237A6F622397BDBCA4EFD23A1,0,0,0,,0,,,0
F0945E5A97F876E9C084AC260BA4A6F1,1,0,0,,0,,,0
D4261F60B47DC91F9869C0F6C12E30CC,0,0,0,,0,,,0
FE5DCCE817A179E9E89DECF8406E4D97,0,0,0,,0,,,0
AB984DAD6BEE2584D4CCA718CB4A003F,0,0,0,,0,,,0
961120ACB6FB3EC1519A8F2BB91BCF4D,1,1,0,,0,,,0
72F67666C3EE095EADEB033BC83BD964,0,0,0,,0,,,0
2806A59C37287ADE1137E0A7C007C87F,1,0,0,,0,,,0
B7F13AC45EF78630CB502EFD39881AF0,1,0,0,,0,,,0
C086017844D70E5F4F971AAC8AE91F8E,0,0,0,,0,,,0
4FBE865E9F3991ED9B5E68747AF3C83C,0,0,0,,0,,,0
50F6EB87E17D345A431C332D124E07D4,0,0,0,,0,,,0
646FE5210FBB09E9C5B6BA51C497E5BC,3,0,0,,0,,,0
E435DFAD157938A97CB01FCB59703DFE,1,0,0,,0,,,0
AE9E6C0BC0B312C78095FB3D90222318,0,0,0,,0,,,0
87BC2A6C8212DF7383D91B4AC0F51571,0,0,0,,0,,,0
2AFDE4FA0DB8813B60AE3DA062A32C35,1,0,0,,0,,,0
7F3C9E3FE57E567699585B097E0E57BA,1,0,0,,0,,,0
7D3C8EA868F4490FB264FBCD32442711,0,0,0,,0,,,0
7EB8B50B477E89CDF0E953176470C8B7,1,0,0,,0,,,0
3293547F418353370B43334F9CDD0BDF,0,0,0,,0,,,0
40BAB621C89960CA0D6A7F0B118FB3BF,2,0,0,,0,,,0
D1B17DA0CDBA8431AD53AC25084871BA,0,0,0,,0,,,0
54923122AEA11504966F394DB2031A74,2,0,0,,0,,,0
BA663527D98C1805D6969605889DB705,0,0,0,,0,,,0
2C5E1891BBA7942A2CED1A173BB46809,0,0,0,,0,,,0
65AD2CFB85A041A6CEACEEDF5B7353D9,3,0,0,,0,,,0
E9B432FD7B4D8149DE8BC52996C4CAC2,0,0,0,,0,,,0
6F628C995D739C8DD56A6BAC6BD0543E,0,0,0,,0,,,0
3E56C19EB2A17FE7AA5910783B20C8B1,2,2,0,,0,,,0
A8F0800914D654069C8C192387DD161A,0,0,0,,0,,,0
C5C093F851FF7398EB6BCC9D1815169F,0,0,0,,0,,,0
AB3A993734AF201C9B0725BC7890F3D6,0,0,0,,0,,,0
B63A62CBF9E47406E722D3765A10C9F2,0,0,0,,0,,,0
F212EF8CB9E42FEF69DB0D970EFA5939,0,0,0,,0,,,0
F5CA9C70FB5ACA0C36279A6FB407A7B7,1,0,0,,0,,,0
53F893B7ED8ABFDC8A60FF25E7AC26CC,0,0,0,,0,,,0
DE346CDD4A6F13969F749EA8047F282A,0,0,0,,0,,,0
7D2E881BA1B44B26135798C4E977EE0B,1,0,0,,0,,,0
01B3F8A4E745CED2639D0FBDC2FEFC88,0,0,0,,0,,,0
BB4B254D4020E22E9CE5885C8AB28F87,0,0,0,,0,,,0
778221EC5E9725111079CF2738741DCE,0,0,0,,0,,,0
DBB995BF3A253CE1A68AF3B0B43C216D,0,0,0,,0,,,0
875B046CAD0E83F6FF7C1101E9E72EC7,1,0,0,,0,,,0
01B37938C16E9268BC976CA3425D0512,0,0,0,,0,,,0
B0A1637374E82EFDE840886BC94F9936,2,1,0,,0,,,0
23698E66074685F88DD298C82FE92943,0,0,0,,0,,,0
D5BD1DA8233F61E8B0AFC5A9A78EAC8A,0,0,0,,0,,,0
7737185299BA0F58AB13A746B0E957FA,0,0,0,,0,,,0
3D3DC6CA0E47399BE1B3D6706C2458CB,0,0,0,,0,,,0
C20F84CB99028BB3D4B8D76731ED7047,0,0,0,,0,,,0
ADC4DE14CD7FFC37D4C4037D867040DC,0,0,0,,0,,,0
961CFF99C1C196A8DC7A7DEE93F44A4E,1,0,0,,0,,,0
9F4C6595BC68E85B450D109260FEC24C,1,0,0,,0,,,0
6C02BA08A0538FE6C2E8D7F6549C0E4F,0,0,0,,0,,,0
525F883367C2310BE0DCF9D1EB70C835,0,0,0,,0,,,0
F7C5554230CF0B6DF75093EDF9DF0CA8,1,0,0,,0,,,0
E1578E482FC17C22A25C7922C51FB48B,0,0,0,,0,,,0
C27D61F5B4239A4FD5AB86D61342FBBF,0,0,0,,0,,,0
733AE095F3AD6A1CFC853F42D55C86E4,3,0,0,,0,,,0
FC0E10ED9037CA6C75458E20AB85F350,0,0,0,,0,,,0
C373A2EBDDEB4C3CC895F917254032D4,0,0,0,,0,,,0
EC7F54960F789EB130267F9A3F247BB1,0,0,0,,0,,,0
D2BA6FF865D64BDC12D28BEB9F778997,0,0,0,,0,,,0
C80D68A48ECFFAD588A6784F36BA41F5,1,1,0,,0,,,0
C0B7BDF5EA4A7B8ED93F256563D8F166,0,0,0,,0,,,0
2C7A0851C697F03694BF4364695CA6C0,0,0,0,,0,,,0
C9A22B291E9B2D3D98262C8D41D703A2,0,0,0,,0,,,0
7FBA8F50097D2948AEA898B7AFA3B72A,0,0,0,,0,,,0
15CD7FD75B0E6F422912F0CBC8123AD1,2,0,0,,0,,,0
3C8C2110DC4556D3E28568CA68172047,0,0,0,,0,,,0
B851A0AE05E9284333F7910C9AF12D0A,0,0,0,,0,,,0
45C01A1B800161D9B825257D9F90482E,0,0,0,,0,,,0
5AB6FC48040115FE7EDD81FF1C984E77,1,1,0,,0,,,0
F17FFAD4D281DF3BB50F35DB0FF53631,0,0,0,,0,,,0
FAB0E5243E9092741539EB32B627D119,2,2,0,,0,,,0
CCCF3CFB6B53DBAE56940204D0093D15,0,0,0,,0,,,0
EE38ABF651F85A76B9BE38BC1B5105CB,0,0,0,,0,,,0
6FE7CAE9A9A68657F641A1E873197B7E,1,0,0,,0,,,0
9138733869AC193D12717FF4BBADDF6B,0,0,0,,0,,,0
8E796E40A689409E5574B211B5E03FA4,1,0,0,,0,,,0
A9D8195AB28E65ADB205BE72E80D2201,0,0,0,,0,,,0
F4ED2821277A2BAF13C7A3DA7151776C,0,0,0,,0,,,0
A37945F59D1633FB2C5D25C59A2996F1,2,0,0,,0,,,0
1764DE126468943A92164D6E0063E36B,0,0,0,,0,,,0
D01B472BE4E738D1F0CE308C724A8EB8,0,0,0,,0,,,0
1A0A3A600B84307B6FA941F525028CED,0,0,0,,0,,,0
2722AFDECCCA74F92CBE114B3AC0B2B4,0,0,0,,0,,,0
A79463D6757978B36380C173D1CA7B2E,0,0,0,,0,,,0
2149ADFB176C98B2862FCFA90B35865E,0,0,0,,0,,,0
7A97F1544C742D139686594C72404B53,0,0,0,,0,,,0
538F3CF4DB2DC9347AADB7B722045E44,0,0,0,,0,,,0
FCC86DFF79753F8DA423B52600EE42F1,2,0,0,,0,,,0
FA81A1001B9D1EDA7ED61A1961467510,0,0,0,,0,,,0
6F802028BFA341C9E4C6648B969B3142,2,1,0,,0,,,0
6D1AC7C51ED31F1BB495ED490CB97DBD,1,0,0,,0,,,0
91AFE154C1622C662CE0F0C0BFA802E9,0,0,0,,0,,,0
EF75945D2E274802C0EE56425AFE8B93,0,0,0,,0,,,0
01FF44D5BB7692C378E6E647AF1F2DEF,3,0,0,,0,,,0
DE974A32AA43FA0AB4FE3283823394C4,0,0,0,,0,,,0
8532BD7C5BCAFF02F04801477F506C2A,0,0,0,,0,,,0
13BB57EA23CE39B1CAC6BC68B92F0F63,0,0,0,,0,,,0
C928D9B12FC95AE81403CB7EACCBC6DC,0,0,0,,0,,,0
B636FB109A1214CE29A9875318B30031,0,0,0,,0,,,0
E42F850F632CF262056889DAE23B503C,0,0,0,,0,,,0
F5B8C1C14A41932C33B42E0B0FA11133,0,0,0,,0,,,0
D125BB9906B3F961209B35A659BFED91,0,0,0,,0,,,0
315E89B78083B26B86E87061F968089D,1,1,0,,0,,,0
561D80F721239ACF629677E30C361006,1,0,0,,0,,,0
A249FDF7B8F9494ECA865CC2E441C1FF,0,0,0,,0,,,0
26A2118C6B7E9499EF9FDD254057AA62,4,1,0,,0,,,0
F3A112872CDE2344FA467D474FA0DB8A,0,0,0,,0,,,0
B46ECBA7666B79D7A31124AA4631940A,0,0,0,,0,,,0
C408AC1AC44F0463DA25E43439BC48C4,6,2,0,,0,,,0
A857BEB662EC87FCDF02C786401AD924,1,0,0,,0,,,0
DCECE10266E35C6B4D2FEF356EF79CDF,1,1,0,,0,,,0
C32A5A661E6764E5D0F457D06DD2D125,3,0,0,,0,,,0
75EF656D2AD17E5FCC2C4FA201E6CC81,0,0,0,,0,,,0
935EB44F5B2F8B08C6224F9078DB8DDE,0,0,0,,0,,,0
C8B04CC9FD3A093D9053010A50077ACE,1,0,0,,0,,,0
CACC73E07B0B740BA5B9E88C989E2277,0,0,0,,0,,,0
6DDDAE324FDA2F60DEFC8F4424C9547D,1,0,0,,0,,,0
5D2EDA5FF4E507BFB2276AD7B8A8BAE7,0,0,0,,0,,,0
2FB136D0F1267D8583395285233465A9,0,0,0,,0,,,0
DF67650EB85A06BB0B00BA7CABFD7647,0,0,0,,0,,,0
ECC1B37446750F9870F477BE9B045D10,0,0,0,,0,,,0
B3C91CF64E82836FF51CE5D409643C24,0,0,0,,0,,,0
0B09432B1FB12213DA58F833C4303C8F,0,0,0,,0,,,0
17B17CA44D760BBEAD7EBA4F3D278734,0,0,0,,0,,,0
B387B36566DF2FE92CF39DB35ADEE9F8,0,0,0,,0,,,0
73C04DD8207C972A09AAD26150EFBA84,1,1,0,,0,,,0
D6E7E871080F1F0BC1D99BFA4CD3BCD7,1,0,0,,0,,,0
43A8BD5D120C2691E5CD273E2AD0EBD4,2,0,0,,0,,,0
689F1BF2954118B48303DDFE852FE439,0,0,0,,0,,,0
081DFC5474DE9D3546A3CDE26508B940,1,0,0,,0,,,0
4D857778816CEA6AC56B2A7C22AF5DFF,1,0,0,,0,,,0
573882302F3B51695FD01C01316919C9,0,0,0,,0,,,0
F7310903DBD55C8B143F0D01EEACF2C9,0,0,0,,0,,,0
C24792256375FB1B206147FA22640B78,2,1,0,,0,,,0
D8A18122A50C4E306B96411A5FE201AA,0,0,0,,0,,,0
C6176FAE470C4DDCD0E5BC49DFE2482B,0,0,0,,0,,,0
70FBF928B13B0D688C2E690706E28B2C,0,0,0,,0,,,0
DDB5D926459C6DD7B59A46B296C42EA0,0,0,0,,0,,,0
FE3331C93B8A54B8C9145532FFAD704A,0,0,0,,0,,,0
EF7AADCEECDE3458A235DDD61352398C,0,0,0,,0,,,0
CFF515FA65FD9D28AE084A4D0779593D,0,0,0,,0,,,0
BF876D838A489918B20C32AF31297A52,0,0,0,,0,,,0
D25BB2835318E5627602CEAD70DEFC0C,0,0,0,,0,,,0
BADA0C1C530C5E73C809DB73F7ACEAF7,0,0,0,,0,,,0
CA374E053CF35114C98D40A23CAFA777,0,0,0,,0,,,0
F49EF66549FA27719F2AE583E74A2ED6,0,0,0,,0,,,0
14369FEA1EBDEF36045794D5B5E0CF12,0,0,0,,0,,,0
1D1CE783F29D024D84145953DCCCC838,0,0,0,,0,,,0
A3C7538C883907F21EDF6C1236854505,0,0,0,,0,,,0
C14C5B8845A3A69A82646BBB5F5BD286,0,0,0,,0,,,0
83C4BA9FE06C0365B44B758ACDB4212A,51,0,0,,0,,,0
CA49B5B026DA9AC6345AE88642A2EE0C,18,18,0,,0,,,0
DB6970526FEF2DBC7F626D83170882E6,0,0,0,,0,,,0
79D16DA26AB14780B3F4723E0E57769F,10,0,0,,0,,,0
E771A5D416949733407091A003EF32BD,0,0,0,,0,,,0
518CDCF91C158C552E1F183710D02AE7,0,0,0,,0,,,0
205AE83B43BB3A54E25E55E605AF6431,0,0,0,,0,,,0
2E43E47F0411660E61CE2322023E3726,0,0,0,,0,,,0
2979D1B301F7F36C666AE78523223737,1,1,0,,0,,,0
FDBB96AACFFBD4375E320AEAB60A1D18,1,0,0,,0,,,0
2C3B1F799EFF5833CC3AF913FFBC83E5,0,0,0,,0,,,0
5A44D0AF57DD95C0F5301649B7A23509,0,0,0,,0,,,0
C3B37CE53FB376B44E79ECFDE8406A02,0,0,0,,0,,,0
3F6D1D6DB9AC1A60E7CF1107CC9AA02F,2,0,0,,0,,,0
02AF9593B8E91A25D997A1793686340E,0,0,0,,0,,,0
6AFBEC0DFA6E5343C4AAC1E9E80A5827,0,0,0,,0,,,0
708727D8FC2B53E10BC7466A0E3E87CE,1,0,0,,0,,,0
7B4C8BE095557598AD6B3BBF0FE2A615,3,0,0,,0,,,0
D2AE055850AC8C98143320E2C282342F,0,0,0,,0,,,0
828F9BD6681ACF3823BF8AF300E6E6F3,1,0,0,,0,,,0
7778BB5E68FDADD0493BD89A6F7A27DF,1,1,0,,0,,,0
4413B641371BD05F62537FA843705BAD,0,0,0,,0,,,0
365EFBA4653E36C020E74834390DFB97,0,0,0,,0,,,0
45EB0927832513B89E58E6C6C93D841C,1,1,0,,0,,,0
3837B1075C7236D81B1F98B22A33AD99,4,4,0,,0,,,0
8791B2E72939B2349520275C353259CE,0,0,0,,0,,,0
125F73E11CF98CC4152E99A95CE9FFA6,1,0,0,,0,,,0
82450EC7884C76E646C2B7A0D019AC6F,0,0,0,,0,,,0
4F9AB64AFCE77C0B04BD177F9B6B3964,0,0,0,,0,,,0
52A60DCDB529196E46A876E451C81B11,0,0,0,,0,,,0
194195F4D34F2E475E72C32E9A703BE2,1,0,0,,0,,,0
00E878EB767C8B2AC001F40367A4B8DE,1,0,0,,0,,,0
563CCC0B24F6185BEFA72F637F1BB3A0,4,2,0,,0,,,0
35B53311DA079486973693E813979210,0,0,0,,0,,,0
32542EF20DCB04AB03C08B87DD9B4D45,0,0,0,,0,,,0
52BBA8494E823AD0B058261E4B21285D,0,0,0,,0,,,0
584D2E4F744800A59C8C3F3AC63B675E,1,0,0,,0,,,0
32B3FF353DD79A2F2D3FBB01A9E39D94,3,0,0,,0,,,0
246443C652E5956C719723608243CC8E,0,0,0,,0,,,0
E4D11615287B890E18EC3CCD80FE50F3,0,0,0,,0,,,0
83EA53922DC96CEC1587443446A3C02F,0,0,0,,0,,,0
3F99834225910D961F9DDEF4F2544260,0,0,0,,0,,,0
08362BC5AB07C0587FC4CDC22AD97252,0,0,0,,0,,,0
4CFD4E167957842AFC9C7A6A5FF78827,0,0,0,,0,,,0
B0A7E817DBB034C475EADF54BBFE04EB,0,0,0,,0,,,0
C0F1EE5BC9BE774A80650B8DFC9865D4,0,0,0,,0,,,0
9A50BAE8E0C1D60903A761C361654791,0,0,0,,0,,,0
A94A5467060D6182AB2AC571707FB605,0,0,0,,0,,,0
E14E1E9DCBF77A56CAAE4A0BDBCAE307,0,0,0,,0,,,0
4696528CD5235213AD76884DF65EEE96,1,0,0,,0,,,0
A499E4CDB2C3996DD8E9F9059ECC4F8F,1,0,0,,0,,,0
1CD1D85F7C39D7814EB1A4C55646D717,0,0,0,,0,,,0
89BBCC1FFE24293BAA9904AC5BE09D0A,0,0,0,,0,,,0
0934B434A95C9441FA0AC9D771C225E8,1,0,0,,0,,,0
4C6DF34E652F6A7BA5C405370A9C2342,0,0,0,,0,,,0
A8769A284EC15B783E90F05D02F1E49D,0,0,0,,0,,,0
CDF850946EC5A7043625F939993EFF7B,0,0,0,,0,,,0
15DEF8BA7C049332809AAAF77295F3A8,0,0,0,,0,,,0
FF6B1B4C2274BEB74B0FBED6C1CA9BE0,0,0,0,,0,,,0
938864AEB3D81BB02C8219876E19E264,1,0,0,,0,,,0
6612262E5275054AFDCE143EF8638822,0,0,0,,0,,,0
845C5677F0A319F9326184B1C2AA9F0C,2,0,0,,0,,,0
D9A3E1BA90C55BE8EB433E9CA9BF2C3C,0,0,0,,0,,,0
8ECAA1A1644DDDBBC8F843E1181DA160,0,0,0,,0,,,0
53F6723FCF015D81D5C927DD8E1C3673,1,0,0,,0,,,0
F5C0DAC7021FA217CDD96EC8245A820F,0,0,0,,0,,,0
56FD2A30C1117C715F1032873672D212,0,0,0,,0,,,0
50156980A97A7B5864D5C4D05C9A423D,3,0,0,,0,,,0
A0943E4985B7E8FF4739E5D56035FD55,0,0,0,,0,,,0
FCA3C3F3A9326A4870EB5211E0EC9FE9,0,0,0,,0,,,0
1066F603FD3716A38CAD800179614DE8,0,0,0,,0,,,0
3832A2E149126D29BF512EF8C2335313,7,0,0,,0,,,0
3CCE25BD0EB23FB32D4080CA6BBA38DE,0,0,0,,0,,,0
810460BCE8FD8E5E12852CED0025B836,1,0,0,,0,,,0
800E3F42065C2EA397CCA190284A52A2,8,0,0,,0,,,0
8027EB22C15F6513377BFA426AC772E0,0,0,0,,0,,,0
26BF28F7107902095F3EC86EDB7A8D50,0,0,0,,0,,,0
89C5C03C730B8437CFFCCE050274D253,0,0,0,,0,,,0
2DC473377FAF752C77B586711AA66A90,0,0,0,,0,,,0
549A6ECE8B050A478FB9DD04A9AABD61,0,0,0,,0,,,0
047E8360F45B8F1A2A2D83FD5EAE8B7E,0,0,0,,0,,,0
64055D7DA52063D563F4271DF83BC2B2,0,0,0,,0,,,0
0407903EBDDDC329CD6C51461900975C,1,1,0,,0,,,0
76F4F164AEBC9FBC1198E2BF42AC2F77,0,0,0,,0,,,0
5C058F0DE410DC277AD5DE2A9ABDDC2A,2,2,0,,0,,,0
EA4313992CD619D1CFBA9477B1FA5746,1,0,0,,0,,,0
D2FA501819D653CF9B408901BADDE2BA,2,0,0,,0,,,0
1D93828B10CCBF112089BD8003E95178,0,0,0,,0,,,0
424665A5B64A619778573711AF994AFA,1,0,0,,0,,,0
7B96CFD4F3B4FFE25A9EAC6A0B1A9F7D,0,0,0,,0,,,0
34DF803180354BB236F98317E1B1DE67,0,0,0,,0,,,0
8E6954D0C41430A108DAC15F94B905CA,1,0,0,,0,,,0
1879629E259EAE7CC648E2F33CD77776,0,0,0,,0,,,0
3B89F2F5E5B7FDE2FA5C12EF74A747DD,0,0,0,,0,,,0
1B15459B1301B78F0969C629F410851C,0,0,0,,0,,,0
5561FB1F55C134BCEFFB80B6495ECA04,0,0,0,,0,,,0
41C6F2375C91D2BBC28428443B52A979,0,0,0,,0,,,0
4A4D194077C1524FF4D9DE88A47E80BA,1,0,0,,0,,,0
51275EF85B1988BAC4046E23E5929F7F,0,0,0,,0,,,0
27774E9ABD812E28CBF161B761585C4D,1,0,0,,0,,,0
10D8D40CD6F6867EF107CFC6F031645C,14,1,0,,0,,,0
60C6FA40F5ED4C3AC6333AF5A6DAE39B,2,0,0,,0,,,0
893526CD9E845D10C063B83B1C68D916,0,0,0,,0,,,0
6D763D3579F771A0D93778C6ACEC0112,1,0,0,,0,,,0
F2433AB13A6779494BC78635E6608C0A,2,0,0,,0,,,0
122308722784076A763D76A53C82D219,0,0,0,,0,,,0
0CE199868D066A2EBCA5BA6263900067,0,0,0,,0,,,0
8581D07F873789998E8929C212D70CA4,0,0,0,,0,,,0
C9412C4191106BA79EB392D0769EEE65,0,0,0,,0,,,0
DCD0A39C7272361599F443C651586B01,1,0,0,,0,,,0
A328A685EE92F31EE8F821757E643258,0,0,0,,0,,,0
D3147C34750B3B6DDBF2382678BAC86D,1,0,0,,0,,,0
9539CAB35A853E5BE69A7FB2885F3D43,0,0,0,,0,,,0
B2C1578946AA78775467C61512A0B360,0,0,0,,0,,,0
EA4568CC33988A7780C0482904ADE54D,0,0,0,,0,,,0
42D4FF453DAC0FE1BFFF7455BE287D92,0,0,0,,0,,,0
EF4F7A943C2A1C2BEEAE0FA00C253EDB,0,0,0,,0,,,0
4A156B1562067E514C217185EE1F4990,0,0,0,,0,,,0
6ADB388F73ED6F1EB13984556872A569,0,0,0,,0,,,0
CF64AEE0F92103BF649300583E906ECC,0,0,0,,0,,,0
EA62196C3CD3A168761EDF851C44D293,2,1,0,,0,,,0
17DD3337F00EF3D43636B69C3BF742F6,0,0,0,,0,,,0
664FD13A39C8102CBACB706F67E820A6,2,0,0,,0,,,0
12B863368CDB31A462A3831E3C0B3EA7,2,0,0,,0,,,0
D5BE5B6BA29B5033539B0A207CB4DFAB,0,0,0,,0,,,0
69874A2239A39D37F463737F89790677,0,0,0,,0,,,0
39E4645E037720D29EDE6A424C8B7AF7,1,1,0,,0,,,0
7CD073786A14675FA7B0A29337809B2C,2,0,0,,0,,,0
1B7E0BA3927664E28BEE27B0ADD06351,4,0,0,,0,,,0
5A9A3E94580D662C817FD51B5C1D7E7E,1,0,0,,0,,,0
0979A3E58FC8F7FFB1F9FB7C69AF99FE,0,0,0,,0,,,0
BD287DF0DA921DF254E7870C080AFDC9,4,0,0,,0,,,0
5B7B0850C71254F6D9D437AF871870C2,0,0,0,,0,,,0
3A9822A45723150DF756EE8276F781FB,2,0,0,,0,,,0
22405B1A79DE8FE05BE73B857CEB87E8,1,0,0,,0,,,0
DF7259366C280AC34E430FAE5F312967,1,1,0,,0,,,0
45C715CA0B023407CF3B6D82F6149D4A,0,0,0,,0,,,0
29BF140A43CB250B891EE34D5CEB39E4,0,0,0,,0,,,0
B1BEEB89E7F8A596AA10AB384169460A,8,7,0,,0,,,0
18949AF09FF225ECF9E8C113465E7A4F,0,0,0,,0,,,0
AC103055E83E587CED6353022475BC46,0,0,0,,0,,,0
8B25555B1A9A4ECE55DB617BFAB64380,9,0,0,,0,,,0
BF1DC1D0F07638624CF086D1EF23F10D,2,0,0,,0,,,0
26E433620D4C61C3082CF472C0528789,0,0,0,,0,,,0
037966B904CA2BD5B273B581B9A93EF9,0,0,0,,0,,,0
138AB6EBE4050230CB82CBB6A836414F,0,0,0,,0,,,0
27EFBA538C3105EE048D7928D92F46C2,0,0,0,,0,,,0
CAD3A08E6D0254046CB4816C7D5AC191,0,0,0,,0,,,0
5CA5C9A7A4EC0F62C14A262E891CF82C,1,0,0,,0,,,0
5368FA4CAC32424FB0D89839157DCD3E,0,0,0,,0,,,0
607B2A6020B73522498F0A9AC58146B4,0,0,0,,0,,,0
F006F7F2637A17EEF6C30A1DD804B2DB,2,1,0,,0,,,0
27C815F3B8D53445CC63890D88B27BF4,0,0,0,,0,,,0
E8A973405C2B6257B3BBD06D11EB27D7,4,0,0,,0,,,0
5DA9B8E6D16C68613B3C805D9E449623,0,0,0,,0,,,0
67751207720C2A8BF5DA71D5E4AC2C3B,1,0,0,,0,,,0
DF2E50D9D40B7DC75C59120086ABD73E,0,0,0,,0,,,0
92E1C8A5D93A9D9CF37FE6514759A917,0,0,0,,0,,,0
60EF5AC96BA37397D594C2A37EFB0B00,0,0,0,,0,,,0
CF47527ED4DC4E92E0846EAA261353D3,1,0,0,,0,,,0
D355F1DDE8C198E89E10299C2A0B5C56,5,0,0,,0,,,0
C30241C0419882294A906AAD831AA099,3,0,0,,0,,,0
BFA75C79D73290F276383A9F526F1F2B,0,0,0,,0,,,0
EDC765D7195F2DB1D4BE77C0CB9600F9,7,0,0,,0,,,0
E127CC68A8710CD6BE38F121716790EF,0,0,0,,0,,,0
43EE5BF1D0191045B2902249D1C0AA8D,0,0,0,,0,,,0
AD8EC45CB90A8CEFC376341115A6E1E7,0,0,0,,0,,,0
2F6043B9170F1B2C4A16A13F3D6D00EB,3,0,0,,0,,,0
07EE738CC6BB40B5CCC69AD795F01F86,1,0,0,,0,,,0
7D3945134E94813BEF77D77942D1A324,0,0,0,,0,,,0
F836FAA923088FF72DA361A4883E5F7A,0,0,0,,0,,,0
67EAABE23BA806180D7012C66DD19CD5,6,0,0,,0,,,0
663D8CAA5C8557990003DC2CFF2428B8,0,0,0,,0,,,0
F8BD5C0F411A20E3954E725D21EA97D8,5,0,0,,0,,,0
5DC5AEF9C16463E110F88FE8369597B1,0,0,0,,0,,,0
D21481353CCE923FA0C38D8840FBA966,0,0,0,,0,,,0
3C1EA37769D96597EEE17F0AAA2E8BE2,0,0,0,,0,,,0
C5DC6E64EF6392AB94D27A54379E6152,1,0,0,,0,,,0
8191E2C8F4F47F6FEEC66E9CD3F474B5,0,0,0,,0,,,0
AA521F9244B468AD3E5FA7E78775D967,0,0,0,,0,,,0
7A24963AB998AC045AF363D6DDE7F169,0,0,0,,0,,,0
77BDB7F94D723EB9CF5270096F8355D7,0,0,0,,0,,,0
74CB23DE1F067335D9D3AFADA881BDD0,1,0,0,,0,,,0
0EF28ECAB5D156B8FCB7E9C2ABDDD6E8,1,0,0,,0,,,0
EEA576AE30975611B7C0B9948180AD91,5,0,0,,0,,,0
5BA691FA0C509B9F8909E7FFC0C88FEC,1,0,0,,0,,,0
2D9E81829DC070224ABDE3EAA0F34C2E,1,0,0,,0,,,0
4C181502904DF8C8B45EDA3B51B5C93D,0,0,0,,0,,,0
684F90C168B16F3B6A7C0604555D8D18,1,0,0,,0,,,0
895B90A99B4E9C5E53F3CA37E25922E3,1,0,0,,0,,,0
1FF2E74F218E6EF6BFF2046517E10C82,1,0,0,,0,,,0
4250F354CD1E24B7D34A22F921D04552,1,0,0,,0,,,0
7DDBCD435B38765CE6783A9658DCFA37,0,0,0,,0,,,0
8A4392D35E1D04D5383512122B6D62FC,5,0,0,,0,,,0
3D67952404516995BF6ABB2A152F017A,0,0,0,,0,,,0
663442AC9FDA044B9549E5DBE9164FE3,0,0,0,,0,,,0
8ABFE99F803A79E5167EA5A1288BAE99,0,0,0,,0,,,0
BD76EE5AD8E7D56599A9CDB72CC8C261,0,0,0,,0,,,0
39FC9EE932D065CA4145C5DEE27FA699,2,0,0,,0,,,0
C4459667181A919438CF527E308A74C0,1,0,0,,0,,,0
416A038777CD9E8FC54D83A9E927FC3B,0,0,0,,0,,,0
AFD42790243FAE82622937AA30FDC2E1,0,0,0,,0,,,0
1422C2354A1E90B827F6E45BA5B00778,0,0,0,,0,,,0
E04D891767A2AABB0D306D98DF55CD06,0,0,0,,0,,,0
D6805D6DBC696E9A33451DFDC412EEBF,0,0,0,,0,,,0
D0A0C9FE72F7C4C6D503EEFBB00C1B83,0,0,0,,0,,,0
9931BF1870F9193FAD87597955E5CD4C,0,0,0,,0,,,0
8B4BDB8B8E64F8C098E49C96B75F9302,0,0,0,,0,,,0
11FCE87078342891B101FE7F59E76347,1,0,0,,0,,,0
BDBDEA1D7E80DCB7F8CFE54D0955C094,0,0,0,,0,,,0
1CCEE2E9A2C71575DE40D996AEEE5772,1,1,0,,0,,,0
3E97B9E7E51C76AB2FC5F8DCC276634A,0,0,0,,0,,,0
A81D28013F1A7D03564C48121CE3D1FA,2,0,0,,0,,,0
BDF372741D8C5DAFCEFC77F81BF0C446,0,0,0,,0,,,0
C262EA51772947246DA8E8F40A870124,0,0,0,,0,,,0
6715B569543C76DB5342D8677A8A0963,0,0,0,,0,,,0
3F19671910C07BEADB4FE2E92DDD2BA8,0,0,0,,0,,,0
D027AFF0661BEA2E7489622F24AD0AC0,0,0,0,,0,,,0
4C984F59962433E54226AF922DAA894A,3,0,0,,0,,,0
D2951D7376C869257677C2D87127D0C8,0,0,0,,0,,,0
04218989D72A318EBEED9858D4C4B2E2,0,0,0,,0,,,0
08B96C79C44B80296CF29656C039947D,2,1,0,,0,,,0
83D0CA597AEF17DCC15259B436C3F1E9,0,0,0,,0,,,0
A4C70A7796DD10814F8CA198B6F0DB6A,3,0,0,,0,,,0
28025D7F3660499887C2682E5824C508,1,0,0,,0,,,0
7AA099658D8AF4D591404CDF2B2820C1,0,0,0,,0,,,0
A16FE20350BB277037EAFE6DF4DB1CBC,2,0,0,,0,,,0
25834DE157723379A2A7C6F3A8BFE33F,3,0,0,,0,,,0
F73492ED5EA4D76DB4893D5F4992BCBF,0,0,0,,0,,,0
7BC0042E8FE929F29CBF0A349814C33B,0,0,0,,0,,,0
8CB5CC0B9208B54662681541E1B42059,0,0,0,,0,,,0
F1F40FEC1F9895EF7F39B4452BE28238,1,0,0,,0,,,0
0C792683C05B6010A6C3BAB01B2765AE,1,0,0,,0,,,0
9EC122C566A5D89F5D81E8E3E680FC9E,0,0,0,,0,,,0
CA76E9ECAD98901F0A468CC1BD264497,0,0,0,,0,,,0
907A11022C3B534754C37212EFB94C07,0,0,0,,0,,,0
0234C787A1360CF7EFCDCD15BA236C02,1,0,0,,0,,,0
5235E3142FC9735A7F25A53C46540C0C,0,0,0,,0,,,0
2AC1E06BEFEF7D97745CCC87A38FAA5B,0,0,0,,0,,,0
A19AB66AF34FCCC41CB5B781B0D5622D,0,0,0,,0,,,0
CEF9B763F040531679C7B86A1F05F6DD,0,0,0,,0,,,0
3AA9762A0D0E7B8069244FFF8C0F0F01,3,3,0,,0,,,0
6FB817550EBB515A7F3F4748D9305636,0,0,0,,0,,,0
AB18969B05280A6F7E7C344C67C53208,2,0,0,,0,,,0
7D16FA38E5D29146B0CC5B82279DFA58,1,0,0,,0,,,0
5737E52C994B3F69B14A0528BB6772E7,0,0,0,,0,,,0
A8EA2C44E32D4A52C47EE6650F0B6B9F,3,0,0,,0,,,0
63DCAACED237EC5985A07B781643D6F0,0,0,0,,0,,,0
CE49C483C2F6123E86ABB111EBC702E2,0,0,0,,0,,,0
5491B1ABA7205C8BA302A395B71308F7,1,0,0,,0,,,0
A5522E19417CD2F692A0A1851367C5EB,1,0,0,,0,,,0
7AADD8862AF41FBB0598D7AE9BF41224,0,0,0,,0,,,0
D462C8ADAF766F31E1BAF37CCAB90A20,0,0,0,,0,,,0
C8FE0FF40B0E8B2A614315C781EC7A27,0,0,0,,0,,,0
6D1A7769F27790B62FC7652448D28BB2,1,0,0,,0,,,0
E8A5FD30AA5F6855E763178A3629AAF6,0,0,0,,0,,,0
A9ED2E4D2EE5E716FAA1748AB47FDBFA,0,0,0,,0,,,0
426527D4D1643AE2063463614A313FB6,0,0,0,,0,,,0
C789D82B5A0E380ADEAA7C69A825C9B2,0,0,0,,0,,,0
826D755FFE3C52017D944D3330309379,2,1,0,,0,,,0
C236B94348667D28EC82C1FD0A7B8118,0,0,0,,0,,,0
7C41A14666857729BE1E8B5614FAD745,0,0,0,,0,,,0
5103AAA15BB65D7CD3D4D212FC2D7F8F,1,0,0,,0,,,0
21A83962241B826AB42841AF81329007,0,0,0,,0,,,0
89D9AE4CC7218B42B89769567850E193,1,0,0,,0,,,0
01A2CCF65B4BB5DF87B1F9177616C5AF,0,0,0,,0,,,0
255C6D4870B1D39D00039D30C2216810,0,0,0,,0,,,0
43B2FBAB56AC6B5A40C1B367F78C080A,0,0,0,,0,,,0
8AED4DCBD2B26A76D3FBDDF55B74C382,0,0,0,,0,,,0
6DA29E97AFD4B826F14D1F990D2682A2,1,0,0,,0,,,0
1186456D796DF36A6ED62D0A7F9E9EDC,1,1,0,,0,,,0
8E239508C25100E3E70766829519FADD,1,0,0,,0,,,0
CCAF01ABF73EA83379ED9F7C5EBEAE6E,0,0,0,,0,,,0
12AFA693B9EB6706FA6065086702C9F2,0,0,0,,0,,,0
5CFEDEDC41260F16B91EC96AC8D56861,3,1,0,,0,,,0
51D9FDE9AFFE896810C7DE3B22749F1A,0,0,0,,0,,,0
3899E2E23506251A73D3A0DF16C8661E,1,0,0,,0,,,0
99A86071D6A4691F9545F6CAC2BE2BE0,0,0,0,,0,,,0
10BB754CEB1F777067969DB14A5B5FE9,0,0,0,,0,,,0
A89B7968D54517B6BD7BC07AAD5903B6,0,0,0,,0,,,0
4598BA2BDF551AF81BCAB222918691BC,0,0,0,,0,,,0
B81A3D8192C6956AF4A8ED3F83422D37,1,0,0,,0,,,0
A3E7A4F5F17B939815676C18FA71848F,0,0,0,,0,,,0
EF6D6B0B8836E4B95ED7D8FCBAF0BF6C,0,0,0,,0,,,0
5AE684C539DC4038371EDCBF649BFED1,6,0,0,,0,,,0
042C5927000E8A06D342F569D66677CF,0,0,0,,0,,,0
683146353BD8BE4744F6F2B91C2E83D9,4,2,0,,0,,,0
C94FE03FAD74038A26461F752DE7775F,1,1,0,,0,,,0
07E57CEF721E9A7A8A9D64E7FD5D62AB,0,0,0,,0,,,0
2375BB11FBCA2EA609017E5FAF7D799D,3,0,0,,0,,,0
64BB7DFAE772A77F70FB63373D0808F5,1,0,0,,0,,,0
EC318F837DFB8AB9D7D0115D7E53C56C,0,0,0,,0,,,0
507E4D4828BA34F1F3EB7ADC0FFDB3E5,0,0,0,,0,,,0
D7886E6A673D1983F11614C0A2B8D489,0,0,0,,0,,,0
760224DD438185D3F00938581C387090,0,0,0,,0,,,0
498C5BB583F33EFA29DE4783D40330FF,1,0,0,,0,,,0
5A619C1ED58AABE3A689326F95C63707,0,0,0,,0,,,0
A875EA8B40533FF9BC6C82134C1D781B,0,0,0,,0,,,0
E9207EE8B04E28F7764A07B9428B0F88,0,0,0,,0,,,0
A8E0091429C9180974E429956CDD18CF,0,0,0,,0,,,0
EA00BFE6FBAF082D6EA23AA9606D96BC,1,0,0,,0,,,0
54506E5CFFDC0AFD69A379427447BE95,4,0,0,,0,,,0
73E94C02345779D2299155829DF524E9,0,0,0,,0,,,0
B1DF8B7E1A5C4AB100592FBE9508411E,1,0,0,,0,,,0
17525F1BE9060CC23A8D0A2CC76C439C,0,0,0,,0,,,0
CD01F4303762913133BB78B2ED5738DB,0,0,0,,0,,,0
C3CF8D010A218064A32EC45C3F446B2E,0,0,0,,0,,,0
AA6C185B662F56BA9006BDA50DF5E142,0,0,0,,0,,,0
5F2147F1BA4663322819A839B94C962B,0,0,0,,0,,,0
214859359F2C42AEFC1F92E77BDD8AD2,1,0,0,,0,,,0
A3AA17E4E34A1D128DD04ACF796D46F9,1,0,0,,0,,,0
4C24E1CE52ED30B6F4D14BC6DCA1B349,0,0,0,,0,,,0
7F665CAECEC63F45013C99D81EC447CB,0,0,0,,0,,,0
3110D3E24EC1267362D1A1F380F8C528,0,0,0,,0,,,0
1E9576958AA73D69DB9E4AFBFE27D553,0,0,0,,0,,,0
8CA1AEE6A223D37BBCD0DB7A2CE8C7B7,0,0,0,,0,,,0
E55B9ABF9E27259876189060874D1E90,1,0,0,,0,,,0
122B9693B647802ACC0727BF5A36F75E,0,0,0,,0,,,0
E7C68B1A8F4A57A026168E3813046F8D,0,0,0,,0,,,0
625B68C757B6B3A4EF64BA934546FED6,0,0,0,,0,,,0
6EF5C3E8529602BC3A0834E668861FF0,0,0,0,,0,,,0
485B684174A88521EC924A619549000B,1,0,0,,0,,,0
96206832AD515FE59F0A81EE88273D3F,1,0,0,,0,,,0
A77EA8275921494B08810A6A8A0D731C,0,0,0,,0,,,0
7D95DC873E0F95E0D774526A9656D41C,0,0,0,,0,,,0
BDEC8F5D603E64079754FA49AC362FED,0,0,0,,0,,,0
37E769430F6729B039118454A79EE6FF,0,0,0,,0,,,0
DC9311919A73B5B8F74DE538CB26AA04,0,0,0,,0,,,0
83064F3CD4F65566A1CB18776BB854B2,2,0,0,,0,,,0
1A757B3501F955240695E36C9583283A,0,0,0,,0,,,0
0FFF3696DF1C14BCBFE1805357B928AD,1,0,0,,0,,,0
68A00750F05493A3B6162302FAC3E0AB,0,0,0,,0,,,0
C2FDA59A58855D59AC12621BC0B0145D,1,0,0,,0,,,0
417AFC75F221854D2D68DD8EF57571F7,2,1,0,,0,,,0
149C9391A7AFBFC80350233A0E067EEE,0,0,0,,0,,,0
E0C192FB3648443D1356D1131049E433,1,0,0,,0,,,0
B250EFD5BFE7213AE1D7A635F0499A64,1,0,0,,0,,,0
2E82B67D36FB97A4838831F2202CE329,0,0,0,,0,,,0
55CD85687010D445F7B8F45E62F67559,2,0,0,,0,,,0
E730097121F6790373D1BBCA545FD946,0,0,0,,0,,,0
1A1183FA2D2F3892D8C799099DDD8C19,0,0,0,,0,,,0
3C298495715B94E908529280C1B31088,0,0,0,,0,,,0
1814A35D096333518F94B02DDFE3BFEC,0,0,0,,0,,,0
75B9D585E9DF5F688F553C438B8444CB,2,1,0,,0,,,0
49A11497FA90980D025F77EE24F18F19,1,0,0,,0,,,0
3ECF3CEE3F708CC4EDAEC5F2BF5774D2,1,0,0,,0,,,0
14DA224D43152600B258A6EFFCBF9676,1,0,0,,0,,,0
32C1DCB54AA38EDE6064F9574F80FF92,0,0,0,,0,,,0
0B8B2CEB15466C69A0E56E325A62C91F,0,0,0,,0,,,0
4095EA70338E45E76455A764A3428D31,0,0,0,,0,,,0
58A742FC32758B7A671E51BC3EBA9667,0,0,0,,0,,,0
7EE881FC8BA5FCD10E79241259A28995,0,0,0,,0,,,0
16DDC3D9FF40E5D6EC60259C1FA33E49,0,0,0,,0,,,0
2E90EC26A8024356FD9CDA9654D7E3D9,1,0,0,,0,,,0
71D5316F1E5C2CDF0378AA391D79CD5C,0,0,0,,0,,,0
F187F3F6C0DFB1FA23483A67AA31A16D,2,1,0,,0,,,0
F2C77FE349F49DDEE3CCA3163E36E0D1,0,0,0,,0,,,0
91EE446473F12DD729F2654C60F11374,0,0,0,,0,,,0
EFD86E1BDCE09AA7CB3DE27A0C941B18,0,0,0,,0,,,0
21EF2A9E931A27A8CCDF281F6E505078,3,0,0,,0,,,0
DB8415E7FBA42DB704BFC06830B9B2E7,0,0,0,,0,,,0
BDF5C54603EA724BB06956930ADFBF0A,0,0,0,,0,,,0
1F54AC7A413B33C6023DA0AF8F489684,0,0,0,,0,,,0
FD4EE48204C72D2C49179702BEAF2868,0,0,0,,0,,,0
3D5BA7801D2014637FFEE8A64D45F6FA,3,0,0,,0,,,0
EDE2E86AA57E45D5E6D273E8AE6062B9,1,0,0,,0,,,0
216F72ED92D622B6DFF2BDEECC35A431,0,0,0,,0,,,0
B114FB5114377CE126532C96FFBB8EE6,0,0,0,,0,,,0
7AAF413B40220BE58152725CB8724861,1,0,0,,0,,,0
BBACA9946BEB183DC0A3497279D8D5AB,1,0,0,,0,,,0
13798F47A0DF4CB2AC980AEC8C733DC3,0,0,0,,0,,,0
DD5542C6A6F023B86E084419C953F5C4,1,0,0,,0,,,0
7AA4A845C3245ED0AC46BACE5FADBF04,16,7,0,,0,,,0
F15E70941DAD48CFBE3D33EB20E00BF9,0,0,0,,0,,,0
56B5FF8F62E90DE42AC8E871A65D72A3,0,0,0,,0,,,0
A5C07BB1FE9B77C0D8C493634C71864C,0,0,0,,0,,,0
EC64022E4C9668ED4F9EC11C85948DD8,3,0,0,,0,,,0
A6CFBE6AF0C043154DE9138A3C76E15A,0,0,0,,0,,,0
58B1B1C1E1752C6C6D538CE8F329E62E,9,6,0,,0,,,0
3AA0C39D468283E1EB7C688D091E8967,0,0,0,,0,,,0
FE8EFC9CFDDD3C8BC4DA48F5A4D79567,30,0,0,,0,,,0
7A6600E01EF14A0E5BDC0F0C653243FA,18,19,0,,0,,,0
A68F2211087A8B37BDD71DF8AF83ED94,0,0,0,,0,,,0
FC949A26DE750431E0BFA464F5F89587,1,0,0,,0,,,0
48D7EFA16C2686F7FF7D465E49CCF063,0,0,0,,0,,,0
84DF1EC35F7E079794DDA2BC4BA1E739,0,0,0,,0,,,0
DAEC8229F50A834D3FF0F2FA62BB0BCB,0,0,0,,0,,,0
F0C8296FEE099FADAF8AC7D51222B620,0,0,0,,0,,,0
A4FEF0C827826EBA6D32E22A28CB8D2D,0,0,0,,0,,,0
02C7E17F5BC64242F6F383B570BF1EFE,0,0,0,,0,,,0
2B9BFA8C75659C0A8CEC3F181AB986D8,0,0,0,,0,,,0
F94B0928FCD46CEEE99E0B20AD33D274,1,0,0,,0,,,0
C1C3E23CE9C63CE63956558432D83C23,1,0,0,,0,,,0
8865A650CEFB53E05186A177E5B3C97B,0,0,0,,0,,,0
EB97C4A7F83275C5D10D5C7944B95AB3,0,0,0,,0,,,0
8A6194C42CDB7DE13BD61DD3F3F8D53B,0,0,0,,0,,,0
59196CC340E2400C00B3784E36979CE5,0,0,0,,0,,,0
7E203324F76024BC2C8C1CA4E58DFEA1,0,0,0,,0,,,0
BF228451A5AA3B510CAAAAEF62613063,0,0,0,,0,,,0
8754DFAB8F57FADE16935ED23B828EB7,1,0,0,,0,,,0
9EDD9058C8210ABDCA9CBCE9A1F6B71F,2,2,0,,0,,,0
EAE8A72E3F2B53A796372676D9CB4D3E,1,0,0,,0,,,0
6449926671A19238EB721B24622B63A0,0,0,0,,0,,,0
E6540065D9F237697EA676931680F2B8,0,0,0,,0,,,0
740DC316AB581D3A557CF3B0A05F7D24,0,0,0,,0,,,0
D703FE2BF6128775A49C4EBCCE9B2D1B,2,0,0,,0,,,0
B536C6A2E4C1FA031CB57C2E9B769F7A,0,0,0,,0,,,0
7E9C255F65441D229139695A721820AE,0,0,0,,0,,,0
B95C964E99676BF2AAE4DF554CBCC806,0,0,0,,0,,,0
1922587B271F092DE7702085EB7D6E67,0,0,0,,0,,,0
9E44C9FDE3DC805877474D5DBB4FA904,0,0,0,,0,,,0
00301C0778380D4EB34CCCD9023BE857,0,0,0,,0,,,0
0AFF9E84E0311BC3CEB3AF2358D70B4D,0,0,0,,0,,,0
627C5886509B0CBE31C74A16FCD987BE,0,0,0,,0,,,0
970F644CCF7D3E2DEB6A914A56270F45,0,0,0,,0,,,0
29845B6298FB882DF53607D21F0E1DF7,0,0,0,,0,,,0
8439660AABFA5A08955C53A20F226F6D,0,0,0,,0,,,0
995831E0A17B9383F9C13FE5DECFC5F7,2,0,0,,0,,,0
347E136FEC789C49DA42A7F8CA5EFE51,5,1,0,,0,,,0
4BFC22FD6CF063C38D324F83698A344C,1,0,0,,0,,,0
8A16ECA1FFC4134A85138A59A3233D2D,0,0,0,,0,,,0
4B62198E68C784C09554B64D2BC3E8F3,0,0,0,,0,,,0
7DE32F1682C76B28D17414AAA35F4D48,0,0,0,,0,,,0
38383D77F69C1CAA39B0CAC891CB0E0B,1,0,0,,0,,,0
7E4F8268A31BC484741A6B46DA3E0C0D,0,0,0,,0,,,0
30F75FC5A6AB3A9E4D1F9276712CB31C,0,0,0,,0,,,0
2DB43A8E507757C3AEC1F3C3BFFD01B7,1,0,0,,0,,,0
63E47320B45A316BFC5AC48E1FB84DC2,0,0,0,,0,,,0
977CBDF2D7B65AC0FDC885F87117A7F2,0,0,0,,0,,,0
A454FA77DB3D39EA257AF76D50E1980F,0,0,0,,0,,,0
68A9524E56BA07A82BBC48AE25F2C246,2,1,0,,0,,,0
9C1B94181B9CAFC76B75FED142B55122,1,0,0,,0,,,0
28322673D6747D4D7CB6F2CC8508ECB6,0,0,0,,0,,,0
BE948322AB897C649F22649A73C98525,0,0,0,,0,,,0
269E58132BE4003BFD0FC24104F28765,0,0,0,,0,,,0
F06E4B305F149FBFCA762DFCA7F837BF,0,0,0,,0,,,0
0C725B5B50B1206818B3B190429673B1,0,0,0,,0,,,0
C0E8C3EA97FA565529E8C79D2285ED54,0,0,0,,0,,,0
D64F951326C12230A4EBCA8D4C98832B,0,0,0,,0,,,0
2902E47E243769C20EEFACE79EB4ECB3,0,0,0,,0,,,0
D963E509346C0E5358ECFE56AF3BB2ED,1,1,0,,0,,,0
1D5A0DC978A69FF28EC9D153F32EA871,0,0,0,,0,,,0
2C15FFDEDDA69390B7A8EB5808FB7ED6,0,0,0,,0,,,0
D8B77A575B5308D161F95ACF515F9772,0,0,0,,0,,,0
B0D104EE63ABB85675B078664B5924A8,0,0,0,,0,,,0
FD2DEFEA8D5B01DBF4A3CC826CA03EDC,0,0,0,,0,,,0
96C117FAF2661A2F71BCABC876E7A101,2,2,0,,0,,,0
57665A278A54980F95181A64E6D55E6A,0,0,0,,0,,,0
CBC67C63B6826BABB6BC657E5E4382E5,0,0,0,,0,,,0
7954F970C93ED6F9AEF04CE25CE871CD,0,0,0,,0,,,0
E3DB69E48378F1EED6C064C7614AACAB,0,0,0,,0,,,0
45EC7F973F9C0FE50CBCC7B05D88B39C,0,0,0,,0,,,0
A496FCC38B8DA24A1BC1B0BBE9F15CDC,0,0,0,,0,,,0
55E9F64E0467628594A2DD0B8BDB9EFA,0,0,0,,0,,,0
9E03DB30FDC576144D4BDC1B67AE6314,1,0,0,,0,,,0
1CE53B7BFD311B79EBE02347FAA21B4C,1,1,0,,0,,,0
06651B7BD90A9520B007ECEBF08EE9D6,0,0,0,,0,,,0
16F45EA2A56A98F911B006A5E117E4AB,0,0,0,,0,,,0
D87680443BED6AFC4AA7528AD8C2861F,0,0,0,,0,,,0
1FAE18D87AF240E20DF2F88A4FAF2B13,0,0,0,,0,,,0
C95F32DB0F187BF23C08CB82DAC4AB37,14,5,0,,0,,,0
9C0C2042CCB259EE08C5B17E499BE153,0,0,0,,0,,,0
147823801E670C540091701D0B2B1BCF,0,0,0,,0,,,0
920FA7204EC37565C8DEFAF27921F97C,1,0,0,,0,,,0
BBF92A0573AF89B5F5F951D1E4A646EE,4,0,0,,0,,,0
B4B344058D0734922CF28259E53FECDF,1,0,0,,0,,,0
95475D4BC44186852209441392FC7F92,0,0,0,,0,,,0
F60A53CDD8838C7228CEC0AFF41446FF,0,0,0,,0,,,0
C06E0ED7E44A3F107B0318E89E3DC02A,0,0,0,,0,,,0
575CDA26268871E43230F53F87804994,1,0,0,,0,,,0
34547B3F505B7598A528A9AB781D6EC5,0,0,0,,0,,,0
50E809F1EAA00356B4556CE0A20602E0,1,0,0,,0,,,0
907039DFC8166A7F501ED4C0A333D2E6,2,0,0,,0,,,0
3C56446E41DB637E8EA2C35C35DB66BE,1,1,0,,0,,,0
00971FE08D31E17AFA5C02BF8C064F47,0,0,0,,0,,,0
CB951BDFE63E47074F39C3174878E684,0,0,0,,0,,,0
2EC6F33160D7852E1AAE3F62594ABCDA,0,0,0,,0,,,0
269EE73F71332F51BD32D77A5823CAE3,0,0,0,,0,,,0
45444D344C68FBC79F560121598C1581,0,0,0,,0,,,0
171D51E3C6C81C7DD14E5AEC9A37FFC2,0,0,0,,0,,,0
54E61C14DDA4435024241BFE1D3D3894,0,0,0,,0,,,0
10D2A555EF3178ABA4E39A086E026F29,0,0,0,,0,,,0
D7CEEDF636810701C60B245371D7585B,4,2,0,,0,,,0
AF1875CB153D82BBD6B4A2B4EFBF7E45,0,0,0,,0,,,0
5D081FB360450498B2A8305588D3B224,0,0,0,,0,,,0
E6956CBFAE57004777084254F3FE1B37,1,0,0,,0,,,0
E8C1EBFBF1366C5EE4110CE5C228C1CB,1,0,0,,0,,,0
AA10BF8345E97CC40E5E4D164212868B,0,0,0,,0,,,0
3D7CFE25BCB531BCDE2E25BE5D8526FB,1,0,0,,0,,,0
1A59BCE021A204CFC10D96A0B9B8E9BB,0,0,0,,0,,,0
FF4633212F293014C26AF8A5C589754C,0,0,0,,0,,,0
4AFCE82C68EC1079768CD81CB4C0ECD7,0,0,0,,0,,,0
522B9855780976D4986F522B61883AD7,0,0,0,,0,,,0
06FBF8017A937A0F28A6AFC681ABCA12,0,0,0,,0,,,0
3154B2E869EC0FB535B5B0667A654AEF,0,0,0,,0,,,0
5CFE2216664B5E3243E51859B3329A90,0,0,0,,0,,,0
27024D6C4E63B9658837AAD3C8B3F5A9,0,0,0,,0,,,0
5879C7CA565C4DFA660DA38E6552E1D5,3,2,0,,0,,,0
678B5107CB9D55A57C122F3A3CE95F51,0,0,0,,0,,,0
8DB8FE3605D453D5AD95C7FDA55C0342,0,0,0,,0,,,0
54A8BB4F71F119C107273BE0A5798D54,0,0,0,,0,,,0
42B5F3A697531E0CF3C65098BA59A884,2,0,0,,0,,,0
B3A7324192196093D877031AE1676C76,1,0,0,,0,,,0
5499A650A5095E94AADDBEAE43F374D1,2,0,0,,0,,,0
1C680D2C4C0688F56916D9A2F222FBB1,0,0,0,,0,,,0
C2A6AE05D9676CE56BEBD9C915C50BD0,0,0,0,,0,,,0
58D299B10103535EB26FD0B5D0EAD63C,0,0,0,,0,,,0
85FFBFCEFFFD602EE04748266741E524,0,0,0,,0,,,0
C605AC91DDE016C1BEF245A62B90B05A,3,0,0,,0,,,0
CABB19A642780994D8EC3CEDC967265F,1,0,0,,0,,,0
EA95104E597E6A81BDB2F5A77DAE5951,0,0,0,,0,,,0
8A09BA558FBA866E389FBED732388620,0,0,0,,0,,,0
0BAC4B2FE322AD171CDE5B74EFD04A4B,0,0,0,,0,,,0
2927A9F548849C44AF989FAAA4392517,1,0,0,,0,,,0
71FABF98DF13052391676F3DE84BD628,0,0,0,,0,,,0
0005E3C4A38470408E9FFE32F1FD1A13,0,0,0,,0,,,0
883CD1A3DD6C51684238151107909628,0,0,0,,0,,,0
15967C65E3EF3F521341D2DFD1053EA9,0,0,0,,0,,,0
0E75AB4A1A6C0A0D782DC4D7672F54BF,1,0,0,,0,,,0
15A341EBDBE48DF391B5A1E96977CE3E,0,0,0,,0,,,0
2F20E30308B56FBA226F534A445A1E5B,0,0,0,,0,,,0
B538D05509793202091BD234EDF9F4BB,0,0,0,,0,,,0
B71E0E1595BCBE2DB614193600ED6A5D,0,0,0,,0,,,0
C79B63146204146DDC38C66B908AE267,0,0,0,,0,,,0
6723310252905C5ABB052D557192F8FE,0,0,0,,0,,,0
54AB0D93FE6B9D4FC32E606178BEB1A4,0,0,0,,0,,,0
42BFCCD7949434116B276D7D0AFA7449,0,0,0,,0,,,0
159B9A0FF4C25FEC85D1207C157E2CEC,3,0,0,,0,,,0
59C4C60BDA4D3DC24C3F167334868D61,0,0,0,,0,,,0
88874FDE50373C3FF63C6F7D53A49F72,1,0,0,,0,,,0
E72DD089E2FC7EA12D41CCE4DDAC4DD4,0,0,0,,0,,,0
E6BD402E986856BE45A107744EA310EC,0,0,0,,0,,,0
0C055BCFFB1D6F32420A250893009019,0,0,0,,0,,,0
74D4934C305412C92635FC134C437621,7,7,0,,0,,,0
6A63BE5C5A70C39CCBE63608024946B8,0,0,0,,0,,,0
9F155CE138348F03DA1B81C5FDD79861,0,0,0,,0,,,0
BEB0A5FE57BE2894D60B5C9C0085E017,1,0,0,,0,,,0
982B44451BF3A45769C58EB0791DE0E0,0,0,0,,0,,,0
FE1A7A46AAAA2AC7BA0DB1306E92C3DC,2,1,0,,0,,,0
4D9F050E0D597755A28499CE2A0AA1C3,0,0,0,,0,,,0
05313D476FE6446BA834CF391D7A6C5A,0,0,0,,0,,,0
CCB0FAAF2A971DE6C5D7A62D1B60F9EF,1,0,0,,0,,,0
8A2B1B94198A9C99A10F8AA3170D633F,2,0,0,,0,,,0
3AE4A579B37D06709D837F24DD4C5832,0,0,0,,0,,,0
54659D7613E762D9F27377BBC54A4EE1,0,0,0,,0,,,0
CD2E090AC40006498ED5A976141C9362,1,0,0,,0,,,0
BA5F15251D456AF1CF6BCB9A3FC4E783,1,0,0,,0,,,0
25C6E0927A581AC3B91535B82A7AF517,0,0,0,,0,,,0
F1837BB907AB27EC0E2B98ACE3CA48E9,0,0,0,,0,,,0
A21BEEF0A0B3843E47D16D66A50B5834,0,0,0,,0,,,0
12A0B6E613AC52FAAA4EA602FAB670FE,0,0,0,,0,,,0
B373FC50F61B5C4FC3607521BF1D89AD,0,0,0,,0,,,0
04823D3A80413633665F6335CDF8A405,1,0,0,,0,,,0
AD0F414A967E7478F1CF2ED1B145F4AD,0,0,0,,0,,,0
84B017BD7285954D2480FEE5269D822C,0,0,0,,0,,,0
A950AE681F64308A31FA33CA90B11A91,0,0,0,,0,,,0
D5F93408BDDB18D927B0DEC3B149B7E2,1,0,0,,0,,,0
882D81346BFB8177CBBF404F1A5A6643,0,0,0,,0,,,0
45116F98E0EE54636FE629BA54228131,0,0,0,,0,,,0
3FBE877D667272015A159C405F53BF48,17,14,0,,0,,,0
F171FD6F2D0155BDFCE2C41138622EAB,0,0,0,,0,,,0
BCFD29A4998077C4D44A837045477A6E,0,0,0,,0,,,0
CCF755CEF6C53A357988088F581FF645,0,0,0,,0,,,0
0A9DC17E5750D98D659892A5063E9F04,0,0,0,,0,,,0
D589DE825F4D011E33DCAAA9DDB4454D,0,0,0,,0,,,0
150372F747C719DC8DCC28EC8CBCD93E,2,0,0,,0,,,0
93F2362648919544175333B636156F52,2,0,0,,0,,,0
360DE5F8ADC6C2258777953DCDC802B9,0,0,0,,0,,,0
5EF2C671D59859DF4EF26F6F9AEED33C,0,0,0,,0,,,0
7121DB02D245599F646F34D50DD41668,1,0,0,,0,,,0
669EC0276AC761CB67555E361C534C6A,1,0,0,,0,,,0
C87CB1F5F2A4055560BA8C5DEEA1402C,0,0,0,,0,,,0
ADBF591A2A1DE60915F718F8FD6ED4C1,1,1,0,,0,,,0
C6686091275E6BF92DA682AAD9B72A63,4,0,0,,0,,,0
29D150D22AF86AA1AE6B56F5B9123D43,1,1,0,,0,,,0
FC5E83BF257B65C006DC42CEB455D736,0,0,0,,0,,,0
A6B4F42B3253164CFBC322BC172ECBCC,0,0,0,,0,,,0
18EAC473A793276FC5A29122DBB76494,0,0,0,,0,,,0
32E12F894315813AB79880599A3BFCFC,1,0,0,,0,,,0
AE5ADFE2364C604458B57CBA8FFE89CA,1,0,0,,0,,,0
A4704F91CBB660DA4B200D3B981521D9,0,0,0,,0,,,0
29D576429D004584017D0A0FE1601455,1,1,0,,0,,,0
1931CC11834A8EC4E576DCA0DE5DFD13,1,1,0,,0,,,0
98868669197FE8A135B53C57555E87FE,2,2,0,,0,,,0
F3E963D579925992BE2DF84991C979FA,1,1,0,,0,,,0
443E767D3A695AD330A2607746D3B14C,3,0,0,,0,,,0
A55B626724F60649C4B4BCADD4E82ED3,1,0,0,,0,,,0
AFDB14ED8B465437CF4A3155626358A7,0,0,0,,0,,,0
7271FF4C1203452B96A8078147D24EA4,0,0,0,,0,,,0
F9BE4FD7C6FE584C111EC4F3474B01AA,0,0,0,,0,,,0
6DFE0BCFF61E6FDF7A12BAA899ADA80D,0,0,0,,0,,,0
444CCD46210C4D1DF113C959B690D071,0,0,0,,0,,,0
D6C1D0BBAD200F748779CCBB94814770,0,0,0,,0,,,0
3F9A72FBDB9E11A90E0AD33265CBB1F3,0,0,0,,0,,,0
21452EE0B6B45D2EFF59C85EB4E0EDB3,1,0,0,,0,,,0
E0C94FC01DCA78AC331534111CDBBD32,0,0,0,,0,,,0
B6E883BD5F564690A0FEDCF90EB53D69,0,0,0,,0,,,0
6C009B8A46312B236E455B082760D867,0,0,0,,0,,,0
40493DF7E80F9562EB2A1851A0A72566,0,0,0,,0,,,0
A07F49D26D996EEED776F836A65F354C,3,1,0,,0,,,0
360030750A7033BF76B0431FB1FF7AAC,0,0,0,,0,,,0
3B05C6E2E69C1786B6FEBFABD6DF1486,1,0,0,,0,,,0
30273D86DE0B2F3DFE5E3EDF6A1ABA95,0,0,0,,0,,,0
AE9C7A5E358F2E0E0E90E4B8DD67AE76,0,0,0,,0,,,0
B1FA470998A3E6F8009A34D06D38318D,0,0,0,,0,,,0
B2FFEA4C81FCEBB44A45B5C7E7269CC4,0,0,0,,0,,,0
E09110D95E7001CAD950C2723104204E,0,0,0,,0,,,0
EC8402D60F39FD8BE729FEEE2CA9DE9C,0,0,0,,0,,,0
B103D7847F013E391F53D50C2681550B,1,0,0,,0,,,0
BFEDE353E3CCE9028D1ACB8CB3760A80,0,0,0,,0,,,0
5B6CE32CE812A339189DE823139C57B7,1,0,0,,0,,,0
DDB627A00E4213B6A69F35DB89681AF8,1,0,0,,0,,,0
309FB06B1E8E1B92A3F2164D30C4932F,2,0,0,,0,,,0
EAB466929332CA29F24D4E1F665E3522,0,0,0,,0,,,0
2E81E806635529AA8CB88FB431AD7CB4,0,0,0,,0,,,0
63717320268265098719E6F8A6D005FA,0,0,0,,0,,,0
D4AEF7C435822B42C7F23E248800A137,0,0,0,,0,,,0
B2A4B7165FE5492E71424E3B97A39E2B,0,0,0,,0,,,0
4B45AEBB268ACE41B1FA6FD7CC71AD66,0,0,0,,0,,,0
CAC12C9CF0AD0E78C9679E12A7425625,0,0,0,,0,,,0
D753C72B8F3061DAF697E30E99CCF881,1,0,0,,0,,,0
9A9167945C6C232350E220D9D190EDF5,0,0,0,,0,,,0
457A0A3DC0B5236C40B639006F9EEE73,2,0,0,,0,,,0
EBA26FD49DB188CF2BF33A14367781DC,0,0,0,,0,,,0
28259A875D980B65D82B4EA29C9A9673,0,0,0,,0,,,0
E28DF814D7C892CA0FB165D3B571A41E,0,0,0,,0,,,0
41F03CC4813FC0BA929FBB68B6AD69D6,2,0,0,,0,,,0
130AD6E923A7BD4C62978F61DDB6D91F,0,0,0,,0,,,0
2BC407B98AFB18F203BD32EF2FD15D30,0,0,0,,0,,,0
2FDD16446C63750D95AAAC6F6B41CB37,0,0,0,,0,,,0
1F85184057D190192E1D0D1D2F88B234,0,0,0,,0,,,0
7E23E81306097185328AA7EC194ACF16,1,0,0,,0,,,0
F7C189BBD2C256AE9A6745443DBE891D,0,0,0,,0,,,0
22B554F1B9C9BE53603A6D82A8974CB1,1,0,0,,0,,,0
978C2D0066D410107F7B00261F849EF8,0,0,0,,0,,,0
7111DE02896BEAD523646A9D80ABD049,0,0,0,,0,,,0
8905E3B9E6CEDD044A319CA40FD206B9,0,0,0,,0,,,0
E7F8622DFEFE27144739A84825860797,0,0,0,,0,,,0
209DB3CC26138653830E47B67ACA74E2,1,0,0,,0,,,0
0EA1C7018B340288345D50D175D64368,4,0,0,,0,,,0
5FF37EDEA1329EDC4F3D9E78CA14B212,0,0,0,,0,,,0
A614BF833FC00F492034EEA1B2CB5544,6,0,0,,0,,,0
2F416D73AD7B631DE3A63C757EB5A154,1,0,0,,0,,,0
A2A6C482A2F19037E3A89B70E16CF148,6,0,0,,0,,,0
63DC7D4093165CA24BEDD80FD22B0DD0,0,0,0,,0,,,0
6D2FB4178E8C998CADA1396C27E73515,0,0,0,,0,,,0
B0242DFCDC79663A8F8BF7CBF2B80728,1,0,0,,0,,,0
2D9B2C64C5551BF08E31B6DB1A67C5DF,0,0,0,,0,,,0
AED6A4C0D57B70F411EE165A16784643,0,0,0,,0,,,0
19C21664090A166008192E6945384295,0,0,0,,0,,,0
F3CBABC0DD0700F7FA2B7B2D91105FF2,0,0,0,,0,,,0
0863E962E3F36AC52A9B0462463D9A2B,1,0,0,,0,,,0
FAEA07149EE8523C04E709B824F233B3,2,0,0,,0,,,0
45660200E1B906ABAFBD3424BF3D8754,0,0,0,,0,,,0
D629A9BF98361EC8E38C1FFD1C6719D7,1,0,0,,0,,,0
8848A569EFE0BC12352952A9679A4949,0,0,0,,0,,,0
030D1E3733C287CC2C3195FE75DFA166,0,0,0,,0,,,0
EF2B795A26B69D5B16E585BE15A5A7EA,0,0,0,,0,,,0
EED3F010772922A499BCC8308C0E4DC6,41,1,0,,0,,,0
F7355C9DDBAE32CCB79E11D8AAB1D1B3,0,0,0,,0,,,0
AC00023336091A03FF1E114D803583E8,0,0,0,,0,,,0
18FB18991DED4AC857859A5C3BC7A1DC,1,0,0,,0,,,0
B75A4252336C6C2AA0C415DC148B1572,1,0,0,,0,,,0
5DE6199F5DEB24E59566B1BFE9803C24,0,0,0,,0,,,0
A524190069FE62C5F3D04D4CFCE5D463,0,0,0,,0,,,0
1BBD82C50693716921C0E7EC75BB2761,0,0,0,,0,,,0
7E0DD45AD74D09C5BC8876A11FF99F15,0,0,0,,0,,,0
0DA06EA1C7604A3394654062BA899C3B,0,0,0,,0,,,0
A7A3F8F3BB059FC6640DE3821AD9979C,0,0,0,,0,,,0
76F02369CC0B26EE130545A2B9657C8B,2,1,0,,0,,,0
AF6774AFB3410CD2C6E9B1B728A5A2EF,0,0,0,,0,,,0
803009ABCCFD18646B4B1C527C7A2E36,0,0,0,,0,,,0
C1503F7AAC4BAFDBF7589B41510A194A,0,0,0,,0,,,0
BA32FA2EE6A50ABF4D5EAE3DC5548B6D,0,0,0,,0,,,0
DB3692A7E53762A0EF746AD5FDFCB29B,2,1,0,,0,,,0
5721D256D9075F91EDADC2702F39DD14,0,0,0,,0,,,0
80354607C9B97BB31633939898EA85B5,4,0,0,,0,,,0
27F00948B711510BB4C0BCCEDA9B8A45,0,0,0,,0,,,0
85EB1F5E5428C27F8AAFB98507327F46,0,0,0,,0,,,0
853579C8FBEF774DAF9D327CF5C0CF7B,1,0,0,,0,,,0
AE2E38CA79394AAFD3F13599E2CAD79D,2,0,0,,0,,,0
25C9CB31F95DE1D6C42967DCBC214FAA,0,0,0,,0,,,0
B356F07DE7BAC4F30965983C9AB608A5,0,0,0,,0,,,0
0E66030347F325DEF689D46EF5765856,1,0,0,,0,,,0
C51450A8F8519BD31096B4A13ACE6D96,1,0,0,,0,,,0
9BBE11939BEE623CF07C269B75A55804,1,0,0,,0,,,0
5C76E6FB8AAC3216ABF6611CFAA2B635,0,0,0,,0,,,0
1C424EC32285911A5A4B5DEF8E5BCE3E,0,0,0,,0,,,0
8D5EFA15E2508685B416668530B07BA4,0,0,0,,0,,,0
389AE1E45F3EA1FB2083DF6129301E00,0,0,0,,0,,,0
0ACC974614DA3BB6989585D9E27A58EB,0,0,0,,0,,,0
622D6D8512303C2637073ADD1386B055,1,0,0,,0,,,0
19AB27B8A0F2C7C738683CA2F5FFEBE1,0,0,0,,0,,,0
5885B9A6C2FBB71AB1304B9EDB330B76,2,0,0,,0,,,0
CFD73BB6CBA483E4866AC7FBC87D37AD,0,0,0,,0,,,0
88B01525CB515F11080DBB6166653FBA,0,0,0,,0,,,0
6E94F41FB1EB000C00CEAF43CF70938F,0,0,0,,0,,,0
4144B78FEB589EEF5AB97C3F090C0E58,0,0,0,,0,,,0
82AC56A0A2DE0C31C50464619DAA3071,0,0,0,,0,,,0
C31BB6CDD64E7603787563361624C1D2,0,0,0,,0,,,0
2DA853D8F694250BBCFD2EDEF7E498B3,1,0,0,,0,,,0
6CD9DB8EE70F63A9D9F54616C72B5368,0,0,0,,0,,,0
941B9E075BD90885E312538D2A25B7E1,0,0,0,,0,,,0
105CB04C713D6F2AF994D547D70B2555,0,0,0,,0,,,0
5401EE64877933D577556322FBA588B7,0,0,0,,0,,,0
FCC37EB1434C9A00F7D2D3FE06349C9A,0,0,0,,0,,,0
E302754BD0574D3432010AC7CA500B7E,5,1,0,,0,,,0
2610ACECAB8147367D97BCE7F7B35F71,0,0,0,,0,,,0
3946E17DD4B99C0244B86633EC1BD7DF,8,0,0,,0,,,0
FA9CFDBBB4A5317C34895A8D167ABA12,0,0,0,,0,,,0
F3375AF169522E69A2D789D6A3283690,1,0,0,,0,,,0
D1B0E8DD4AF88A4CAB9F3079AD6DC452,0,0,0,,0,,,0
BC0567312B57EE1CD91CE50F8E99028B,0,0,0,,0,,,0
06D8AAEACE405BEB27DC4AE30FAAAFF1,0,0,0,,0,,,0
2CD0D4D05DD7563DD457539906E946EA,11,1,0,,0,,,0
829553159EBE6DDDDDBD842BF7FC2F7D,1,0,0,,0,,,0
99E78457F26E31A98AFFD54C3DCC36C5,1,0,0,,0,,,0
E1FEA6BA9D049EF343C2D18C13E32756,0,0,0,,0,,,0
238448C436149DF8E63999133DCCE5CC,0,0,0,,0,,,0
87331C2AC02608DB03191D5AA032B993,0,0,0,,0,,,0
0FFB521F60BC6AADD9A8E24A248EE0A6,2,0,0,,0,,,0
B6050B2249F452439D03F32059C2B0CD,0,0,0,,0,,,0
EB5EFBA2A8AE05024B56EAFE88762C56,0,0,0,,0,,,0
DBC30581F4559CB04A91E518B6FED2C6,1,0,0,,0,,,0
047A8E5DD1D96C2C7A7F6CC508BC78CF,0,0,0,,0,,,0
02D7BA497B4D1E055B0614197500B700,0,0,0,,0,,,0
186025800E027AA8DB976E7341FD0EB6,0,0,0,,0,,,0
7566596A1D6ACA781692A7A0B89B06EF,1,0,0,,0,,,0
43F18749A530062802719CA6999BE87C,5,5,0,,0,,,0
92E23FB6799CAF5FE84A802124E698E3,0,0,0,,0,,,0
08259AC19C7EC2FF98005884C341BCA7,0,0,0,,0,,,0
4E5E42219942D971FF2D3208C40B2EC8,0,0,0,,0,,,0
964C1077352985244B31270226FFA31A,1,0,0,,0,,,0
77BD91427F3805FD6A30F445FB0DC50B,1,0,0,,0,,,0
9C1DDDAC1CFD2806913481BD4E9FBDE1,0,0,0,,0,,,0
040470FF508128AAEFB740B55094BB8E,0,0,0,,0,,,0
6440C7C206962C265275CCD32E0F7E88,0,0,0,,0,,,0
31FA868141B30940B796177B1795E9F6,0,0,0,,0,,,0
412ED6DEDE2777A6C6DE9EBB1C98DA1A,1,0,0,,0,,,0
3F8553C5522D57F8B678040E40BAA06E,1,0,0,,0,,,0
4F5B101A84895C480667487CA7935377,0,0,0,,0,,,0
596BE8DE0E33180894B9C811DAB0CE64,2,0,0,,0,,,0
5F81E344DFFC124F7DD9D8856D8AA06D,0,0,0,,0,,,0
924C1AF6FD30DC5B4F2DE8B671658401,1,0,0,,0,,,0
E753BCF728EBAF5CF4D2D57705F007FA,1,0,0,,0,,,0
36D4AF54541384D73D11BC19EBB0DF97,0,0,0,,0,,,0
BAA42D2D94CD8312B6A7F08A576F6A8C,0,0,0,,0,,,0
25DFBAA3823DDC3B5D4C6F7B59CBF8B4,1,1,0,,0,,,0
86CD48CBAEC189CE640E4F5E447BA64F,0,0,0,,0,,,0
FD9DA3FB3626DBAADE9CE25657B9DC26,1,0,0,,0,,,0
AF95C7E5728791DE106189076F09E72B,0,0,0,,0,,,0
9894A8E49D7C8BC6785166F15F380FE1,1,0,0,,0,,,0
DA3CEBCF1E5A91ABC3072496742F593E,0,0,0,,0,,,0
69BB8289D391EEDAAB396DA0C3F8FF1D,0,0,0,,0,,,0
C32099F69A5B33301174BEF349BADDE4,0,0,0,,0,,,0
BD2AD1FF8C27811DE145E03622EFCA28,0,0,0,,0,,,0
F3680B7A0DB3257223F423872829F2A4,1,0,0,,0,,,0
9395BF938B097F4D900A9F1DBBD5D510,0,0,0,,0,,,0
49C54F74009E02853202A386D826A4AA,0,0,0,,0,,,0
C7794A9CDB0C9C6C0636878DE03F7C77,0,0,0,,0,,,0
B53D67452C4F617C7099D5A9439930E2,0,0,0,,0,,,0
30228FB5E218D7E79B1E84BE174491AF,0,0,0,,0,,,0
82F8119191117343F78C7C9667292C73,0,0,0,,0,,,0
9DE2FF828ADB57A0A40072FD231327EE,0,0,0,,0,,,0
706FC83AD621903A3D33FD6B0B56B316,0,0,0,,0,,,0
3E36D35BE8A57983FCA94E25999A7353,4,0,0,,0,,,0
6D756D2A39B762BEDE09CDA1910DEF5F,1,0,0,,0,,,0
884E1411D1698C6D29D9B762898DEB78,2,0,0,,0,,,0
B9E0CA3672F261086171CFA3C9E464C6,0,0,0,,0,,,0
4CF22018384C439D7A8476EB55EDCC74,4,2,0,,0,,,0
934F4A79FFA416BA1C2A131E7E7546B0,0,0,0,,0,,,0
3EDB32C179DC9EFC9C7061541C274F79,0,0,0,,0,,,0
4EB3ECA5F121552BBFBCBF5CFA731767,2,1,0,,0,,,0
553EAE734C7512E83AB3FC9EF8ACB9C8,8,0,0,,0,,,0
57B8AB7C6BB44333C3D948A1189DB486,2,0,0,,0,,,0
14C332A3E8F90106FE94D91E11EF8774,0,0,0,,0,,,0
F13843601E2E0D42AC232E094434D09F,2,0,0,,0,,,0
B04DC39C854A655C2C408DA8F36D7182,0,0,0,,0,,,0
D44236B4510E0A3202CA570468135934,2,1,0,,0,,,0
04C6393F42300CDFA334FD55959FB9CF,0,0,0,,0,,,0
EC95852018022C62D7D805B5F3202308,0,0,0,,0,,,0
58C5083E605108218DD38CDC5B6B5691,0,0,0,,0,,,0
512DAA6DE2804B4BB543D1BED5781189,1,1,0,,0,,,0
A89BC996120727ACE4C955CA37F0E042,0,0,0,,0,,,0
2925C76D2F873A949E568A5869513BDE,1,0,0,,0,,,0
E973B7846D23B8B642E90184729BE686,0,0,0,,0,,,0
1AAA1DF04F833632645A01D5B1C282CA,0,0,0,,0,,,0
E78D5128DA5826FB8816426B2DBEAA1F,0,0,0,,0,,,0
E8BB283019E24D0A4924C963FE7EE969,0,0,0,,0,,,0
84D185835F0DE9C48712855B8713996E,1,1,0,,0,,,0
734AC9568F0674F7BBE59D45B5B90EA7,90,0,0,,0,,,0
B75FCD833DE643B45B326D2E7AC413E4,3,1,0,,0,,,0
B930372C5D851AB3195A0CA14C9219C0,0,0,0,,0,,,0
1A7F253A85B952C329518608DEC20138,0,0,0,,0,,,0
81F1A8980CA70A978CBF421E059A8C96,0,0,0,,0,,,0
39CA0ABD1D955D12B7441AE21F4877D8,2,0,0,,0,,,0
4B60B99416CF8242CA64FDD2F19A8C89,0,0,0,,0,,,0
10092C958CD92FE2E65A2610D613CC27,0,0,0,,0,,,0
81DC64D953371143024AE6B0297C1A62,0,0,0,,0,,,0
40583B14173344C0E81AE6C252178C3B,6,6,0,,0,,,0
1EDCF6A24679D6250DD26A613FB33246,0,0,0,,0,,,0
2164CF75B3FE958AB9A88E565E44A15F,2,1,0,,0,,,0
3285F46DF9D46B4FD0EB5BC35CE33FE6,1,0,0,,0,,,0
731FDF8518097CB0FC16E6B2A3868037,0,0,0,,0,,,0
2229FC9642E89C541015991C63C2293E,0,0,0,,0,,,0
90C9C09D72EA28C4450E48E748E1EF35,1,0,0,,0,,,0
914AA1EB43AEA93E0792661F07B199A1,0,0,0,,0,,,0
05B57F40FB0403F6F6C3052D28244AB8,0,0,0,,0,,,0
5CDC206DF04E3B81D86A9BF62978EC86,0,0,0,,0,,,0
B39429262C347052770C8D1617481C1F,0,0,0,,0,,,0
451012F32A114CEB6ECDCE07397960FE,0,0,0,,0,,,0
0002B103EB7E4844DAA75700C57E820E,0,0,0,,0,,,0
C34C9257078C309AE0B7B8AC3E3D1C67,0,0,0,,0,,,0
0DAD8CFE0AE9C745B611DC432A985291,0,0,0,,0,,,0
72A69D1500F86D11D2C44FBF9680711F,0,0,0,,0,,,0
D234FFF7508E1D6E24E3CE1A5AE5F0E1,1,1,0,,0,,,0
82072F48F4EF171AAA1D605D5E205F2A,0,0,0,,0,,,0
FA9321728F99046BB7689D69FF0415C8,0,0,0,,0,,,0
7CE5EA721C3169E682540F2C897A3904,1,0,0,,0,,,0
5F221A89D8CA4217F46AEF4C5D9C925E,0,0,0,,0,,,0
D719B9BE8B622256B4298A3F540DEA9F,1,0,0,,0,,,0
525465FDD7403389EEC1845BA52C6471,0,0,0,,0,,,0
34D724E03220C00EF885D4EF69E66EF3,0,0,0,,0,,,0
77A9D856AEF74B96BDFBE805E66DB4A9,0,0,0,,0,,,0
7DFC677A7E3FB2E644F40FF5EFF901D3,0,0,0,,0,,,0
8CE27250F69265269F9F254A4E8D33F3,0,0,0,,0,,,0
9214596C486C5CB0F9A2BA60009DA5EF,0,0,0,,0,,,0
9AB26D8CDF6E8305A6DB05A487A12E44,2,0,0,,0,,,0
66CA5D58BEE095A3C60BE7BD3783E3CD,0,0,0,,0,,,0
CAA0254C8D8986428E3C7BD6C8449E41,2,1,0,,0,,,0
CF944181D26415BBE956F648FE89A05B,1,0,0,,0,,,0
174C168BB26E937C33D8C2397DB22F47,0,0,0,,0,,,0
4C54E62B31F0234AFDEBDE028F2D6A06,0,0,0,,0,,,0
7C7E71D0478D9A96AFEB74DD80521DF7,0,0,0,,0,,,0
D2BCA06AFE507E57AF2DB0946C915E24,1,0,0,,0,,,0
A9455658C8D1CA53797C04D8B93008FF,0,0,0,,0,,,0
C63823EADC246DD7B610933FF5854022,0,0,0,,0,,,0
AA0AE7D55200591A8D1F53FB2FB2C253,0,0,0,,0,,,0
EDEE5D36FFDB5499FA818B8935A5F534,1,1,0,,0,,,0
5591463E353B94EA1F105F04714AF51D,2,0,0,,0,,,0
32DC4BE3AF515BD8BD59B4DC0052A3AB,2,0,0,,0,,,0
C422716467887E87642C5A2D9851D79B,0,0,0,,0,,,0
77A1DD258AD2ED48577050A7F42A5FA8,0,0,0,,0,,,0
92F80F7212F06369DBB32D327CF8600E,0,0,0,,0,,,0
81388F7CCB235DA0A72667BE51E61FE0,2,2,0,,0,,,0
47EA96E7F9B28D20299C86CD0F8686C6,0,0,0,,0,,,0
79CBBAD72D7C329C02DB68E6B652D0C6,0,0,0,,0,,,0
CEFB0D0F41AB042BFCB45A0C27DD81F5,0,0,0,,0,,,0
73279D192EE4941DEBE4373EC34062C1,0,0,0,,0,,,0
8A8767DAACDC3F673378BD6B3574C061,0,0,0,,0,,,0
D7B9BE527E27C854698D6095DD9AD1DA,0,0,0,,0,,,0
BF77633BE8375F4A32984B692B4D8942,1,0,0,,0,,,0
707AA337DA532FC4DFFED03866DF879F,4,1,0,,0,,,0
C4E84C1EE56F339640368EDDBF3C5082,0,0,0,,0,,,0
24A866B260140FE8B875BFE38E840F48,0,0,0,,0,,,0
10F23E6BC97C1373F4F972DB75A30F01,0,0,0,,0,,,0
D4BE9C6F73E39CCE4ED1901AF98A9E3A,0,0,0,,0,,,0
7EA1A3926D1CA2460CB0EBB41B85C68C,0,0,0,,0,,,0
86573FB6996812D444DA12E9E88DE05E,0,0,0,,0,,,0
D739D483CCD20D4651E4A75ADEE94064,0,0,0,,0,,,0
6D3A18A8876EA8306DC885C3D78E019D,0,0,0,,0,,,0
C0972540979D3DBECAEFE3C817DC8776,0,0,0,,0,,,0
1DA47F89152F663ADFEC5EBC248BC646,0,0,0,,0,,,0
B101883E32DF229BEA22BB9DA2B92BAD,2,0,0,,0,,,0
D60F491E57440C04B019D6EA352949DC,1,0,0,,0,,,0
2EC26AAFCF3735C41F76D33DCFC55524,53,0,0,,0,,,0
29350CE22F01457B08316774962F5242,4,0,0,,0,,,0
405FE120AB65321DBA90DFF8B7E0E927,1,0,0,,0,,,0
513EFC13437E5CCEFF3E3D959F55C262,2,1,0,,0,,,0
EC65A4E9E110812FCB0654E5783D0ED1,5,5,0,,0,,,0
B068362583FA3003A5EAC761E0DB04D7,0,0,0,,0,,,0
895E5473C84E04D7CCB2AB8E6F684D64,5,5,0,,0,,,0
9CC3E726FDBD3A5EAC57127955DE6536,0,0,0,,0,,,0
AC553FC5148B0B61CC3289220BD37B6C,0,0,0,,0,,,0
932C98E030068743F1AFCB20B3AEB032,0,0,0,,0,,,0
943D8AA4AEE63B13BFDECE31A7429701,1,0,0,,0,,,0
8F9C09BD13D08490EA3B0EF3365325FD,1,0,0,,0,,,0
011E771A325981D82F3EA85895B4F502,0,0,0,,0,,,0
632A7C9AE2D90B8FE972FC77CF40C7D8,2,2,0,,0,,,0
5667ED47968591C3ACCE497AFABB5451,0,0,0,,0,,,0
E2EC1DFC93318604F4CC4C7E2D09ED80,0,0,0,,0,,,0
14225AFD80548C32C20D7110C88F2400,0,0,0,,0,,,0
EC2B641E1BAD11B532A8E5DCF5C5AA67,0,0,0,,0,,,0
C7FB256C360417AAB8249DF90112D8BE,1,0,0,,0,,,0
291F535417882B43FADD1E8529CE4F03,0,0,0,,0,,,0
05AD5EED131D70296485EA5138F3D6DF,0,0,0,,0,,,0
222551D96A93490D2A7FD20A34D010FF,0,0,0,,0,,,0
FBB91FC5B4C41DDD32AEBE5D58ABEBB0,0,0,0,,0,,,0
C30D1BE029EC04653434C68C708C73BA,0,0,0,,0,,,0
774A43A06FF279C1DFD27C774D602835,0,0,0,,0,,,0
71746D859E4E6D655FEE8FFBC3B6C7E9,0,0,0,,0,,,0
3B48621D018502D4808ED7C757DA8919,0,0,0,,0,,,0
4CCBCB01F77C0D0E2AF130E65F81FC8B,1,1,0,,0,,,0
1FF88F5112F6981C84A0BA78457D8BB9,0,0,0,,0,,,0
11EAF7BC4C7E076BBD9D27A6EF510AD2,0,0,0,,0,,,0
B2962E6EAD8773178235288A7F4EE09E,1,0,0,,0,,,0
534CDF9E352B6F28D27423B8DC63ACEA,0,0,0,,0,,,0
31A81B7189F8AA8BADD3FC2D3EAE48D4,0,0,0,,0,,,0
63454EAE5BDD4E7AA766014845F2000B,1,0,0,,0,,,0
6D5E557789275879745EB60D8AA53498,1,0,0,,0,,,0
D0D9C76B777C0C8CF49AFF601DE953EB,0,0,0,,0,,,0
8BEC26274CE411FDDA3BAEBE1A77D7A8,1,0,0,,0,,,0
5BDEA4C55EFDF16308475E1ACA152767,2,0,0,,0,,,0
F6ACB9D564631293322D7088744FDAAF,0,0,0,,0,,,0
F4F3BE1605BA19C3AB00161EF85B5256,0,0,0,,0,,,0
DEED482DE5C79230A13331BF4AF27ACA,0,0,0,,0,,,0
2B5437C3C5064C97EA9DD2A8FCD99571,2,0,0,,0,,,0
BCE60B5EFB0372997BEE2796EDACCFCE,1,0,0,,0,,,0
9043DDF80C097DA753756B660DF78768,0,0,0,,0,,,0
AD7E93166E647CD1F2F7B1A21574D47F,4,1,0,,0,,,0
C077B2518698834E421063901C421873,2,0,0,,0,,,0
4295F8BC46B98B453731B1F938B75CAD,13,0,0,,0,,,0
3382CA1F03103BABD01EE179BF98E1F2,2,2,0,,0,,,0
8BF10A2A67C6FFCB6187286E7FA155E7,0,0,0,,0,,,0
7AFCEC261F4C143E8817CD194BE59A7B,0,0,0,,0,,,0
3D527E74E2FA402DF94E459B17374266,0,0,0,,0,,,0
99DAA4E1A2B1472C35A0FB0DD227B951,2,0,0,,0,,,0
B2821FFD19B6511A3C18CB818A24B012,6,3,0,,0,,,0
2C4ABDBCF8941A553C5C14E8880D8032,1,1,0,,0,,,0
A371427EFF7079FFB6FFA3DA2B78FC61,0,0,0,,0,,,0
D85A96C2C2E047E4AA5605AED0185AD2,0,0,0,,0,,,0
5A8341DF08225D285D66DEEA48B62DB9,0,0,0,,0,,,0
189C4686CEE10E7CFEEF1BD9D3071458,0,0,0,,0,,,0
BF3754C0CA4E2257F9824FFCA5B23B34,1,0,0,,0,,,0
F0A722E661EA4C6E20B7054B14E4DA6E,0,0,0,,0,,,0
E75180CE46CC33B59389E5EA7F3C60AE,0,0,0,,0,,,0
273B2F85FFD9D20FA585DFC61CAF3CDE,0,0,0,,0,,,0
C2FC4E7982D01DC11CB23FD5077F51DA,0,0,0,,0,,,0
FC5B18C7F2C65FFC320B722BC8EB6E71,0,0,0,,0,,,0
3A0A129A5AE019185BA04FE866586B90,0,0,0,,0,,,0
038D97DB08CDD23559715C076E104CB9,0,0,0,,0,,,0
85E309D910401684BCE983CA33954232,1,0,0,,0,,,0
06810E360B3859ABF33A72BF9B87DCEF,0,0,0,,0,,,0
5F910211203C07F2BBA42D2125D7B180,0,0,0,,0,,,0
70EF8D8DAEA122A39718DB848634592F,0,0,0,,0,,,0
A63FC2FC0A1F0AC3C6E7FC40EFCB39F8,2,0,0,,0,,,0
E526ACF628AB5E6316F9DAF12F7C45A1,1,0,0,,0,,,0
7785E5E885C2876B8182BEBF7AA42DEE,0,0,0,,0,,,0
925382A03DBEE09B642DEA5A4923984D,0,0,0,,0,,,0
75D4077943E2281AEBA789BB5E0E2780,0,0,0,,0,,,0
AF22CF225D76C2405C85DEE54231D1DC,1,0,0,,0,,,0
63308F40E22A369FED138E97EB5C038C,0,0,0,,0,,,0
46940B869F002DCFDDA860189AF77F23,1,0,0,,0,,,0
CAEEAF95F1BA12CFD6A5D3C7DB1E5EC5,0,0,0,,0,,,0
CEFA52847A5B27E61E070646896EA4B6,0,0,0,,0,,,0
F8F10EAB037AA88FE8372DE46A292131,0,0,0,,0,,,0
498709BEF16701645DA315A5A228A250,0,0,0,,0,,,0
E2CEF43EDC0EB6CD4EE6E162E6B24B4A,0,0,0,,0,,,0
4AF00DA9B9AA39D986CE79567AE2CD7A,0,0,0,,0,,,0
52484F20244102D6818EC6C05BEF8C59,0,0,0,,0,,,0
88478B5E63460760FD82D385A6B59A8E,0,0,0,,0,,,0
05921BC5E3BE3FB4BB7B38A43E1D401F,0,0,0,,0,,,0
E69CB9BCCAB286DE371B687A36EECC42,0,0,0,,0,,,0
DA1624748AA1273D6CF808FDE1981D17,0,0,0,,0,,,0
570C8B0E5F1886E749BEF3949354D1A0,0,0,0,,0,,,0
B104E8DE71F10F08E52DA72A50C81664,0,0,0,,0,,,0
74FEEEC5DB278BA33D32E42C5A152BC0,0,0,0,,0,,,0
4E644D18359E0F5E1F065C01473E658D,1,0,0,,0,,,0
A6899F5A3CB40614EBA31AEDDC9EA254,0,0,0,,0,,,0
07B12451BED1250070C18D2989603845,0,0,0,,0,,,0
933F5A31F74100D9514B2E9EB0327871,0,0,0,,0,,,0
BD3C37307D084C839317A7AB6F131340,0,0,0,,0,,,0
EF6CC1B98C83A79C0F9C4B9ADBC2A658,0,0,0,,0,,,0
03AD106A71792A3FCC1D5DFA9796E404,0,0,0,,0,,,0
B871DE19EDBD041D11C5BEF3A616995E,0,0,0,,0,,,0
6EE270AA56EB79AB6F82A0B7B3DDD5DB,0,0,0,,0,,,0
5D6B4AB50BDAA0837F64B96CF6CDD601,0,0,0,,0,,,0
65AB464FF5E31D4C398F07E60AFBCDBA,2,0,0,,0,,,0
41BC7D60F92AA119E0C1643D54EC238D,0,0,0,,0,,,0
055922A1CAF55846CF969D475E41D35C,0,0,0,,0,,,0
6F9DC5E3A9E590AC72A55567A4196821,2,2,0,,0,,,0
F1D092A4CF21308AEB8FC56FEE44B4C4,0,0,0,,0,,,0
B16AA0715E1721E18F4B9316E4A0B3E1,0,0,0,,0,,,0
20E6CECDCD6FC955A866FF4BD5433F4C,0,0,0,,0,,,0
E2CD75DC4951578BE502B57A8FF77045,0,0,0,,0,,,0
5C4773A411EA7DA0CE90122B51F37E5D,1,0,0,,0,,,0
6A63DF74AC26ED46E67F000DC95D1154,0,0,0,,0,,,0
A63731F3B013758D196E8DF7DEC4C078,0,0,0,,0,,,0
E5A284CF837E6F0973B9B7AE22561CDE,0,0,0,,0,,,0
EA88E1EDFC0F76CA173E91C773FFC8FB,0,0,0,,0,,,0
AE0411EC55F2110C13B66F25B7EFBF6B,1,1,0,,0,,,0
87FD184B22403BC8671DC8B7A5575FFF,2,0,0,,0,,,0
99486A1044FF5BEC0017908719D2CF5A,7,0,0,,0,,,0
B0CF1C8140BC40EE09321C80A9BBD2BF,0,0,0,,0,,,0
D951647AC8133518776B4736475BF1D8,0,0,0,,0,,,0
AB4EF04B40DAB04EA7358965AB8774D3,1,1,0,,0,,,0
1D0216460C4C83D8D41342268C6534D0,2,0,0,,0,,,0
1C261CF14E530870D1889225A434B8EE,0,0,0,,0,,,0
C172F997358E720C746E7F990D63D665,1,0,0,,0,,,0
30EF3635843A1FADF5F0F708BB56B8C5,0,0,0,,0,,,0
74A776C747435724F090A1B10D654664,0,0,0,,0,,,0
6E018CE86D4601A362A9154B2500348A,2,1,0,,0,,,0
BA92BB1BDDB2B8C151B517B5C7B2795E,0,0,0,,0,,,0
F9F8CB47B2F3AB134BEE169B4BFFE6CD,0,0,0,,0,,,0
BE5F52411AB7163E9EE08D40B32037D4,1,0,0,,0,,,0
389B458DE7EBEEF4786F4FC0241F8A44,0,0,0,,0,,,0
BFBAEEF88C2A6E8FB4CBFCE3B678F28A,0,0,0,,0,,,0
DB8C45A8D59BDE9498B240C61F91B58C,0,0,0,,0,,,0
9272B4C8E7F4F0364558B43B977990D0,0,0,0,,0,,,0
389D96A747C2C953F83C8F27882E6FFB,0,0,0,,0,,,0
4F7248CFE9A405BBD16E16EF2B0D3473,0,0,0,,0,,,0
FE0D257814AA72A4EA35E86A59297F39,0,0,0,,0,,,0
717636DB6BB28A28CD06680B18ACE076,0,0,0,,0,,,0
F720D2FE0350DA0E19A729BE9A4B73FB,0,0,0,,0,,,0
903774F3C3D53410C3E15DAD84D8335B,0,0,0,,0,,,0
103A2011A9093A6E5D9AED85C81FFEC7,1,0,0,,0,,,0
B0B5FFB7FD2BC3637AA7F70832957458,0,0,0,,0,,,0
7FAB829715DE2427DC14D336735AA59A,0,0,0,,0,,,0
E3B7EF935719126F33B758913E41623E,0,0,0,,0,,,0
E325B175B66E106477EB7E729C99F8E1,8,0,0,,0,,,0
B1B04A0DC2BC6A8B7A161C1D4F00F033,0,0,0,,0,,,0
9F77EC888CD89F8AA11850CFD6FE0A7C,0,0,0,,0,,,0
83467DE234E758D48DB358F0EE37CF09,2,1,0,,0,,,0
EEB45C2B237FF64926D08B89E1D9FA37,0,0,0,,0,,,0
FA0566A93C7C7AB77BD00CE2692C9A37,1,0,0,,0,,,0
DCA6E35DBA9B19F11C82CBDD4DCE1D93,0,0,0,,0,,,0
9153C9C8AAD9E53057C0869DECD75472,0,0,0,,0,,,0
3D305F22B962A0E542AAD3719812F1E5,0,0,0,,0,,,0
279184552B138A74EE3B205BCDC55E15,0,0,0,,0,,,0
F2E0C639B4072E13D6192F79C44AEE87,2,0,0,,0,,,0
3AC57436E6347DC6B1DC2C4D966034A9,0,0,0,,0,,,0
1A680B9674C243A5A93E6ECD92984381,0,0,0,,0,,,0
506017350E584EB3D807E9C7D693AC40,1,0,0,,0,,,0
9E77E417DC513E9A797BDBBED2388BA3,0,0,0,,0,,,0
ED5C290C8F82C28C033482D31299D8CD,0,0,0,,0,,,0
A83821FE7E58727051113ACEFBA0C8F3,3,0,0,,0,,,0
A1ABA87D2C60821546BF75252CD0613D,1,1,0,,0,,,0
8F80712DF0BE47519A5A5126C9F354A5,1,0,0,,0,,,0
E5BABC69AF3C85A162630520F3C326BB,0,0,0,,0,,,0
014EE05605C94D797CA52C355638C967,1,1,0,,0,,,0
F02AA3562DE29DF795E7A2F79E35F62C,0,0,0,,0,,,0
FB88784404E4864870E5DABC75F2C70B,2,0,0,,0,,,0
2BFEB4CBB17A39C8EF5E5CADD928D780,0,0,0,,0,,,0
1FA3F9F61E0DB13044507BE8DB79F10D,0,0,0,,0,,,0
5A680416BE183F63D0E83A662E9B2FB9,0,0,0,,0,,,0
522BA55B8CE6E00DBC4CDC5DC232E3F1,1,1,0,,0,,,0
47EF903C26610B033B8734C8159B2ECA,0,0,0,,0,,,0
57709910DFDD5E0B7456527A24826BD5,1,0,0,,0,,,0
66D802A20A52D0BE2E50AE42B6104C01,0,0,0,,0,,,0
720D005FAA491CBCE8601067805B6C80,1,0,0,,0,,,0
65146CA17D748220AD9F5039412BD0C5,1,0,0,,0,,,0
3C58946C3178392A69D292F2F5A862E3,0,0,0,,0,,,0
785ED5B86988793E58973B2014200F6A,0,0,0,,0,,,0
113500DCD71C74DCB8185F374E668EFC,0,0,0,,0,,,0
465B5DC1BA69633FE49EFA52F08CBB40,1,0,0,,0,,,0
E2289E685C5C1DA90C232238DDF7814C,0,0,0,,0,,,0
1170309EA1D2309A158B8F6346AECE88,0,0,0,,0,,,0
3B7571FFAF9CEACB69B6CAB4A610081E,0,0,0,,0,,,0
B3B425C9F8A5E49EC8961FF88AFD0782,1,0,0,,0,,,0
BFC5B4B491EB653AD73002352F515A28,5,0,0,,0,,,0
FFC74856F66830EB4914CFB5827CFCF7,7,0,0,,0,,,0
3256F65AB4C32AD746BE5EB2A6C358AB,0,0,0,,0,,,0
BCEC03D4F511366810696E03E4E9D50A,3,0,0,,0,,,0
8C2FBF95992C5EF1DAF67177911ACC52,0,0,0,,0,,,0
A3DEB8E34D62285BC4E1CE3E85A12472,1,0,0,,0,,,0
87B1F896770D48526901F75489E30535,0,0,0,,0,,,0
413256B50FDB2FC68C1913539EC2DB31,2,0,0,,0,,,0
07AC6E7F50CC5A3D9991DC220B5F92A1,1,1,0,,0,,,0
791C7899FD743652AFDE22D4A5204A83,0,0,0,,0,,,0
717914316B7E4BD629C168B3A05634DC,1,2,0,,0,,,0
DCEA039740058FB15B42F4FD77CD2AF8,0,0,0,,0,,,0
A86D88D18A1A54374F66353ADB85903E,2,1,0,,0,,,0
ACAB78964E0D31C1C54BF9454BA84D1F,0,0,0,,0,,,0
5BEE801C28D39C26652A0603055B6C0F,3,1,0,,0,,,0
BD3B5EDA6B9A4E0CD9DDDB6D7BC30C52,1,0,0,,0,,,0
A765E9F4A5AA993FF502965BF138AFCF,1,0,0,,0,,,0
2B9D448A514E1058BC621B389406CED0,63,0,0,,0,,,0
FD7D7BEFC4F893B3066BA49035321901,1,0,0,,0,,,0
7FB4DAB66DA87FC26BD0F0E4AFDFC2AD,0,0,0,,0,,,0
EC69270A8257323F7E911D13FE39ADD8,4,0,0,,0,,,0
A2A4C912E36D9ED1C7558107CD4D75ED,0,0,0,,0,,,0
79E026F5AF96890DA34EB90580E9C376,0,0,0,,0,,,0
A9A4D9ED654B50C55143A93AF35088FC,0,0,0,,0,,,0
5E272234767505C052A88FAD206933F7,0,0,0,,0,,,0
C042C80F733E57A3FDD8164D3AB5BC4A,0,0,0,,0,,,0
E3492AB10226572FCE8069020EE1FD7E,1,0,0,,0,,,0
8546A59436108D3668DA06CA31FA4687,2,2,0,,0,,,0
73055B0ECBA167E1E967DFAC4568A326,10,4,0,,0,,,0
FCCCFDCD55328410B42E3734978F821F,0,0,0,,0,,,0
BB1B47477FDA9602A32880100647C2B5,0,0,0,,0,,,0
CF7BE8AAF2FF37E3E5F4C1C1AB7AF94C,0,0,0,,0,,,0
F9E9D9C3BEAC3471A1652C6417BEA52D,0,0,0,,0,,,0
A68C4D0A3F32C3F7621CA7675E9F39A6,0,0,0,,0,,,0
AA48EB37A7891AB62A3E89AC26C79907,2,0,0,,0,,,0
D864D058813F31B452BCE6743B0AF7F7,0,0,0,,0,,,0
F945C14CEB65CFF90F344D885E7604CC,0,0,0,,0,,,0
702682445AD2EEE821353CE661800AE0,0,0,0,,0,,,0
0F196FC62639C7109787513B68D543FF,1,0,0,,0,,,0
C870D8EB9C461A62D5F8E5CF7FEC4E43,0,0,0,,0,,,0
6FCD0FC6ABAD98C7738BD592F1B0689E,1,0,0,,0,,,0
A78D80659F56046CD5743B175ADA2BAD,0,0,0,,0,,,0
978C1B26DDC2271DC285853876891D6A,2,0,0,,0,,,0
5D77667ED963091C2CAECA203F417742,0,0,0,,0,,,0
901F7AF71A35D7065004B3C3219DD6D2,0,0,0,,0,,,0
38AE33220E8C236124A68F2CCBA32731,1,0,0,,0,,,0
48ABDE6FE48C6F6B037B9EF7ADBAD308,1,0,0,,0,,,0
5C88C93657AD82A97E74647EDA754E6F,0,0,0,,0,,,0
0E15EE09E81BC031CD11D069FADEE48D,0,0,0,,0,,,0
109571F881B4E3AB5794806A26FAE7B7,1,1,0,,0,,,0
4AC1820942CC72FF85385F56327C8F3F,0,0,0,,0,,,0
B50C6E5C4A4D363E3D982D6D2E1EE0AD,1,0,0,,0,,,0
7EADF5A0A13777C8ECA8AC6533BEBF38,0,0,0,,0,,,0
FB278CBE9B18727BDD8853047BD51FD5,0,0,0,,0,,,0
66AF2214C13347FD89173B240B70C6A6,0,0,0,,0,,,0
87AD4CEE7CB684F336F8BDE81BAA6F84,0,0,0,,0,,,0
FA4240B452D82B615DEA72DF6D3528B7,0,0,0,,0,,,0
7E6CB1DCF38EF87ACCC72232E35F4730,0,0,0,,0,,,0
83D52734761E2D2CD2A0FA00CDFC51A1,0,0,0,,0,,,0
D06BDD028F9A83D653B3CD89F8506395,1,0,0,,0,,,0
350EE49AD4A5D94271B68547943EA11C,0,0,0,,0,,,0
A098D049A2C05C32BF7B63298D23C663,0,0,0,,0,,,0
949C302C906D7FF0DC67D8CC46A169FA,2,0,0,,0,,,0
61BB31EC7781341B1D7B8D8A85688DA3,3,0,0,,0,,,0
D2007D608FBB90EF5363BF5C8E08117A,0,0,0,,0,,,0
7A3A20ED131AB674321A955B40644B7A,0,0,0,,0,,,0
0272AD16437C108FD4E5DD15B8C10F90,0,0,0,,0,,,0
4A74F895139C481B907A37EE5D25BA1B,0,0,0,,0,,,0
E3EDDBED53EE3E42ECF55A5E091F56D8,0,0,0,,0,,,0
D459259A48556B4C4BA67DA52F665AC9,4,0,0,,0,,,0
CAAE5593CC002505DFF01CBF4C33B83A,0,0,0,,0,,,0
DFD487F27AEE9B027FFD4E736306279E,0,0,0,,0,,,0
BD04E5553CD25E7E138F323929C23C34,0,0,0,,0,,,0
6955C33300255582FD3EC831F6C9E336,2,0,0,,0,,,0
76392607940D2F7546D0DE5C96B01013,4,2,0,,0,,,0
8EEEA60E0FAE89BB74538E965AC78CCA,0,0,0,,0,,,0
7677019B85483CE2D8705C6BADC1C68A,0,0,0,,0,,,0
0176D724BDD24298EE1C7C8E41455174,0,0,0,,0,,,0
91F3AE7CB1BB50C0DBFFCEF6F4D0E038,2,0,0,,0,,,0
8BA7798B298079BD1D9CDA0242AF2B09,0,0,0,,0,,,0
0A74C26349ABD323C5CE34AB8DD52164,3,1,0,,0,,,0
886A60A8D62105AC1400F05F6B36BC4B,1,1,0,,0,,,0
98FD08C3DDD7079BE852F15AAF5ADCAB,0,0,0,,0,,,0
382B7E4C3513E0B32AD100ABCC15B917,0,0,0,,0,,,0
CAD8397F37BC5D67D1866637DF64B9E7,0,0,0,,0,,,0
B12D9E0E066552EB8731BF7B4718BFE6,0,0,0,,0,,,0
5F55229783945643E221435546DFEB61,3,1,0,,0,,,0
1BB6E1EC145868CA4CDD1F2C31B4FD34,0,0,0,,0,,,0
68F0CE51EFAC839260CE54D08B97B8EC,4,0,0,,0,,,0
E9F999F89AD088CEE70E58DE1674F073,1,0,0,,0,,,0
DA1D860E60FA463A80DBA293EABEE7A0,2,0,0,,0,,,0
8CAC507F8E1F8404E422E1CC9A786C4C,0,0,0,,0,,,0
0668B0D5FABD52C372E70A784F74D0DA,0,0,0,,0,,,0
9F10D203085E22749FAB8E6A2DB1BABA,6,3,0,,0,,,0
EF5027132DCDB94B2406560CAF7A5938,2,2,0,,0,,,0
7CE7A576C0E09936E97D001D6FE8B9E4,0,0,0,,0,,,0
A1CCD9D935CD30A3A49B3A78204315BE,1,1,0,,0,,,0
F3B4B3CF9BBF02E8D6DAF5116FB12384,0,0,0,,0,,,0
6E0C6C910C9816D4CE7551DD5F897B9F,1,0,0,,0,,,0
4700F37B974C77D6EDADA91B8C06080C,0,0,0,,0,,,0
B0D27B7940BC47970BC9DF0664F5BE13,0,0,0,,0,,,0
4727ADF310DBA4C76A26D68E6CDA3C2E,0,0,0,,0,,,0
7706FD6AAC8E2C59389F6E15C5B4E0E7,0,0,0,,0,,,0
ED02B58B1A199D8C966AC70819786A6C,2,0,0,,0,,,0
A2F386F3592809BCA8178E8A9AB0779F,0,0,0,,0,,,0
93D1C9C170D86CF527FD6D4D46B38DC7,0,0,0,,0,,,0
AFA2F53E897C19F5A16FA91BD17864FB,0,0,0,,0,,,0
8BEAD8D3D39B1064C262D28E65E34821,0,0,0,,0,,,0
185D4D668E346E59436AE24454ED5CFF,0,0,0,,0,,,0
AFF1262CCD472757FC92B2A93C75CD81,0,0,0,,0,,,0
8A9F6BCE5D510942A986330594E32D81,1,0,0,,0,,,0
80B0C11A770335169A29BAA5D93A776F,0,0,0,,0,,,0
91679F2571FE5D47F281B00C70EC67AE,0,0,0,,0,,,0
E79B4E11B6B31650841081E4EC76C0FD,0,0,0,,0,,,0
73F5CCA17E8597F5A8DC11522CF3AC33,0,0,0,,0,,,0
93161E64BBB9EFCDCB29AA7C51D8B3AF,0,0,0,,0,,,0
695273D1127579A5184EACB9DCABE34D,0,0,0,,0,,,0
1EFB7DDCF75186BFDD85D88E84681B55,0,0,0,,0,,,0
7D483EED6843864DF402EDC5FF706A26,1,0,0,,0,,,0
9D66013D12D716BDFDB808D6820D41A5,1,0,0,,0,,,0
85FBDD863BF719FB87D11D76CF00A4EE,1,0,0,,0,,,0
0B2A8B21C42C0B9899D864F91BF109E6,0,0,0,,0,,,0
530F25A2FD853DA4BAB048DAC8531975,1,0,0,,0,,,0
5E365904E412063EAFB403EBC5C06620,0,0,0,,0,,,0
D11624EBD7C1693F9C3B4803A8D71DBA,1,0,0,,0,,,0
36DBE33E84295B60B4AB99372B72D448,0,0,0,,0,,,0
4A4C805FD75A3099E74526A1F15FBBA1,2,0,0,,0,,,0
42E20D95E5AC8A85D895C158FBAA1329,3,0,0,,0,,,0
78357CB6582E9FFB0D1D6C71059F9768,0,0,0,,0,,,0
2AC127D23CDB236CF7212B4D0F604BD3,0,0,0,,0,,,0
B6DC9436388A5BA0ABF0DA25C28A1AD9,0,0,0,,0,,,0
3C6A83811DD50E0CFDBD876259FA6D6E,2,0,0,,0,,,0
A6D1D1E727DC7BECB3C3B06E0BE5BB63,0,0,0,,0,,,0
25B495BC4C57047D5C8F298B348F87C2,0,0,0,,0,,,0
A77203BD017C4C8793F4B1F3477F54CC,0,0,0,,0,,,0
37DBB80B9A0E9882A95D3175FB2A8578,0,0,0,,0,,,0
DC6DB7FADFC6C2D762E733ABCE5FB56B,0,0,0,,0,,,0
1B73834E5F582A699FA3FE995570972C,0,0,0,,0,,,0
22ED306F6D149A2663ABEADED234C8DC,1,1,0,,0,,,0
959D4D83EB7DA9966F66F133B20BF016,0,0,0,,0,,,0
4E8A65E6E71A201D5C8CEBD90B59ABC3,4,1,0,,0,,,0
72CEA61E60F67DC5D6E09A3E5570D5EF,1,0,0,,0,,,0
7044614F875488188598249691A84988,0,0,0,,0,,,0
B401CB04DFC2F7A6D9EB3CD432CE32F1,0,0,0,,0,,,0
226FFBCB19CD472ED37C2E6DC001272C,0,0,0,,0,,,0
7556C7F6B0CC5C0309306569161FFF06,0,0,0,,0,,,0
433E34F1BFEEF8A34A78D2C73D3AA014,0,0,0,,0,,,0
2CD032CF59AC00628DA808E294B16AAB,0,0,0,,0,,,0
850766848BEE8A93647D967D46E2A0C2,0,0,0,,0,,,0
54EA7822FBEC463DB8B57ECDE9A687E0,0,0,0,,0,,,0
8DDF20B6CC209A33EE311B90D89FBB7D,0,0,0,,0,,,0
211810862E1E0D16D0AE8BC16DEC0554,3,1,0,,0,,,0
30192DE4EF8468C8AAFB5B38AB7AE0DA,1,1,0,,0,,,0
8119BA59B980089AA08263092A62B444,0,0,0,,0,,,0
FA6792A98525E54CAA1F833F500F0477,1,0,0,,0,,,0
E79E1248F975BD0902AFB7C300D1D794,0,0,0,,0,,,0
C593E23293816229C0D1E6CB4BBB34AA,0,0,0,,0,,,0
14AE5265E90C3032E7F42B9D90955F94,0,0,0,,0,,,0
8ABF778076C8386C8B3F8A7B169D73DD,1,0,0,,0,,,0
BB424E5E3ECFF562986EE0C0ED4C4BFD,0,0,0,,0,,,0
0969A1FA5300A40F4CFA6AE5BD539DE4,0,0,0,,0,,,0
F1D798DDC9C7920F6395D39BB7AA238B,0,0,0,,0,,,0
BEF5D5FFD58E3C06524EF00937AC7E5A,0,0,0,,0,,,0
57767CF8D659686AA1B8731ED6C2B4D2,0,0,0,,0,,,0
B497D406EF38E0016336A81E3CFA3DA3,2,0,0,,0,,,0
49BC3C0CB180C04FAEBAE7254B47DC1F,0,0,0,,0,,,0
92AE39B9BDDEF5ED5CE9822FE003B58F,1,0,0,,0,,,0
64A7997167EAE37BE5BFC326DF481E65,0,0,0,,0,,,0
D308E2ED1E0ADF72956DDEBB37FD59B3,0,0,0,,0,,,0
951A14C2FFC0918C927F2DBD503B3163,1,0,0,,0,,,0
76BE8CDBE01726342A50CF6BA745B8F2,0,0,0,,0,,,0
5AA9B5C426BC54D206AD5AB839CFFA2B,0,0,0,,0,,,0
157FC591FE7068E0B75124A78DFE76A9,7,0,0,,0,,,0
AF8437FF853A7C3D896816F70E2ADC70,0,0,0,,0,,,0
8361457CD13A2E9EE8BF90EB25B01284,3,0,0,,0,,,0
26646DE34E8F43C7D8706742EFBC290B,1,1,0,,0,,,0
853B4874F0A46053B45C565B84DA9D6D,4,0,0,,0,,,0
3BC6A2149A703F0BF5844B6F9BEBA66B,0,0,0,,0,,,0
2AF3441E64C812E50E1B2E9538FC7BEC,0,0,0,,0,,,0
19C62B50C2055C23961ED4C22462D361,0,0,0,,0,,,0
2FDC5E8A50761E5E75CB3E2CD6F77351,0,0,0,,0,,,0
AC65C711C46F2CF206D1B302EBED29BD,0,0,0,,0,,,0
46071A03ACF698FDE2AB9071157E3E49,0,0,0,,0,,,0
1587C99BC856418CCF3ABA3A9FA18673,4,0,0,,0,,,0
33FDEF520F8A5DD20A5CD8D06FA77E74,1,0,0,,0,,,0
AB853AEE8ADD4EBDD1CC1C8879BF30DC,0,0,0,,0,,,0
C69EAA2B96AB40DFF70453745EFE1421,0,0,0,,0,,,0
A52517065AEC59C68FF0B07C869B168C,2,0,0,,0,,,0
301F3E03F1C38FAD17155B25DF64D09B,1,0,0,,0,,,0
4E236A0193F3627F00BCAD5B8CADA1D5,4,3,0,,0,,,0
AD4F1A309EFC484D95DED3A5CFF63D02,2,1,0,,0,,,0
DA4F13B8835C8DF20ADF1C21E060E4B7,0,0,0,,0,,,0
2B810EF175EB01E7F0D54AB1EA39AE8E,1,0,0,,0,,,0
31CF96A962EC91A6DD263E1DBE3E0BA2,2,0,0,,0,,,0
DFC2120907EE81E1836E3A9E257498C9,0,0,0,,0,,,0
726BA01832DAB48A88C4D0C7CA988157,0,0,0,,0,,,0
9E63A50ABB7C292735533D3308161DBD,0,0,0,,0,,,0
C149C7D1FE5E8ABFB0806D55514CBC06,4,1,0,,0,,,0
6AE69BD54E326143C501A49A4CCD0CBB,2,0,0,,0,,,0
51861EE26D72E3AC5B5E6A3396CA7E78,1,0,0,,0,,,0
CD87517397B4F999C94D7CA7B146102C,0,0,0,,0,,,0
B862FC7AE439EF77BEF67082070EFB78,1,1,0,,0,,,0
44D91F9B964E6BBF2B8BD682D4F9A603,0,0,0,,0,,,0
7693A1C0CF271A0BAA670DF090B70EAA,3,0,0,,0,,,0
944F8921A3DA4C3E6B913ED257E9FD4C,4,1,0,,0,,,0
1AB36A765847D90D7F029C21FADFB3F4,0,0,0,,0,,,0
AC86F727F3237AD98B97B536AE6A8035,2,0,0,,0,,,0
C4DA5E64C2E044563928A06624493F27,0,0,0,,0,,,0
0ABAE364A0E2712C3CE3482E0A8B7CAE,0,0,0,,0,,,0
C434A71F0861AB4BD95AC6E645FA87B1,1,1,0,,0,,,0
E80B38BF159F9D6228D314CB2BD908D3,0,0,0,,0,,,0
C9E1BDDF758FECF6F07DE045B1FFF1A3,0,0,0,,0,,,0
95BF77235739808B7BC07A7F0563CC9A,0,0,0,,0,,,0
F537571E913C8547B5B8E41A0A8A5AB5,0,0,0,,0,,,0
94CF73EDF4E419D0F3BAE306F374C35D,0,0,0,,0,,,0
BF030E954B9139E0C6297F8DE028AE21,0,0,0,,0,,,0
ECAC53688675017CFB306F412AF690C7,0,0,0,,0,,,0
38EC067E0FD1205E85B7922DEA496A50,0,0,0,,0,,,0
1DBB4AF1E7845ECD3445E08335D9272A,0,0,0,,0,,,0
30A25052A6890C93A4BE5DAC98A3E01E,0,0,0,,0,,,0
6092765E0A0922619840FC53370C8574,1,0,0,,0,,,0
AEA2EF4E642298DBD96ADEA543FD3F82,1,0,0,,0,,,0
8131D03808054C6791B7DBDD01CD4CA8,0,0,0,,0,,,0
690CE4729AC49CA52E5669DF0B426535,1,0,0,,0,,,0
A20EF048E0EA159F48FF0B5C51894AAE,3,0,0,,0,,,0
4F1B694DAFF34176C808EBFE7A61CAEF,0,0,0,,0,,,0
96C9119A35171EFE0D0DFAC9E6EA4BE7,0,0,0,,0,,,0
D85CB69751E68264F1C8A9005F19EE94,1,1,0,,0,,,0
F33FDFA8692C90D2F7E62C4EB3E34C30,0,0,0,,0,,,0
9F8CD319757667B85F9FD3CC11EA00C7,0,0,0,,0,,,0
886E99AD37F304E6E01DF75594BF3CA7,0,0,0,,0,,,0
BC4BFD0AAB93600A00E885A3200B9DB8,0,0,0,,0,,,0
AC0CC5EF22BF3FE96D3EE28F3E5FC804,0,0,0,,0,,,0
CD6399FB049E50A8F323FD819D4AC6A4,0,0,0,,0,,,0
967F40F4C525E024B52809F7115718C0,1,0,0,,0,,,0
C95F09223F8BAD6C97700C6C802D4F1D,0,0,0,,0,,,0
1690882C6796582749CA6818CBF9773F,1,1,0,,0,,,0
EB7B49481F9B62C7A30408404E6C5FA5,1,0,0,,0,,,0
0C8AD0A7FD2A85B9241EE4D64ACC9395,0,0,0,,0,,,0
981092713CF355D2D2C3D34C0C6DFC5B,0,0,0,,0,,,0
CDB3E008092CD77C3620521FD1F2EB15,0,0,0,,0,,,0
499EAD669476380669FAC2C7677C641B,0,0,0,,0,,,0
5FD21952DC4B13F87270CA7C10DD523E,0,0,0,,0,,,0
ABD51CA22BA2A476E58E150C2E32DB43,0,0,0,,0,,,0
0A66070B39FC63652BEB8B2993D75A5F,0,0,0,,0,,,0
39387BD8EF01916D4197E7E2A9A9FD22,0,0,0,,0,,,0
C84A6A619EED3EBEE0D44C67BC7BB851,1,0,0,,0,,,0
53C20EAE0997B0D9E9E57517731A0ED4,2,1,0,,0,,,0
C83DB20A4364A88C81A58AC7B47EC995,0,0,0,,0,,,0
C8D74BCA384C771A8D916972C4B214C0,0,0,0,,0,,,0
A622BBB66D14F224D949A6A86B87D4BA,0,0,0,,0,,,0
E517782FD82D09DFF8BEA897881BAB30,3,0,0,,0,,,0
E1AA325C79862CDBDC0F0A7391323C85,2,1,0,,0,,,0
7230B0BF1E6694FF1CB1A83B32356628,0,0,0,,0,,,0
08924E8035E3209699619E01EF0A814B,0,0,0,,0,,,0
B6AE4D438E5627C3BF10F15227E4FE96,1,0,0,,0,,,0
C372FBA4C25362D1F58FFB6C66AF7099,0,0,0,,0,,,0
6A9B11AB9F952855065A82A04A046A1A,0,0,0,,0,,,0
904E87FEEF7482483A0CBF433FDAB2BA,1,0,0,,0,,,0
E218BA6558E8561C6A9E186B339EC3FF,0,0,0,,0,,,0
3F8B138B19923DA4A2FC4C7502BC09F7,0,0,0,,0,,,0
384FE9CCD0700B9E58A729687173E42B,0,0,0,,0,,,0
4D907790B01ABA46B15A68BDCD097552,0,0,0,,0,,,0
CDFD94DA480631BEB80E66BC36103CB7,1,1,0,,0,,,0
8FB633EB71958CAD81D14BB8B0F029D6,0,0,0,,0,,,0
A42C0D3EE9128A987BE288F6985A76FB,0,0,0,,0,,,0
79DD5930966934734E66C173EB95524E,0,0,0,,0,,,0
55572693175EAD05BD53E8AD7513F379,0,0,0,,0,,,0
3CCC49DD05DF89B1B103E2C22366AA0C,0,0,0,,0,,,0
5D3AC32A3431337AB937BDAF886D1782,0,0,0,,0,,,0
EA60D1DFDD9E06777E874E280C6417CC,4,0,0,,0,,,0
346CD6014841FFAB8A094411970DDD9E,0,0,0,,0,,,0
C647FB7C5C6F9EA2F18A78E1AB30B272,2,0,0,,0,,,0
809701D70F9A32FE8DB2F6E5D0530C10,3,0,0,,0,,,0
B62804CA21D73AAE56E8088E556EC681,1,0,0,,0,,,0
9CD964285A67A18B38E548F57AF81B99,0,0,0,,0,,,0
EB3DE09BD52EC5D35CEE71B8F5A36B42,0,0,0,,0,,,0
A695441A11F541F6480139BE099C2D1B,0,0,0,,0,,,0
091388C56320BAD849DFECDA01605D32,0,0,0,,0,,,0
D1CB181994E73C84E6C06A65C10D047C,1,1,0,,0,,,0
51B215871E81C64077434452838DE86A,0,0,0,,0,,,0
D99F522177A35745D80F596989D1111E,0,0,0,,0,,,0
51C1BCA58235FCEB02A7735579B3A7F4,0,0,0,,0,,,0
E3CC9EE0BE9EA41105EC537F1762A11B,0,0,0,,0,,,0
494B61721C2E110A6DFEC3218F03A17D,0,0,0,,0,,,0
4B0AFFB47CC81EDE5DC4F902B85F0E38,2,0,0,,0,,,0
23B8CB5AE7B71461E2778D4905182EF4,3,0,0,,0,,,0
95A848EF4AE573AFB021A3E94D295B92,0,0,0,,0,,,0
C66F53CD78094DC98B79F5A966541EEA,0,0,0,,0,,,0
C34055FAAD343894A37BBCEDF8FEBCC5,1,0,0,,0,,,0
272D3D1D497562E2EE332965B109A633,4,0,0,,0,,,0
E585DEC0DBC65CF0347CC23BCA5C73E6,1,0,0,,0,,,0
322F5102BCBB5B75DE24FCD13DF184EA,3,0,0,,0,,,0
DAE66E8BD509500FAB3F3DE148C7A6BB,3,0,0,,0,,,0
D9D4F7A70ECB7E501D8D06944D95BF83,2,0,0,,0,,,0
431417CD42395B4FCBBE509B885E6998,0,0,0,,0,,,0
DEE5757A27CE7668AEA5E8FF07FBF13F,0,0,0,,0,,,0
D697779AD56B2CC1C41B5A77E3BCA81F,1,0,0,,0,,,0
AEFEC42F182227F617EA82656A34B0A9,0,0,0,,0,,,0
B01835B7B7B32EF3EA5323E3D7D67E35,4,0,0,,0,,,0
3C2A95A0A89039A81AB6FD108A681B80,5,0,0,,0,,,0
2612D444CC15584F3F0B73FE61A7391C,0,0,0,,0,,,0
22BF31F755FA9323278D3F9DCFA37F7A,1,0,0,,0,,,0
890770593D984A8CEA7D13E98A607935,0,0,0,,0,,,0
A63B56E2FB8D2B723752E52BF4DDD759,1,0,0,,0,,,0
5D5E8196DE4A61F55D73D2F41A7061F8,0,0,0,,0,,,0
65D7715C409E6A38667447CE2B52AFFE,0,0,0,,0,,,0
DD923792212D7FB98EA909BDEBBC206C,1,0,0,,0,,,0
EFFF3F9B367FE3CFFA04B22520FD66F8,0,0,0,,0,,,0
89287FCAF9B265B2CA762EF9A7534926,1,0,0,,0,,,0
0DEBE784AB1A97A42A0E0104CF04A99F,26,0,0,,0,,,0
CDC216721B826DCD883CF80C433FF8ED,1,0,0,,0,,,0
A0B33CEEBB0D56B6EB43C33F3A3699CB,0,0,0,,0,,,0
CF5B95312AFA8051A5DFA5AE56E9E882,0,0,0,,0,,,0
927C26120100161F972FDDD34536B784,2,0,0,,0,,,0
3ED7B13473F22308319388A0CEBEB7B2,0,0,0,,0,,,0
6CA96EE379A70F6133629DD8E546041B,9,0,0,,0,,,0
6AF9970CA94F67AC1268668935E5DEEB,0,0,0,,0,,,0
12E5626928FE0885DEEF068683E8BD63,33,33,0,,0,,,0
0F0B70C4BC8E1CC091E14227AE4038DE,2,0,0,,0,,,0
206304ABF26791C95F4F37BB36AECDB6,0,0,0,,0,,,0
A98207E74BBD933AE6D673E4411C4D0F,0,0,0,,0,,,0
18A16791890A3D007C5443D1A2F7BF78,0,0,0,,0,,,0
36B6D3F976AB7D361A85B5164EC91236,0,0,0,,0,,,0
0F24544604D3C9D09AFCEDF0804673CB,0,0,0,,0,,,0
24016544DBB37F330F6CA7DB5BAE6D11,0,0,0,,0,,,0
D81B390EB1BB12AB50085C9675367308,1,0,0,,0,,,0
EB60AB5AFDBB253FD4AF03007257BDE6,0,0,0,,0,,,0
D348A7B93E42463BC7FE49B1829B6293,0,0,0,,0,,,0
BD847A37C460CF06342BEB66438442F6,0,0,0,,0,,,0
F50478224827C10CB08D99D77E6B9D84,0,0,0,,0,,,0
F6E51B0691F25D96F3DA1B58DA07170F,0,0,0,,0,,,0
2FC7AA16D54B177F0A2911FEA105A0B3,1,0,0,,0,,,0
E117135D93BE6B9E432D1D33517BD465,0,0,0,,0,,,0
EFD2CD7B7143AB00B21CE82E1C59FA25,4,1,0,,0,,,0
9DC525F4F4298CE4AFC7F84135848F3D,0,0,0,,0,,,0
1E850CF866159B7AC6B05AACC3E6FD4C,0,0,0,,0,,,0
1A30353062914207701CA23C0A33212E,1,0,0,,0,,,0
6ECC63B6A31C0B1C500C2290FFB4B690,0,0,0,,0,,,0
0C9BCE40F7324A6D753C5CD3DDE1B3A1,2,0,0,,0,,,0
A832A7670483F84AB6CAC69ADF8E0F55,0,0,0,,0,,,0
1BA650A4A6C82E70A40480A44B4CDA43,2,0,0,,0,,,0
FE94CF197FCA47DA0F091AD8F6711B51,1,1,0,,0,,,0
07EFEBFA43A67BC7482DA6FDEDBDA2E2,0,0,0,,0,,,0
1B2FC37816CC4DDAACA97A75E685756F,0,0,0,,0,,,0
2E92432649219E3D30D0B72F89C5F51B,0,0,0,,0,,,0
25008881407A8ADFDA4815AB5397810B,0,0,0,,0,,,0
D0445773893BFD9699F687B21AC73F95,0,0,0,,0,,,0
FF955E4CA27C75CE0BEE9FC89AD275A3,0,0,0,,0,,,0
B8B62795AD07E431D8565555C6882EA3,0,0,0,,0,,,0
58708068F86C06E0FB162CAE86A1622B,39,0,0,,0,,,0
5E9A11D89234709EB8DD9A59F8F8AF2A,1,1,0,,0,,,0
3FBB605D713B128EBF5A38DD845444EC,2,0,0,,0,,,0
D8A7D1524A267176C1B3B2AEFF513F06,0,0,0,,0,,,0
E354FBB50D9C4813D2622F786A7C6AF4,3,0,0,,0,,,0
B9A79B71F17F02AB16F42A9C9CDDECF8,0,0,0,,0,,,0
BD2FE0CBDF85926F6E3EDEF1B872EC3E,0,0,0,,0,,,0
0D9F9C6B687314F688FCAFD7968BC498,0,0,0,,0,,,0
ABDF856551FB404AFB24581B5C2E321B,3,0,0,,0,,,0
E9DCE2D958652BD58E846DCE86BDD90A,0,0,0,,0,,,0
4C5BEE73959685018030A85208F29178,0,0,0,,0,,,0
9ECF9DA76F575E8BC0B755B201342DAB,0,0,0,,0,,,0
F7571D85A0CF0F67C3E1EE30CDEF2EE3,0,0,0,,0,,,0
B8CEB98C08C621D424748BC88BB284C5,0,0,0,,0,,,0
8A204CE8A9199ED74FA8DD324DCF4718,5,1,0,,0,,,0
767D09CD6DD89BA3D0D3FA4464E4F96B,2,1,0,,0,,,0
63550F65F0818B874ADA2B18C463AB21,0,0,0,,0,,,0
792A98E1D5AE6160FD28D6F99F21B0EE,0,0,0,,0,,,0
A246EAA169D582E07DBF1A672BD2A5BC,2,0,0,,0,,,0
F162B5BCAD9F5D3B424F30DF48198D4C,0,0,0,,0,,,0
A27845038DBE9F9F965FDE3F5742BB77,0,0,0,,0,,,0
2D9426BE4C9C73203E2A44FBFE6F4DCE,0,0,0,,0,,,0
C1FDAAD161290DC9C56F3A68D68C95E4,0,0,0,,0,,,0
0CDF312B479A515198519139FFF2D108,1,1,0,,0,,,0
C3CCCF5DAB1769C1D998957BB1C4F298,0,0,0,,0,,,0
D92207F94EBE0D87E706A5EBD864C614,1,0,0,,0,,,0
2AC0EF5047BC538BDA6388E644409B5D,1,0,0,,0,,,0
037DAC225F0C1E54657770CD201CDDA7,0,0,0,,0,,,0
667F6EF3270DC64537D478648433A919,1,0,0,,0,,,0
38C93052B6B68913A433591107F8662C,1,0,0,,0,,,0
7C9895061B3E642A6AAE3775785ADBD4,1,1,0,,0,,,0
9A74EA29CCD8F3BB985C1436AC2B622C,0,0,0,,0,,,0
4DA8863CD8D2C860F6BB73579BC6F5C9,0,0,0,,0,,,0
6F0928CF979D92A11C602CB5EFA37F49,1,0,0,,0,,,0
6F5FF93E2A273D4D80B6A21BE014217A,0,0,0,,0,,,0
7A158C2369A3099A73313F902B528946,1,0,0,,0,,,0
74B49013F0767214A7295FBDD286206E,2,0,0,,0,,,0
97D4992ED9FB86835A06BC8421974FF7,1,0,0,,0,,,0
8081A12766A46DF20511F1CFAA480F88,1,0,0,,0,,,0
9161748DDFF749EE276757441DA471B0,0,0,0,,0,,,0
0279BD85D93903BCE04F1E0EE1FF4458,1,0,0,,0,,,0
11519E8CFEF58EEE9824CC7B90C9BD9B,3,0,0,,0,,,0
207CCB761E259204F20B2B196CC89612,1,1,0,,0,,,0
77099BD712737184D5C0207CE80BB64B,1,0,0,,0,,,0
85554FEBBCDF6531F592BDB94D5596FD,0,0,0,,0,,,0
309D006B3FE6151EE530B0C6A79CFA11,0,0,0,,0,,,0
F87F402C12E96886D1E20F34A2632EAC,0,0,0,,0,,,0
280A7B998E88ABACD33E131F24B43203,0,0,0,,0,,,0
5261C4CF856996E55235DA15FAF98CED,0,0,0,,0,,,0
9038CCC5F7D7ABDA6E296D18FFDD1AAA,17,1,0,,0,,,0
4A1D938871B836A45C893873091F2EB0,1,0,0,,0,,,0
07A1619C6E263DC06A4ADB3491C715C9,0,0,0,,0,,,0
16235FCDE508EBD91CB706D3DCE16611,0,0,0,,0,,,0
80CC6623ADB1261F7700C9FB04EBCEDB,0,0,0,,0,,,0
FFAE8EBA6D6A0F70F80F8AB7BDD324E5,0,0,0,,0,,,0
835765A97BEE13977198CB622AB23A8E,0,0,0,,0,,,0
250B04A8EF105B2551D3BC915A64212B,0,0,0,,0,,,0
82E0862D1D9C596756AA43D4075CDD2F,0,0,0,,0,,,0
E200A29052186C0E90E7653A108C3EB2,0,0,0,,0,,,0
A72CFA195EE104C2C405DEE3774CC68B,0,0,0,,0,,,0
323B2A1CB46424D5C5BD93DE928F682A,0,0,0,,0,,,0
6CBBE9200CBD1615501F67A6906964A6,0,0,0,,0,,,0
7E49E6C5A8091EB5D1793EECA649602A,0,0,0,,0,,,0
574E69EFDCD778F2ABC9C41F180349B1,0,0,0,,0,,,0
DF3573CABCB237EBD05AF1C622A2F757,0,0,0,,0,,,0
FF67B1C2BDF236F255703B1F4CD41EB4,0,0,0,,0,,,0
24C0598AF5A6400CE9F4FEF081609A8C,0,0,0,,0,,,0
50CBA5D5686A4FD5D5C1D5F1F33FBB5E,0,0,0,,0,,,0
1BCE1E5CF0FF2151371E3737BD322C18,0,0,0,,0,,,0
72556FDF7DF77445D94FB19C87334F1D,0,0,0,,0,,,0
6D78B8A649D84752C49E856880FB90D9,7,0,0,,0,,,0
24563D3627562828CFF02C7AC656BDD7,6,0,0,,0,,,0
2E9253349DBAF0A84341E94589E60B1B,0,0,0,,0,,,0
755C1FCB3BB322819419F29D8ACD0E75,1,0,0,,0,,,0
83CFB73842862613601D5FB158561E74,0,0,0,,0,,,0
1EA594389C7D0B4A2C68817830B0FE81,0,0,0,,0,,,0
3F10648C9BD11D49B4B531DE3D5B7175,0,0,0,,0,,,0
C009E54B93492BC093F07FCEBF87285C,0,0,0,,0,,,0
9EEF99CE81B3CB2D6AD1C850953E2871,0,0,0,,0,,,0
8C6CCEA6E13A579E2580DB3803CA884C,0,0,0,,0,,,0
F8D1384FF7521A057C00B0953CE8BC2C,0,0,0,,0,,,0
F8E99FE2274BD6C6B3553848C1E79B8D,0,0,0,,0,,,0
56C10130EA747C2E253454AAAF209FBB,0,0,0,,0,,,0
F8EBC72811CE5DF04F0439B5B043ABD6,0,0,0,,0,,,0
92B0B6F48ECE132C7E502F94798FE205,0,0,0,,0,,,0
3E5E7324D21924DA3A6BE8E817B3C5FE,0,0,0,,0,,,0
307F2D74C2360523C130F88E4DD6A9B5,0,0,0,,0,,,0
E726E95252435BE8B7981C6334B55138,0,0,0,,0,,,0
622CE5108E0572C1006A11FF399522B2,0,0,0,,0,,,0
3DBC1D961F70586CB3C039BA8EC8FAB6,4,1,0,,0,,,0
3410968B71967B927E54EC0103B95FF6,0,0,0,,0,,,0
6741CE3A038DFEAE9EBC766BB41CCE16,0,0,0,,0,,,0
155FFADB4E900CA843AC16BA6C7FF283,0,0,0,,0,,,0
885852C000C31A983D41BBFB86D71AED,0,0,0,,0,,,0
6F0C2AA15D0A618581ACA6E35584BB47,0,0,0,,0,,,0
93CD743FBF90314DE097AA5EFBDA98EF,0,0,0,,0,,,0
3528541F44CB28BE38F08FDCC5AE0233,1,0,0,,0,,,0
12143EF181F781F1731844BAB656CFAA,0,0,0,,0,,,0
762545308CEF7505F79C363E394A8543,0,0,0,,0,,,0
78F8F9830EBD020AFAA6B6608E673C62,0,0,0,,0,,,0
C5AAFE66FD99089AF97CA13A72687ABC,0,0,0,,0,,,0
3810BF927ED84A315FAAAA1260D10BAF,2,1,0,,0,,,0
1FCF51A3426435C7BE019D04EBDFC216,1,0,0,,0,,,0
2E701172DAB36C56A2414EA1BF26E041,1,1,0,,0,,,0
93236F1DDE9EAA3DFFD60A57DDA2DC1B,3,3,0,,0,,,0
FA29B3F9A9AD212DE3E788D7390B3C63,3,0,0,,0,,,0
799F958772D85EE14B24331F85374B9C,2,2,0,,0,,,0
8C0FC99C53710733C668ED50DC1DDF01,0,0,0,,0,,,0
B9BE6737540F69F0D4990DFA87DE7DC9,0,0,0,,0,,,0
52194AEA86A578142C73172B0233BDFE,0,0,0,,0,,,0
5A976ACE1440285CDDFF5377299D13D3,0,0,0,,0,,,0
599AF3FC36DA95C0D1AC94FDD2886205,3,1,0,,0,,,0
40670948CCFD348CBF50D26257DB215E,3,0,0,,0,,,0
5DFE4BCED0971B66FB1C57B3D19E94EC,0,0,0,,0,,,0
B2F5306E7AE65E6FA44BF49361F59A74,8,7,0,,0,,,0
2D813375F7E416A393A0D26B29DF62BE,0,0,0,,0,,,0
08B06303BD880BDD4EF42AB424C5DF99,0,0,0,,0,,,0
9F4F2AA9B32C3C89423A236DAE180630,0,0,0,,0,,,0
8C6588A169CE05FDF0D11BF2538D14D8,0,0,0,,0,,,0
37F9968579E3C227430DA3A9546B116E,0,0,0,,0,,,0
F56F4937968C86D08AB62ECF80874854,0,0,0,,0,,,0
D9544E3AAC624311B4BB298C0D5E0AE0,0,0,0,,0,,,0
303501A91BF2A1364EFBB442E9741429,0,0,0,,0,,,0
53D5C946B56C4DF77C96CF30277539EF,0,0,0,,0,,,0
86E45B2CCB8059F864AFBDED538CCA18,0,0,0,,0,,,0
936906C2CB90CE437DBFC01BBD96BA39,0,0,0,,0,,,0
A94C6A328773A5C3E5BCCC524A253310,0,0,0,,0,,,0
60A18C651D23E2866F761919F140EFBD,0,0,0,,0,,,0
23FE2E728CBE5ECDAE567700B4021340,0,0,0,,0,,,0
530F22FBF57DF2EB8416BA94E7A43393,0,0,0,,0,,,0
7153341A14B1253A46FD8D6DE5490EE4,0,0,0,,0,,,0
AEEFEB2B840AB521A60BDFB354D06F32,2,1,0,,0,,,0
EFA1C80C673FCE0132328E682055C720,0,0,0,,0,,,0
EDB68DF296E55B96200B7897FA5247CE,0,0,0,,0,,,0
32D665523EBBFFF2A492D8E043A4FB6B,0,0,0,,0,,,0
B66A869B781A5522C4911A10312EB16C,1,0,0,,0,,,0
D3C3DF9C66433810BC82B8DD8000408A,1,0,0,,0,,,0
D4FCE743B2A234845C047831938DA30D,0,0,0,,0,,,0
F942B4D7DBCB11FA29DA7E11BCC97587,1,0,0,,0,,,0
FE6A7C8257BB08DBB1CA2DC36FD936A0,0,0,0,,0,,,0
78DE0140853E8A102C4B9B71BA4E3405,1,0,0,,0,,,0
08358B40745104434E290F20296884E9,0,0,0,,0,,,0
50D74D7B09459EAF4905A9255524169D,0,0,0,,0,,,0
7784EDD698E24FC699C35C25C420205D,0,0,0,,0,,,0
7D9CEA1400587229F8137B8DE4890F07,0,0,0,,0,,,0
C2A0A3B730810C88EBA7ECE883A8571B,0,0,0,,0,,,0
7B55498A30C58E626F523EE1BD192FB6,0,0,0,,0,,,0
EBC3377F30997A9FAF91EAF662ADE2E8,0,0,0,,0,,,0
FC418D731B477A7070647D20292B4AE9,0,0,0,,0,,,0
C8653C74D53E0401FE1A2B4BB5B8F664,1,0,0,,0,,,0
000CDB12737C5ADB8C30E19BB209B805,0,0,0,,0,,,0
E4EC1EF22345451E3F7FAC340A65C1C8,3,0,0,,0,,,0
13F294D9024F1E2DE012783542848851,0,0,0,,0,,,0
D94C972DB42E3E4158291D57ABEE3FFD,0,0,0,,0,,,0
DD7D0579E7548F7265AD2C30AF6DB308,1,0,0,,0,,,0
925AA03300156F1CBB7F21DF6A7EF36A,1,0,0,,0,,,0
59CA2ED24FD601131B346CABECDC56B2,1,0,0,,0,,,0
D69E56007AA13CE22FC300BECB0BEECB,0,0,0,,0,,,0
E82B9BF1651C3080CD0654D2DB861A00,0,0,0,,0,,,0
4948BEDE78FC6EBA9899F26BF5C53897,0,0,0,,0,,,0
31847AC271201DA719BCE60A3B0B3EB7,0,0,0,,0,,,0
4BD90E3D0ADE51D97C634A22F1C26205,0,0,0,,0,,,0
CB284BFA662EC30C6D96E32278213CD4,0,0,0,,0,,,0
693470711991DE61038DAA83F11CDC0E,0,0,0,,0,,,0
0C015CC600457C5D4AF498FF9D3CC881,0,0,0,,0,,,0
DF0B68D2EFA279A4552C651B51367516,0,0,0,,0,,,0
D768C3C0513A24D6DF2110A37FE868DA,2,0,0,,0,,,0
B82ED5B2461E8E16AF0375FA754F6083,2,1,0,,0,,,0
74456352647C13028F89D1EEFFB905F4,2,0,0,,0,,,0
29BC86DCA0D500C9410F392B57C28DD3,0,0,0,,0,,,0
4C60F196E2A69D56E37C98AB2BE3CEAE,8,2,0,,0,,,0
6D75C82CA465285F7EF458A502B8C71E,3,0,0,,0,,,0
45644259D6B48FB7673535262E44DC1D,0,0,0,,0,,,0
EC34F203AD0833BF4DD7A2CE448E8FC6,0,0,0,,0,,,0
CF3A97ABCD4D943D9FC614F0438BF397,0,0,0,,0,,,0
7913560CC7909F163C88B75D6DE8A611,0,0,0,,0,,,0
232B1A4ECC4A53912E8C2DDE00ACF2CB,4,1,0,,0,,,0
99726E3B7261884BA5059BC19C9B9CFC,0,0,0,,0,,,0
33269A5E3D804BCBAA628C2D0CAEB139,0,0,0,,0,,,0
85AEDB7C4BADBE9663D59A01F1C9A1C0,0,0,0,,0,,,0
7ECF673225D688898A7EA45335A7226D,0,0,0,,0,,,0
4504016B46631B932C77549526CBACB8,1,0,0,,0,,,0
F067C201927F1F71F7FC824EAB11E971,1,0,0,,0,,,0
31512E1E5F1F94F5ECC96BD99E79D66E,0,0,0,,0,,,0
A68A8C14F0046037318BD385E3B01969,0,0,0,,0,,,0
723B27DABF02945DAFCDE7843622D8E8,2,0,0,,0,,,0
EA410BA33A9DBF82798EA9551BA50F71,0,0,0,,0,,,0
F203CB94E47306565E399A420E4A32C9,0,0,0,,0,,,0
A38B18A10443886063E5A2C98EB49C5F,0,0,0,,0,,,0
3A4BC698751D1089E1CF8B5E35BC4680,0,0,0,,0,,,0
70879B586CB83074CA5E9BA1F5064FC0,0,0,0,,0,,,0
B386B3D771140CCEE8CC603EA7F282A4,1,0,0,,0,,,0
34E2C8B6C5A0814AA57D3BD97219BCAB,0,0,0,,0,,,0
5E88EE9FC3EAF80CE4A0E06A2E9C86F6,0,0,0,,0,,,0
1CC05D96EF52B955709FC4E2FA4A5959,0,0,0,,0,,,0
D43866E69920AFDC3D1B3E6F239E4812,0,0,0,,0,,,0
45EDDBC5B1A81C4D96A20C59F65678B8,0,0,0,,0,,,0
4C2614370EF19318C141072F3EBFB9EC,1,1,0,,0,,,0
CAB801638B9B8022310A07629D49EBCA,0,0,0,,0,,,0
6C3969FD4B4968CEC0F5FBB20D3C49BF,2,2,0,,0,,,0
17B78743249ED215A01B4B7995770EA7,0,0,0,,0,,,0
11E0C158D995978DAB9D0039539AB685,1,0,0,,0,,,0
5746E7BAFA2B39C6B5A80CB085013558,0,0,0,,0,,,0
407F4146769213AD5E44D6EEF6418681,0,0,0,,0,,,0
C8537C49FF0E9A9C5CE7925261FDEE06,2,1,0,,0,,,0
A64D09F4DE2FB21E17EE29D7B77081EB,0,0,0,,0,,,0
ECC6975EB9808FBB45390E3EDB75B2A1,0,0,0,,0,,,0
99568EAB55BA9A85214F27E6007BA9A6,0,0,0,,0,,,0
DBC79D0BF93E33117736C28BEE64ADF5,0,0,0,,0,,,0
8D8EE6C485ED68C57C0461D6E9F74F2E,0,0,0,,0,,,0
3D788755AA920C8C5148C244A16A26AB,0,0,0,,0,,,0
6BC55411A1C8FF8BC298070DEBEBCB46,0,0,0,,0,,,0
6F1E597AB0F77AA4C9F1281B997F7A21,0,0,0,,0,,,0
7FD3ECDE609533E2BC60B7733DB6CFCB,2,0,0,,0,,,0
3CC8F5EB26C7FBD4B0FA251368893755,0,0,0,,0,,,0
672408C6CFAC0A1D4019BCAC4C1A8353,0,0,0,,0,,,0
F108523E7DD7905608275CC84287B217,0,0,0,,0,,,0
26C7AE02DC913BB2BD6A7B6C0F7F8AB2,4,2,0,,0,,,0
AA9C95CA892AE5172730BC83FAE0B8B0,0,0,0,,0,,,0
85FD822179C8D3D3186DE94BF76DBB48,0,0,0,,0,,,0
89F7BAF87FE699E8EE70C98A6AFB99BE,0,0,0,,0,,,0
99D8DA7079137136424753D7B3DAAE01,0,0,0,,0,,,0
DCC42D1B7A3989D67798E54B05CD385D,2,0,0,,0,,,0
3702F31D38870FDB02E0856B936003A6,0,0,0,,0,,,0
30D079AB254A7878217ADAA1CFCE53BE,0,0,0,,0,,,0
741158B569CC8819D22360847628CA7D,1,0,0,,0,,,0
3388DE6E3D04F8EAA7804B955C96EC65,0,0,0,,0,,,0
B3543B830D46E4B0E5027FE319E217BC,0,0,0,,0,,,0
2E232DB69EBB2EF7E68E2B0C10DBE859,3,1,0,,0,,,0
F32D046CBF183CDA5A4CFDDBAC10AB62,1,0,0,,0,,,0
4BB783368F7C0AFA459FAECA7FF06D39,0,0,0,,0,,,0
C9755529634572BA3021BFF03635B5DE,0,0,0,,0,,,0
11623BDD5118267A8B88B860F617F0ED,0,0,0,,0,,,0
2E032EDF0BAA6AB7266FCB4FFA6ED543,0,0,0,,0,,,0
A03A98983EF49691D45A983B4CA6A6E3,0,0,0,,0,,,0
D37A5EC9F79C593DDB7840E9AFB3FF1F,6,0,0,,0,,,0
0EE157890EBA8EC1153955127DFD4C9B,0,0,0,,0,,,0
E76CBA449ABC6D410CD8B174EE1150C7,1,0,0,,0,,,0
412CD6209D5DD979549A67F9296CE26C,0,0,0,,0,,,0
ADF3A8F712C02C7DB8D64E5CCB7485F6,0,0,0,,0,,,0
79D1159EFBA356057E09FF8C41F132A3,0,0,0,,0,,,0
F28C2C5AAE32E559874444F7F957B297,0,0,0,,0,,,0
CC4B09FF7E5171AF18408F2F0903D225,0,0,0,,0,,,0
8D420BD286AE0063A14B709ECA1078BD,3,0,0,,0,,,0
617A76F728567C6F36EB49BF210A49B6,0,0,0,,0,,,0
4F7E33B46EAA928B326C645FBC6806DD,0,0,0,,0,,,0
981CA03B25810447E879E7E767499ABD,0,0,0,,0,,,0
C22A13E254C44E0ECD2864B4287E514C,0,0,0,,0,,,0
4593E981ECEF849FC7DA0F7FDA0F250E,0,0,0,,0,,,0
CD92711913D195448B5032F52C3318D2,0,0,0,,0,,,0
615A93FE232A36F62D0885FEA5242877,0,0,0,,0,,,0
6C31CA4020CECC2B055E465813E2C541,0,0,0,,0,,,0
51E0CA4F69A57652E3C794BD7DABAA3F,0,0,0,,0,,,0
C7B4A196FEDE305ADF8ECAE47820A5C0,0,0,0,,0,,,0
8FE3582D9BA2520A7DBE106334280C58,1,1,0,,0,,,0
370BAFBB7AFD77B12726F4712DB42DF8,7,5,0,,0,,,0
13F080023BC02C4DC81CF648D346DA49,0,0,0,,0,,,0
9D54BCAC87881FDCE8AE85421CF74BEE,0,0,0,,0,,,0
8F93D7003F666C0AC2F2486F1F5A567C,5,0,0,,0,,,0
DA9979444730846C2D5671211D0C2887,5,1,0,,0,,,0
334FEC77CD0647725103A13F54091F7B,0,0,0,,0,,,0
5C5F8A64F22132C7EA6D2C6CCA016990,0,0,0,,0,,,0
F7257ADC528634BC54E3C4439C0CC3C7,0,0,0,,0,,,0
93076B0852E29704569BA09EF544537A,0,0,0,,0,,,0
BABFE5F6C9B660265BA92AFB8EF9FC8F,1,1,0,,0,,,0
92453BEF04D6CA58168B8D4628114179,0,0,0,,0,,,0
FBCC7798842863D95C6EAEB39E7E14CE,0,0,0,,0,,,0
29BA958722EDFDE16A06EFED526E1B7C,0,0,0,,0,,,0
14BA86FEA0B039A91BACA730D3C4DBCB,0,0,0,,0,,,0
00BE295963CD550B4DE0F77AE1B59279,0,0,0,,0,,,0
7C043A9A326B396E87DD9E194A826424,0,0,0,,0,,,0
619551616653F2DEA9D7E773AB4914DB,0,0,0,,0,,,0
79E31A0D3CFF1FDD1EEC4626ED3F67AF,0,0,0,,0,,,0
4834FEAD6072263BF12404ACDCD3FCF1,0,0,0,,0,,,0
75D4570D951819D84ADDA0527C23CC4A,0,0,0,,0,,,0
8394EBE9B2442BA39F74F71624D34C62,1,0,0,,0,,,0
13D88279F46B7CBCB22A1D7C250A591D,0,0,0,,0,,,0
3AD64584A2984F15CBE7667E68A58572,0,0,0,,0,,,0
55760024CB7E16FDAA9495B8139782CB,0,0,0,,0,,,0
28F3F06C6AEB5E82FD11BB2E723F0292,0,0,0,,0,,,0
7E82B56904E55B6ADE7DD3EB177C199F,1,1,0,,0,,,0
0E05F56141200FF41FCC0C7FA297FF08,8,1,0,,0,,,0
0D9B1C51FA357A1A3487036AA037F7D0,0,0,0,,0,,,0
6A6F5DAC4D2640E2D3B289276540FE98,3,1,0,,0,,,0
BDCB4672D06F87CAF562BD068D70B97D,2,0,0,,0,,,0
D3E6C32502227D5BDAD76F64B1B17C5C,0,0,0,,0,,,0
BD88D38D984743A1B1DF2EAEC7749116,0,0,0,,0,,,0
878110B68D958C609F91FB3441BDCB2A,26,0,0,,0,,,0
7006605A2B9D47C06AE0BE5899B056D0,0,0,0,,0,,,0
C5F8B0633D1A009EBD71E6D4C85DC48B,1,0,0,,0,,,0
10CBADB028F320EBEB4E4176EECBD459,2,2,0,,0,,,0
CA886954FE645EF2A45C883B0EAEF109,0,0,0,,0,,,0
45B06570D12A1A04DE307D2D8F2C0620,13,1,0,,0,,,0
E8E44F61B0DE9E33D29098DECDF7393E,0,0,0,,0,,,0
60432093BCE28FA117B03C2CA82C1E7A,4,0,0,,0,,,0
AFDC5FEACC752AE488A0DC32200F09EA,1,0,0,,0,,,0
C07C33FBFA53227B75E3B44945968DAD,2,0,0,,0,,,0
F10D8E9E72F060EAA88ED8B006E560D7,1,0,0,,0,,,0
2357C767F73612F87DB3AE892C37AB1F,1,0,0,,0,,,0
6C5D094CE91056EF3BA45CD1788251A1,5,0,0,,0,,,0
E509FC46228C01817B18FC2FA8B54A4C,0,0,0,,0,,,0
DCD40642EE02417F5F1754754A6C7293,0,0,0,,0,,,0
EE0F9FBE16062552C5B52D67AE137C4A,0,0,0,,0,,,0
28500E672E64197004D898C611389947,2,0,0,,0,,,0
9488335AA2957E36F928113FA38CEA34,1,0,0,,0,,,0
42FB519AAA8132E86EB97193C0758243,1,1,0,,0,,,0
B826D0314CC34EE6E9E5B888AA73AF93,2,0,0,,0,,,0
E39778637B0D2FBD78EB4D6980BEE927,0,0,0,,0,,,0
566BB9BDE6E7653FC6A49B1B2C92B8C2,0,0,0,,0,,,0
AC33448E3024BFB80CF5E3A80D436698,1,0,0,,0,,,0
B2128CF0C86985BAEC921D0E8DB5AE3D,0,0,0,,0,,,0
D1DD7CF61CA8442CA4655C4DA16F54B0,2,0,0,,0,,,0
43FF56BB4EB2B2E97E196C9E798E1674,0,0,0,,0,,,0
CC4F9BBD0104A39837B34D488E0EB689,0,0,0,,0,,,0
F264AFF2F60008D5413B77FAB329C61D,0,0,0,,0,,,0
4BAD26C68B3F0EC7F290D5160E16AB16,0,0,0,,0,,,0
2E91A2E27D859523D9F0F0D293720966,1,0,0,,0,,,0
4A2DDF60B2FB3B2D8CD481E6E2187E61,0,0,0,,0,,,0
DB94DC4E024BDB1CE1627F9A694ABFA9,0,0,0,,0,,,0
43FAE09339BB3459673175387914A14E,0,0,0,,0,,,0
0B3E2856ABFFCEBEA38BFB4A8ADD4BCC,0,0,0,,0,,,0
458ED5949D7749672DDC8A8CBC7A45AF,2,0,0,,0,,,0
4C5C048C8BF8204B5C700B18D9A2327B,4,0,0,,0,,,0
017CF202552235BBA4338E0D82A53F43,3,2,0,,0,,,0
2AF63641DFC9076457C0B2E84FE0F71B,0,0,0,,0,,,0
A3CE8402A645B9A6CD4BDEE5F62B378E,0,0,0,,0,,,0
1B85A8A08B2ABFC8099BFE03A628AC88,0,0,0,,0,,,0
21D76680492299C6A33C2B763E61B28E,0,0,0,,0,,,0
7654E5E79F17012CBA0F6BF494DC5028,0,0,0,,0,,,0
B6B60741B3DB791284AA43D87160239E,0,0,0,,0,,,0
6F9FD2F67DC277C5FBFECCCFB666A9E5,0,0,0,,0,,,0
31759C0600B02839C5A90DBB2CE97984,0,0,0,,0,,,0
97BCBB8968E27D3DB25DB46255D35EF3,0,0,0,,0,,,0
60BDB3CCA0BF904F145A2F0122A7407C,0,0,0,,0,,,0
4422D80B11264901E0CDE05F37CADDBD,3,0,0,,0,,,0
957D5518596618F655B227C2998ECA08,0,0,0,,0,,,0
2D62A8D526319686A5E0A8503E5E2ACE,2,1,0,,0,,,0
387B64EA9F8B83E07953A02DC16C4B64,0,0,0,,0,,,0
3D5D8F4A6868744FCF7F8FF451546B8C,2,0,0,,0,,,0
D7EC5AD996C1120F2B27E394A888D4CE,1,0,0,,0,,,0
0987EB4A39426337A1C13A1E455C9F38,0,0,0,,0,,,0
EA3A2D1B512BBDD09A421C3873AEFD79,0,0,0,,0,,,0
61A81AB09BC11CC0A2FA4F3B70D7D087,0,0,0,,0,,,0
F926B6C4220D13DAAC0ABFA2DE3E7C3E,0,0,0,,0,,,0
67ACBBE2B2AF1E5B1A94D33F2BCF101A,1,0,0,,0,,,0
283FEFA0E2BF80E4D0CA8897819CE94A,0,0,0,,0,,,0
4150BBD5EF0CA2AF8F7DEF6564F2BEC7,1,1,0,,0,,,0
ADA1DD1FDD0F4D98B700AF20A9BC66C3,0,0,0,,0,,,0
5C4159A000B933E3EA3422C4AE658017,0,0,0,,0,,,0
D465218AC449070AC04C7069CDAAC4A5,0,0,0,,0,,,0
3A440774ABB6003A78E865018D09B902,3,0,0,,0,,,0
73C9E0F3F4C280505266BBBAD734D4F0,2,0,0,,0,,,0
E75BB9320BCFA56BF42AAC320A56CBAE,0,0,0,,0,,,0
98B65B9C45C89F95E1E6B1CBA61334F9,0,0,0,,0,,,0
F784167E29E4A61BE86D4018B7E814E7,0,0,0,,0,,,0
50C69A1B33735C70BBA1B5F067398EC1,0,0,0,,0,,,0
56673C54A0BF48D3EBF11D5247B74175,0,0,0,,0,,,0
28D0CA3AF8843351D0A16AAE1E1F7794,0,0,0,,0,,,0
9A46DD24A6F7AD154E9143AA2D588310,1,1,0,,0,,,0
8A512E5089AFA1272B677047B6CB7BFE,0,0,0,,0,,,0
DF0D43D55C37DD653E188EADB3A16A94,0,0,0,,0,,,0
E95FD3876C32151BC9A5DC53DB416E2F,2,0,0,,0,,,0
F3B0F2F150A1D91E15BB07FACD1EFC89,0,0,0,,0,,,0
2AA17DDA4E909FFE2BD3EEA50A63F4A0,0,0,0,,0,,,0
D00B400D2C00C34D76B3DA942BCF93C5,3,1,0,,0,,,0
2A35FB32E49C15CB17729B04D7E80F02,2,1,0,,0,,,0
95BE1F3418772363E1917AA1E1AB574E,4,1,0,,0,,,0
858B2CF552728F969C2E5CF14E83329F,1,0,0,,0,,,0
BA80F92AAF7A18B37CB3BA247570E007,0,0,0,,0,,,0
6C745EFF02998305FD907FE5890376E9,0,0,0,,0,,,0
0B986C511C4A24115798B4749E27F775,2,0,0,,0,,,0
8FFC9642E9D2021C81B2723AEDE654B9,0,0,0,,0,,,0
D6B1DA30ACF49364F456E28F554F6C17,0,0,0,,0,,,0
374C6BC6369079CBFA252182A0A0FD91,0,0,0,,0,,,0
F986632AFF804C2B2AFEFBE2C8B7ACBB,1,1,0,,0,,,0
CB8A3D411FD0774D5846E6995D5979D0,1,0,0,,0,,,0
323892B5D2051B141028DB45315D1DE3,0,0,0,,0,,,0
B71F293FA98208BDD4D8F282C4EABC16,1,0,0,,0,,,0
DC400E1B157258545CB288C8CA9265AF,0,0,0,,0,,,0
694D35E9BAAA80D53F6599363000EAB0,0,0,0,,0,,,0
CB66E7B23CBFFB51526C41A362E225EF,0,0,0,,0,,,0
B16552FBC83FC078EF2BE57040A473F8,0,0,0,,0,,,0
EBB1CACCABBB5860EA42276F0996ED4A,1,0,0,,0,,,0
375E3D65F5533F626EDE63968CE349A9,0,0,0,,0,,,0
D7EF597CFE7E3923048F66F89F156165,1,1,0,,0,,,0
EEC08841BE7117AD143C88E7434D36A2,4,0,0,,0,,,0
127A3DF5245F2E0AEB1085403FBBD713,0,0,0,,0,,,0
732D7F12ABB49231CD5C977255DF5006,0,0,0,,0,,,0
D7427D04EAC9168E9EC1C5C7F7540B29,8,1,0,,0,,,0
F810DBEEC11C5636EBC79A056F59CEEF,1,0,0,,0,,,0
DA1BEBFB9E0F5AD222110F49332025CF,0,0,0,,0,,,0
223141CCDE6B9B4F3176A11038A2A0BB,0,0,0,,0,,,0
D63E61F72884D80E249D13D17B0172B9,1,1,0,,0,,,0
A11AF0BDC3D1252BCD910809E17F9D38,0,0,0,,0,,,0
E8AB792C0CBA5D7E4C9EF63F4BBF6628,2,0,0,,0,,,0
5ABED4EC5CC339889CCD175DCFE8A225,0,0,0,,0,,,0
A393656331EE6BA4159A23F69E865814,0,0,0,,0,,,0
E9B528196BDCD0E2F744FA6785D4A686,0,0,0,,0,,,0
7216A319E4890645D7049818A1011AB9,2,0,0,,0,,,0
1DEB1D4EEFB75980BB0432F05FA3DC80,0,0,0,,0,,,0
6E83392AC94801E0D24372BDB3030CE5,0,0,0,,0,,,0
55D0D1BA434A21FE47B81B22E732578B,0,0,0,,0,,,0
3604E77825369AD5C4101DA2644554A2,0,0,0,,0,,,0
B065432393D59B360BEEAB8F60E62710,0,0,0,,0,,,0
FD59D3EE59289365DF3B121BA2529C1B,0,0,0,,0,,,0
1C2D376DDCB12AA3E9B53BE4AE0365D0,0,0,0,,0,,,0
4A0D64F411988E07410E8FD90D1B16D7,1,0,0,,0,,,0
FB407753B04DF45B1E89BF0A678EF92E,1,1,0,,0,,,0
5DCFC183572EADFEA0306B50640A1DAA,0,0,0,,0,,,0
C84A642FB4AFE0DE9CA495E97AF9B523,0,0,0,,0,,,0
AC4396DCADA69373B6C049FC30F5AE3B,0,0,0,,0,,,0
FF28F372C2F902AABD8AC300D8B0446E,0,0,0,,0,,,0
83D42C0BEC5C0325916E5797073CEE9A,2,0,0,,0,,,0
78A7C7D9BC2138200C3B37E3C7CA8CE8,0,0,0,,0,,,0
601E920DAAFF39A76D8F018240EF2714,0,0,0,,0,,,0
86BA12A559647CBA7F81E11FB5658902,0,0,0,,0,,,0
2FD105AC3C973CB84F166D7E74F3BDB2,0,0,0,,0,,,0
CEC57001E6609F0F4B48D55CD50F8FF5,0,0,0,,0,,,0
439FA7E0E28092CFB7007A00394F0765,0,0,0,,0,,,0
7DD3C849CB4C42B461AAB36972767FE6,0,0,0,,0,,,0
F04C8EF387C578AB4031157A9A62D055,1,0,0,,0,,,0
AA137B66E1975E5B854D7A786BDBC380,0,0,0,,0,,,0
E23B8BE47AF740CF1D3239884CD712FA,0,0,0,,0,,,0
B5435B0939303B08E468B992DD11CECF,0,0,0,,0,,,0
4FD8AFEC95E2C2E8DA9D2915EDA970C7,0,0,0,,0,,,0
B9D8806148044938C86FA637A13431AA,4,0,0,,0,,,0
202C719EABBA6E9EC205BAC0BFCF2E87,0,0,0,,0,,,0
EDAC4072E9C486B7C50859CF7B99D7DE,2,0,0,,0,,,0
5396BBF2154452FAF7E7B41DD359A5F5,1,0,0,,0,,,0
B102286E40970324456762BC550A8EBB,2,0,0,,0,,,0
D68C10AF846578536311B743400DBF5F,0,0,0,,0,,,0
6D018BE569242481BBD057CD7DF6861C,4,0,0,,0,,,0
9AFB7F358DD41789D2576D7F2E27B65C,0,0,0,,0,,,0
A8F6AE632CE31BE7326457176DE503BE,0,0,0,,0,,,0
1628F863732C8AB2E1301D54CD4C4D0B,2,0,0,,0,,,0
F0C0B7DBC98D6A4BE6AFE136DDEE7AA5,2,0,0,,0,,,0
86444E1BD25B4974A1F6D34249D3203F,1,0,0,,0,,,0
7CEF021B7B043FB5D003E9245C05D8AA,0,0,0,,0,,,0
47D860764E077EF0B2913BE5CAF90680,0,0,0,,0,,,0
3109942E3428ED1CC49E093965E1748C,0,0,0,,0,,,0
402F30A77B5F6C1395F822860A3512FF,0,0,0,,0,,,0
8C0B6F37A58D91D2367924CEDF37CC48,5,0,0,,0,,,0
07A6B44E67F46615D8569A26774E5C33,0,0,0,,0,,,0
5DC44337898394788ABAC35E9CCB91BF,1,1,0,,0,,,0
0853C64BFFCD4B2DDCABC141D8233E85,0,0,0,,0,,,0
6E6A40AF52E48EC64DF9D6E960207E36,0,0,0,,0,,,0
D4AD31CC56B2702CD297638EA4360AD1,0,0,0,,0,,,0
C2590EA6C37251294345C9819E884C61,0,0,0,,0,,,0
01D1CD118B7991BF9FB6EB19D006F9A0,0,0,0,,0,,,0
7D7DF63691486D0CB47C6638D87048EB,1,0,0,,0,,,0
AFF1ED962C29150288A2946235923125,0,0,0,,0,,,0
57E7A689A86A94D750A4C68220DDD679,0,0,0,,0,,,0
6CADFDEF291B11CB39E7535468740AC3,2,1,0,,0,,,0
B204F820794E4B3D75E2575EF53208EC,1,0,0,,0,,,0
1647132022710A68A8C58B24BD0C5965,0,0,0,,0,,,0
7F7DD65D0E41B3A00DB98B07B60264CF,0,0,0,,0,,,0
1702F9DEA7AC59FFE21F48829E4A5D6C,0,0,0,,0,,,0
E14015A0F7887245A27434A1477B6214,2,0,0,,0,,,0
7117AD079649D3A342A663E89F3C0355,0,0,0,,0,,,0
355F39E8E6CC25F99FF88F4AB9426978,0,0,0,,0,,,0
4FE4AF4725A957D0C8FBC907C5476197,1,0,0,,0,,,0
BDEEFA8CA97B82DCE729DF3B34162EDB,0,0,0,,0,,,0
2EF9738DE9EA54872F402F28E7CBA574,1,0,0,,0,,,0
EDFE01381D0D4E9A34FFBB236B401292,0,0,0,,0,,,0
BB2A2E7595DB292084EDACBEC5FB020B,0,0,0,,0,,,0
744F8BCA3E25380C640BF9419A7EEECD,0,0,0,,0,,,0
C522C1CC05EA1892E409BDA285CE5267,0,0,0,,0,,,0
79579F8C00D36EBA456A300BB7D68006,0,0,0,,0,,,0
286B7D6AB4EC65A775BDF76EFC337B88,0,0,0,,0,,,0
C48840E9F8292BEEF437723C51D087D1,0,0,0,,0,,,0
63D8ACC080B6F91722C1ECD735FF3395,1,0,0,,0,,,0
0E65A1967A3EE64A4D33E6038D677FAD,0,0,0,,0,,,0
3146F36B225A971075488669311D28B0,0,0,0,,0,,,0
908E01BC8DBE5572BFA4BB881119FD2B,0,0,0,,0,,,0
577009B99ABC3702BE43BF8916DF0CD9,0,0,0,,0,,,0
0BABA76E63C319AB6916ED97AA447408,1,0,0,,0,,,0
6ED4AF33B5C643F0AA34A11654E90B85,0,0,0,,0,,,0
56426E5FCFB74B91CF7880ACB3227573,0,0,0,,0,,,0
DBEC9B0DA26333C8E51ABF6AF7B98BF5,0,0,0,,0,,,0
D2884F0343D0030ECBEADFB58EB890A9,0,0,0,,0,,,0
A45DFAC2FF8C0069FDD9E0B213AA6000,2,0,0,,0,,,0
A76105320E2B89F4971AB64A6CCA398D,0,0,0,,0,,,0
891576E363C8DCDA4591C3CC46303982,0,0,0,,0,,,0
2D22148CA26AA25F307D5C6B160D1193,0,0,0,,0,,,0
DB3B6E984B29883EA02F1A504A33730F,0,0,0,,0,,,0
80EA30CA53FB84FEDA3CFB4313FD966D,2,2,0,,0,,,0
76690E22DDCE2B1FFA98C6A4376B8EA2,1,0,0,,0,,,0
8D593D833A2284A5FF384D671BBF8AEF,0,0,0,,0,,,0
BED7C54AF81CF9FB840F8DA3ED50CF65,0,0,0,,0,,,0
A8A48B17D48CFD078629BADCBD1BD0D9,0,0,0,,0,,,0
A15A1DCDB0A2928E29DA90A68A2D5764,1,0,0,,0,,,0
BB46EE682439A0D5FF34C15B4E1D1C7A,0,0,0,,0,,,0
18A2710EECCB5E70C4866C2DCE9D2BA7,0,0,0,,0,,,0
FAC17481C94D167FBBAF531DA0C6FAC9,0,0,0,,0,,,0
00BA8306014724A957DB27B9417C5149,0,0,0,,0,,,0
922B53D261E35A804BCD5689A68162EF,0,0,0,,0,,,0
40159889846E4C8393D304BE4AF4B693,0,0,0,,0,,,0
58E46FB23B4D0BF2DC248CB5754D1E6C,1,0,0,,0,,,0
46B4353A25E836DEB03AF02E11B6AA32,0,0,0,,0,,,0
2303BE63B27DA53BDC80C0983605311C,1,1,0,,0,,,0
0D3CF8D3D3AD70026BE6AA0E4164832B,0,0,0,,0,,,0
21D17998FAB40DC60BF0100871EE0785,0,0,0,,0,,,0
AB0F2EE5F9F401763BE1E9FA55410312,2,0,0,,0,,,0
BCD7C7D3CEEA8C49CA6633EC27431823,0,0,0,,0,,,0
DC255C3077783AB9FCCF4DEA6B82B2B9,1,0,0,,0,,,0
97760F8A4E9C0DA4B02684343A2BB046,0,0,0,,0,,,0
A5FB130BC5C1518DC5EB25DC184DA6E3,0,0,0,,0,,,0
13D5DC377F1D844368B17FFAD8ADA826,1,0,0,,0,,,0
DA4BCFC16C1735AFFAD960E8B9064525,1,0,0,,0,,,0
829CD9840EBDE57F1780FDE17916AC43,0,0,0,,0,,,0
D4CC51AF72CE1AE66A6E17B67E40A7F5,0,0,0,,0,,,0
65F7D86346A4002519B78D2E405851E2,0,0,0,,0,,,0
57C98EBDDEB04098F99B642FB41BBD76,5,5,0,,0,,,0
ED0BD1AC4BA9E10C4BF5AB0AE74108C6,0,0,0,,0,,,0
DE3C59FE98D9B698FEE32B9A4206679C,1,1,0,,0,,,0
F0E36AF550F2FD11258A6D5B4780484C,0,0,0,,0,,,0
9C429559A388E2E500C6AE7B47B1B5D9,0,0,0,,0,,,0
2DCBFF5D52A5448A96E6433F9DA30797,0,0,0,,0,,,0
E36B7015053E4709D32D8E59D4AC2809,0,0,0,,0,,,0
531EFEEFD92849EE02726529A1BC6D45,0,0,0,,0,,,0
A10CE5BB49D264C4ADD1D207968B8736,0,0,0,,0,,,0
263CCF9D8E478D0FE0B4FE45F8F7A627,2,2,0,,0,,,0
65042C847C124510408692E3D334B01E,0,0,0,,0,,,0
92A48D7600829C37EA0ED6FA7830B4EC,6,0,0,,0,,,0
4460E357A19E7158F9E8278A06D0645C,0,0,0,,0,,,0
AEB090C760FD73513C341B2BF17B671F,0,0,0,,0,,,0
CD5A6BBEC21D4DDC4C51AE7922115498,6,0,0,,0,,,0
DEAF0E3F30CF5D6FE3CD7A23BDBBEE57,0,0,0,,0,,,0
064894F61FD2700027CD24D27E196B53,3,0,0,,0,,,0
34FBCEEAF31C4C79162579AC5279FE47,1,0,0,,0,,,0
A42FCEAAF8FE0B75E53F5A93ACDD5E11,3,0,0,,0,,,0
6C84D169F03A64440A7E10713336403B,1,0,0,,0,,,0
E94AB08B1A555C89FE46AC157BC60B29,5,1,0,,0,,,0
1006098CC6BF346F449A08BEF0E4D7A9,0,0,0,,0,,,0
127FA08765F89FCFEC87A8264F528083,0,0,0,,0,,,0
7E9FD8B419AB91AFB3F3A33DFCAB6B53,9,3,0,,0,,,0
66E14D0568C641BBAE5B6775BC2F0848,1,0,0,,0,,,0
8530BA1E10784C7FC80A8BD7C821845E,0,0,0,,0,,,0
73F18AA53ECBAC76F5E71D58151B2834,0,0,0,,0,,,0
3C520DB4B3011338BE914CD77157C07D,0,0,0,,0,,,0
8ACB6AA71D45C6A56E720A6B6266D17B,0,0,0,,0,,,0
B28D26C47FF613ED874E952B2D2C07FD,0,0,0,,0,,,0
BB78B0FB9273460F1D2BB3FF600665C8,0,0,0,,0,,,0
7BEC6B06860D25AE7E44CA49AB939BBF,0,0,0,,0,,,0
2CCA3846093A5C9AA76489A76DAA7D3A,1,0,0,,0,,,0
0F07207AA3444C5BA3AC8F4475A52E07,0,0,0,,0,,,0
52674FCAD5A82E22BFA5EB24BDB2ED99,0,0,0,,0,,,0
3AE42BD6E1161CBC5AAE28AF96FB83D1,0,0,0,,0,,,0
76BEB16C02731A3EFC17A6F6D55F3CA0,8,2,0,,0,,,0
979FD0459E3572F1978E7B71470365AA,1,0,0,,0,,,0
48C3F922E22657E619B06BE11763E782,0,0,0,,0,,,0
80A8F72A55640A37D2CCC8437EBFD5D5,2,0,0,,0,,,0
A186F11DB78B24B81B1BF4097F34B1DB,1,1,0,,0,,,0
7BABA7F1419B9869FF14C4243AC2DF9D,1,0,0,,0,,,0
50C4562C72BE3B0E15E8ABF632A1E734,6,3,0,,0,,,0
366A11CBF4A46434E60D5BC4FECC2E81,0,0,0,,0,,,0
AC84CEAED9C93CFA450E22E735D19F1D,0,0,0,,0,,,0
453661ADA5440A5B93ABFD247269E693,1,1,0,,0,,,0
0F631DE54F336BE5FD7B6E8207DBC3CF,0,0,0,,0,,,0
0724BDC669A541B88F4FEE6F5AF021A0,0,0,0,,0,,,0
236639C058829817B648DE16FC6B897B,0,0,0,,0,,,0
B44CE073B21086F04503B93E25448C84,0,0,0,,0,,,0
AE0B3F8FA655B5E4622CB92474B2D053,0,0,0,,0,,,0
C840E864055F5AF62AA5F7CD31454446,0,0,0,,0,,,0
6EA1137F75CF7242E030F0FC80CFE1AE,0,0,0,,0,,,0
AFA456AC9C8C730EDAA31D4ADB476ADE,0,0,0,,0,,,0
10BF22F70000BE1DAFBF08E6B5893C71,0,0,0,,0,,,0
7F612B35D4079BD4E6B345377244FF0E,2,1,0,,0,,,0
0F02E20DC63E83CF1653ED9ADCDAFF68,1,0,0,,0,,,0
BBF3FDD9201A8856C2C034EAA54CC132,1,1,0,,0,,,0
1E9A14D4B03D43D5A2D4A606D099D538,2,0,0,,0,,,0
18E3B6030C95894AA0147632DC697D0E,1,1,0,,0,,,0
7A2B91B04FEA667808B69518C042206F,0,0,0,,0,,,0
9F14E63D77F047289C3DDE07EB45055C,0,0,0,,0,,,0
BD74D8BB4FC98995F143107223CB6A67,0,0,0,,0,,,0
2C4F4ACFF9D4C42F4C01EDECE6D4BB4E,2,1,0,,0,,,0
BE36C49B1AB3968D420923AEC4FDD7AE,1,0,0,,0,,,0
D70A6647692E40DDA4DCF2D0D3803142,2,0,0,,0,,,0
996783D594954FE46762D850BFEBA928,0,0,0,,0,,,0
AC14F9B5C6CA275BA54C2C0ABDC087F5,1,1,0,,0,,,0
D2F796D407A234AAC44DC94CCF96AD76,0,0,0,,0,,,0
8EA1829661F769B268D3718F3725BCEA,0,0,0,,0,,,0
DA7F423A677B3DB5D7DE547A6200CD98,0,0,0,,0,,,0
D197C3EECC1E429CA233908B5C2CA034,0,0,0,,0,,,0
10310AC33A0022EF9C959137F0861F2E,0,0,0,,0,,,0
85BD2BA62BDC8185DC768BF79A288DC4,3,3,0,,0,,,0
B51B8DEAEDE897AFDB9C11DDCFB9904F,0,0,0,,0,,,0
7A47D128AAB257CCC3FCFE8BCA006B78,0,0,0,,0,,,0
F0DED4B8FDBE15DCBC62100382E63FCE,0,0,0,,0,,,0
4EFFC739D6819FDFF55266F82B32097E,0,0,0,,0,,,0
FBEDA58B65DE11AEC7E49305BB51FC5F,0,0,0,,0,,,0
95E366D11D0584317C5AB0C755EFE597,0,0,0,,0,,,0
E70E3F402C9F812B2735740C621D79EE,0,0,0,,0,,,0
93EFD1D97580604FF1988BC54B3BD978,1,1,0,,0,,,0
081127AE41DC255A6C94BC780A948126,0,0,0,,0,,,0
7A6F67223E5793BFBDDC125DFDC23F15,2,0,0,,0,,,0
302482F72E746B8F6CFAB0C3FDDB0064,0,0,0,,0,,,0
4CD6E6848238D6716BD7117EB4927654,0,0,0,,0,,,0
9F31E3FE6F5D2468DDD0235EBE6A8334,1,0,0,,0,,,0
7F16DDB44D7421F1A0A0E0AF37F3F2B1,0,0,0,,0,,,0
751AC8CA3C706AEFEA610D93B59E0C00,1,0,0,,0,,,0
24C226E572A089A0FE6FBD1923A705A0,1,0,0,,0,,,0
78119035B1798D27E62402E7ADB498BC,1,0,0,,0,,,0
3200635A72EA1831553811F9813B2E11,0,0,0,,0,,,0
40D82CC5355F2B3ED125D0AB7C373214,0,0,0,,0,,,0
6C03E7254F4F0F58F6B578F749553B29,2,0,0,,0,,,0
5DE24DEEEF9190BEE21F020A0811FCEA,1,0,0,,0,,,0
620DA7A49F07368EBCB917DB113BCEDC,2,0,0,,0,,,0
66AAD36DA082045EC5F1B9B3789547DE,3,0,0,,0,,,0
FE806EAF490D9E7E20EDAAD65D2224E2,0,0,0,,0,,,0
233802C609947F33DB7CFEFBBC7AEA2E,0,0,0,,0,,,0
141CAA12D5889A5422666770BCC58FC1,0,0,0,,0,,,0
A64CA7941E040C69E34F7AA338DA8239,0,0,0,,0,,,0
8B7110AC0A6E048628AB4BCC751E0A09,0,0,0,,0,,,0
1973BFDA5EF3C7D64BA9FB5F09EB2B4E,1,0,0,,0,,,0
70E5A3222508AD3D70A72B60E4045DC5,0,0,0,,0,,,0
76E33BFF1482D15A9E7F81BCB01D935E,0,0,0,,0,,,0
F26C2D4EFF9B71331C457D44D365C7CD,2,0,0,,0,,,0
8818A7CE0F73D345D8C7C69592AB05E7,2,1,0,,0,,,0
ED02B5FFD68A3242B0F6FDED925CD5DB,1,0,0,,0,,,0
B169C9EAA544AC9A33B539ADD195BA2B,0,0,0,,0,,,0
C8A2B7A7D4C4516B2CE4C1CDB656D2D6,0,0,0,,0,,,0
AA38BD4010AB4D0C61A7235E9BED84F3,0,0,0,,0,,,0
61879BEF3B028659993A9A1F399BFF77,0,0,0,,0,,,0
ECFD47EFFAAC86D1DEE1D658CBA1A3A4,0,0,0,,0,,,0
952AC6D1275E9222D0F7FCE679E16284,0,0,0,,0,,,0
9A9829B33EBA6E89C89118367EAF2B7E,0,0,0,,0,,,0
114CA13C3BAB2558D54FC0DECC23209C,1,1,0,,0,,,0
597F9110E80E489913E979145ABD72DB,0,0,0,,0,,,0
FA5B199CDF7674E58F0AF0D2163FBEF9,0,0,0,,0,,,0
201E3B0D000A2177487384189D647E14,0,0,0,,0,,,0
EFB2E29B3188FEE64E62E7B315C26780,0,0,0,,0,,,0
AE5E916CB220FBCDD0CCF349ED5F5273,0,0,0,,0,,,0
D500DA7E6E685D076021F972DFE6AD1D,0,0,0,,0,,,0
D1A34C0FAE2F326F2C050020A3B990C5,0,0,0,,0,,,0
809AB2DB572E3F3DBDE6E52FCFE5187E,1,0,0,,0,,,0
0531403140A247EBA33CC4811C4ADEB5,0,0,0,,0,,,0
2E650E616327F836FC153592608AED98,0,0,0,,0,,,0
73F95B8637A927B2F2E795661007DD30,0,0,0,,0,,,0
7DA948EBB5E7B80B103A828353CA93ED,0,0,0,,0,,,0
D6CE2614AB26B05B94FC3840D08E91F0,0,0,0,,0,,,0
BB5383D0C13918205EC27BEC707E1152,0,0,0,,0,,,0
BD7A82B82D562CC7738F60D110C5B16D,0,0,0,,0,,,0
6BB15F2E5F34971E365155AE26490C28,0,0,0,,0,,,0
ADE6FD4459C63E2598D4CDA8AFDD81F2,0,0,0,,0,,,0
2A20B3468A1A2F1A5F02152185557F4E,0,0,0,,0,,,0
23FA3D9C79722C69F67DFB4DE796D3FB,0,0,0,,0,,,0
535D0F6E732D32377BFA64DE7D81F81F,0,0,0,,0,,,0
23DA654CC3B1652A9BEA5032FD307C74,2,0,0,,0,,,0
9F7B0D1BFB822F5E26E91E184E2E437C,0,0,0,,0,,,0
21B765A837C1341FBAB0EA7356EA84AE,2,1,0,,0,,,0
50C4429FB8A0E9543F607379260E7098,3,3,0,,0,,,0
85C3BE99650E6F3DE3397BB9B2D3C897,1,0,0,,0,,,0
411531351D1012182BCCFA09DC673B0F,0,0,0,,0,,,0
25BC194307413BDE63EEE5E45161E81C,0,0,0,,0,,,0
8AA5A3D5E2768C0444CAF5EBA106B4B0,4,3,0,,0,,,0
58D759F63DEC6EA0D0F490EAF382C0D5,1,0,0,,0,,,0
3E591B11F0212CD7B354AB860ADD66AB,4,0,0,,0,,,0
55749233663621ACE31ABBF992871E6B,0,0,0,,0,,,0
44D4588D33F83DDF05E6FD25DD38B7C2,0,0,0,,0,,,0
ED211F1428A518B0517E6DF406E70579,0,0,0,,0,,,0
7919E77A6FB786831A0B13C69F1EF6C5,0,0,0,,0,,,0
C33F7E58FAE9A599A1EF7D75BFCA58B4,0,0,0,,0,,,0
7568C69A16F1007C8DAEC811CCF8B3B2,2,0,0,,0,,,0
9B650B1483548351B5D5119C372E7105,0,0,0,,0,,,0
86FB984815DDC86C8079F9EA4C705ECE,0,0,0,,0,,,0
DB2D229B4C1CFEB482AA72E9F4039449,0,0,0,,0,,,0
74D2FB5B73DD512E3307EC9378C00676,1,0,0,,0,,,0
00728D737FB9A32D295816D9E02D2675,0,0,0,,0,,,0
EEC7FA9B9E05990005FF736DCCADC24A,0,0,0,,0,,,0
2779422065F5685DFCBC3179B5E6E38F,0,0,0,,0,,,0
5C2D9F2166A128926CB802B0941EF4C6,0,0,0,,0,,,0
037186922799931ADB388EBC0AD874D2,0,0,0,,0,,,0
AB068A15CDD59D0FC63175D661A75F6F,0,0,0,,0,,,0
E33E8110849373DFEECBF5A9EFCF8D4B,0,0,0,,0,,,0
6D74DA8D3B7E026CD9DEDC3F34292B9B,1,1,0,,0,,,0
0469EB663D0047F33AA8E0F65F7839AC,0,0,0,,0,,,0
5B01B1E28665639AB878D08F95E3D92E,1,1,0,,0,,,0
349D0219227FD5FDE3F601FCFF3D37C8,0,0,0,,0,,,0
A29E7D8E7AAF53C529DEF99AC3BB3BC7,0,0,0,,0,,,0
8BE602665CF12C3F3F6C137DD5B63A0A,0,0,0,,0,,,0
C164297C12211BF2BF3ECC41C8DC289B,0,0,0,,0,,,0
5C813D5127BF4EC2AAB2B93A6406E223,6,0,0,,0,,,0
3DDFB106D758B4F4FD5B5691868558DF,0,0,0,,0,,,0
EAEA9E752E3648B27B92AB12A108B339,1,1,0,,0,,,0
7101B4232F5B26A9C987C54F8717DCDC,1,0,0,,0,,,0
97223A08F4FED58D5ED280377F5CC7A8,0,0,0,,0,,,0
0A559E43333092AD542831859378A1CA,0,0,0,,0,,,0
012A1B5594934B98BD38FDD68C560702,2,0,0,,0,,,0
5C351EE241AC7063F3B64F96F3A7AB3C,0,0,0,,0,,,0
6332AC003B5A976911646CB9280ED1FD,0,0,0,,0,,,0
5B2675C99DA30A7D24203B1D5B12BE7B,1,0,0,,0,,,0
6311E33F2F0571CFDD44FBD1EA131292,0,0,0,,0,,,0
F81180A020502492D27DCF8E528DB0D7,1,0,0,,0,,,0
94635B9A5B3B61BBAFB2076700061EE5,0,0,0,,0,,,0
69D21A6E0C43646A50F4CD92FCACD19A,1,0,0,,0,,,0
0B59E4D746C8091A0D068E7F6AFD3992,1,0,0,,0,,,0
492FE6FC116D9D36914A7ACBC971C9AC,0,0,0,,0,,,0
AC88DB7A53A34FC5F929FBC0A379F5AF,0,0,0,,0,,,0
036FB88153A3399ABD104AB1B4BC7BEB,1,0,0,,0,,,0
359A30D834139AE2A7D2FF13097860D5,0,0,0,,0,,,0
B124862D146B181655C636A64B4FEA65,0,0,0,,0,,,0
5CD49E9E36043695ABF57315349D7CD0,1,0,0,,0,,,0
AFBF239F648C0E45C7F1400A76F14245,0,0,0,,0,,,0
A6ACF323181D2DFC42C366435189583B,0,0,0,,0,,,0
AE29E1D6B23134E71D938C4D8E57620C,1,0,0,,0,,,0
C8C5D445ED19FD9D1F2DC9F590E7FF15,0,0,0,,0,,,0
3705B1B5D29DF245AEBA55FFF82B709A,0,0,0,,0,,,0
0FB42D5FFB79A9DE147873753BF7A664,0,0,0,,0,,,0
8536FBAB33CF29E6E9A90A791D84DF92,0,0,0,,0,,,0
9D8D05C9B86D9707717BFA22CB0924FC,0,0,0,,0,,,0
6AB91AC79296436E0B0988633BDA5E31,0,0,0,,0,,,0
4656CFA5A8AD701FBEF0A4B22DEC7123,0,0,0,,0,,,0
75AA587C3D72B34C9876D8D94BFDBD4F,0,0,0,,0,,,0
605F74B6799593530FD600FB839581C3,0,0,0,,0,,,0
8BBB4A13B35354FB78A9F4B211B9E566,0,0,0,,0,,,0
76025BBD81B45F6F9CFFFBCF1D6A6042,1,0,0,,0,,,0
64A5CAF9B1E34502937CEC6AE120261C,0,0,0,,0,,,0
CE1C624EB679BFFE8B9B9001DEC566C1,0,0,0,,0,,,0
0BDC6692B320B42B99F6E93154601C20,0,0,0,,0,,,0
68F0F274679E4F4B4059C60DDAA5A3D4,0,0,0,,0,,,0
D45B2D25F72A6EF2810534AFF7EC1C7D,1,0,0,,0,,,0
7F16B4664F0EED6DFE4A30BB199339CC,0,0,0,,0,,,0
2D391C71BAB620DE0438B4FB9983DCA1,0,0,0,,0,,,0
5B64EFC31A1378A17ABFFAD603A2E1B4,0,0,0,,0,,,0
6948799B3044066891A9CED3DA79D79A,1,0,0,,0,,,0
E72E512B6F4FD9E672F5E50F3C8FF0DC,0,0,0,,0,,,0
07BCE5E914BA482477163BCB3A51F6C9,1,1,0,,0,,,0
E502A9F25E8D7D90810369C13E50A1C1,0,0,0,,0,,,0
C70E6A8660F32C483358141E5E447CC8,0,0,0,,0,,,0
C23D5178F07C8C5FCAA718F3394AD766,0,0,0,,0,,,0
5CC3342FA4759296360812BB66F21CA6,0,0,0,,0,,,0
2DF04CEF5AB1A9BD21AB05012694CC1F,0,0,0,,0,,,0
2BEEFCA9CA52A066FF6E073B4BF97997,0,0,0,,0,,,0
06F2C5450F6D050B95AAF9ADE1DAEB70,0,0,0,,0,,,0
850F5102E2F919951C7E97E5CC059333,0,0,0,,0,,,0
E5314FAAD37C0A87D3DCD34CDFF7B367,1,0,0,,0,,,0
2718BC04F1875C178E5E966A0E27E0A1,0,0,0,,0,,,0
7084D9B4F85BE658D673E8A990DFB376,0,0,0,,0,,,0
6084A5956CBF8FE2B5D1728B6BC09816,0,0,0,,0,,,0
C3A2E093D521D3F6AF2C54A7860CF68F,0,0,0,,0,,,0
0E08FC0FB2F765821AE13677CFD8BAB2,0,0,0,,0,,,0
45227965B5D93C9D6C1968100F8B10B6,0,0,0,,0,,,0
6ECC3A861D38B1FD14CA69B3641F0784,0,0,0,,0,,,0
F1F0990CFA58317746B8113357C2DD9D,0,0,0,,0,,,0
914FBADCAD0C29190428D437CC6B40C4,0,0,0,,0,,,0
C04D8138266E1439C156ABE4E82F4706,0,0,0,,0,,,0
0E62EFF6D48B1FD8A8400D051CB36797,0,0,0,,0,,,0
C73AF640670A5B88D96E8D5E8E330DF1,0,0,0,,0,,,0
79BF17AC41D67E52F5DC2B950F26416F,1,0,0,,0,,,0
A4276BB068C2083DA48F0D21537DB090,12,1,0,,0,,,0
BA37E4B37B8313F2FFA6F52545C76819,5,0,0,,0,,,0
873A800A72529CC5F0AA4B7B226A263F,0,0,0,,0,,,0
AD587C247A8FAB863F94BC683E6D0371,0,0,0,,0,,,0
4C0CC588FBBD915CE74EADBEE62B7CDD,1,0,0,,0,,,0
8F8C1962C9933DCE14D4E2D8146083AB,0,0,0,,0,,,0
CB2B8078B183259199B64FF14A746474,0,0,0,,0,,,0
9A9023B132EB5D23ED8B335C90E7D28A,3,0,0,,0,,,0
522203A003F78A0366988475AAD44953,0,0,0,,0,,,0
A8772128307051043124FE8443B1C326,0,0,0,,0,,,0
DB69D8C68DEFBDE4986484CF0AFA1D70,0,0,0,,0,,,0
7CB2D3F0C0FA1A15A0BD2C341DC6D265,0,0,0,,0,,,0
B8ABF06C01AC9AE51849B42460E2E560,0,0,0,,0,,,0
01BC875517D607420876592DD25C9A22,0,0,0,,0,,,0
62F486548AEFCACE56A4D4D1D617BFD5,0,0,0,,0,,,0
238F40560836C5F5E317C859E3EDBC95,0,0,0,,0,,,0
606AD2B860C9328DB37B2EE525522D7D,0,0,0,,0,,,0
CB206CA46FDD13AC2030F27E7DC54E26,4,0,0,,0,,,0
1025067C317A2A202E2111E1CD443F0E,0,0,0,,0,,,0
9B7F147A335B017970A508D6C2FBB19D,0,0,0,,0,,,0
1124EFE951E4EE78CFFDDCB080C0E48A,0,0,0,,0,,,0
AD567F5A367C7FFE0AEFE268F87E298D,1,0,0,,0,,,0
02887D8373139F1D3A223AD62B76CE7A,0,0,0,,0,,,0
54702FC6D2394F7F125719D6BB2651C4,0,0,0,,0,,,0
B17733EF033768334482E53DA2FD144E,0,0,0,,0,,,0
D0D121B4DF4BD7BC180792073806F446,0,0,0,,0,,,0
ED90CC7C8BC768DBF3B8B87A75422721,0,0,0,,0,,,0
4EC403601A838CFFD802B6163DE93966,1,0,0,,0,,,0
2A78A1F772DEA29CA407EDE2D31A2D7F,0,0,0,,0,,,0
B837C2AE14903E9C017E22886996F577,0,0,0,,0,,,0
ECDF273CA57076C532858AE4B1CE2C90,1,1,0,,0,,,0
C67EE8BBACF3FEB46E871644BE6B8204,0,0,0,,0,,,0
261D77D1373E4F708D8241AC7572206D,0,0,0,,0,,,0
30138B542CDF56A289C3B3059EC03D5E,0,0,0,,0,,,0
ADDC25F2E0EE2C18855F0D850EBE2A8C,3,0,0,,0,,,0
945743E3AC497529EFF0081BC6FC0931,0,0,0,,0,,,0
9C4FD2B8EFBE7F68A56C522FF0C52491,0,0,0,,0,,,0
B700B1EA56901090F9372762475C9A5E,0,0,0,,0,,,0
65A5F4580F975A3253988138FBAB03AC,1,0,0,,0,,,0
9984833133475C8668C9AA46DFA8EE58,2,0,0,,0,,,0
B35A6709200CA19C780383357D108577,0,0,0,,0,,,0
AB271C60C33209429CE7EF3576DEC029,0,0,0,,0,,,0
A6E7F3C2692459390F24A912B447B433,0,0,0,,0,,,0
0FD440B02BC1A20B3FC5C836F4CACADC,0,0,0,,0,,,0
FE5BA4C59D36E221F7059D7C41CF8E71,0,0,0,,0,,,0
BE7376FDA7D04B0D7ACEDCB60BE0FE41,2,1,0,,0,,,0
46EFCC1870981BBBCEEDEA5A53CE5914,0,0,0,,0,,,0
9078147CADE58F84A004E4060E384357,0,0,0,,0,,,0
5602A6B817F560D7073B4EC820D35303,0,0,0,,0,,,0
F485F4B6F54C6BE47586250626D50922,0,0,0,,0,,,0
58364AD9BF25372CE083968D512F60CC,0,0,0,,0,,,0
C9F9FFA5F2AC7775245B822299EF0823,1,0,0,,0,,,0
39C210B833FE2D53C723E354AB1FAC4D,0,0,0,,0,,,0
8F83300E742065A49A86CAAAC3967169,0,0,0,,0,,,0
652464F500043E2B56900309CB092CC6,0,0,0,,0,,,0
11D43A7EF961ABF68259A1F64D5CDF76,0,0,0,,0,,,0
8EE868DE3A7CBBFC9FBEEEBE37FABF1F,0,0,0,,0,,,0
F9B4D14A231B7DFEF9A8971D77AB51EF,0,0,0,,0,,,0
6DB38E0BBE020D9A439AC11401548BC3,0,0,0,,0,,,0
A5AEE1F0DDB94CFABBA9E8ED443080ED,3,1,0,,0,,,0
DA7A7C0106C294FCDD1B5099B1F963FB,2,0,0,,0,,,0
0587E7F5CF041A355F5174742C53226F,0,0,0,,0,,,0
A0091E4983318BC6A99EC66C85D7CB7D,0,0,0,,0,,,0
E47BFC691CA91A0C8A9C66D611AE265B,0,0,0,,0,,,0
3125BB9EDC3883B1974A93686D0513CE,1,0,0,,0,,,0
4C17F5C5FAA992E202D318F2295AB359,0,0,0,,0,,,0
B4784FFD75DF15FD9D2537EDC8A8B57E,4,3,0,,0,,,0
D645BD3054510405FCBFF37FD1AC0C7A,0,0,0,,0,,,0
7DC2966EB37241DE0268CE347F859483,2,0,0,,0,,,0
2CF33FDBBCE129166C717E86C6014005,0,0,0,,0,,,0
FDA4BBBCF1EA2D95CDD77BFC5F00A837,10,0,0,,0,,,0
8F622E73FD739EED748EE7F044D598E8,1,0,0,,0,,,0
4CC02FC085FE10D53D9CFB21AC61BEE0,0,0,0,,0,,,0
5C1810872C3E24CBB0305B6988B63A36,2,0,0,,0,,,0
E9A739464980553F5001B60BF898D51C,0,0,0,,0,,,0
7941E078CAA7234BD8B432589FA29FFD,1,0,0,,0,,,0
827DD97B477C68B3CE3F0D21C0D490EC,0,0,0,,0,,,0
BE51B6A4C9E61DA82581F026ABAD0359,0,0,0,,0,,,0
B21DF1125B8421F7A79DD09D34D664C7,1,1,0,,0,,,0
A8F2DDE5DBCA26AA211726BB28E62084,0,0,0,,0,,,0
E9B369A690885E1113A0A4B1F877B5C7,0,0,0,,0,,,0
C44D4EA1A70D0257D156AD556E9DBA4D,1,0,0,,0,,,0
31AF55FE4ACC7EE245BB3A038FD723A7,2,0,0,,0,,,0
7A37469401073BEC4A0FEF6760F90870,2,0,0,,0,,,0
4DA6BD9D174F33E7EF99BEC70AC620E5,29,26,0,,0,,,0
ABEDFBFFBBD82D9A065D7A8305CD09B2,4,0,0,,0,,,0
2A20787541829436F9F220A8CA2AF16C,0,0,0,,0,,,0
55950DE2638F8D08B1E5C9FA4B8656CF,2,0,0,,0,,,0
08BF091E37BB04708ECBE69E862A1346,0,0,0,,0,,,0
3765C6D7001F65F936A54330205BA9DF,0,0,0,,0,,,0
4B0219D879648CC5D8CED9D4C5176FDF,1,0,0,,0,,,0
28ADC292ED900421B6A990AC4FCA68F2,3,0,0,,0,,,0
AD6D349E4DF47BB97D06CA8BB65EBB66,0,0,0,,0,,,0
9BFBBF816AE3BCD169BE9A33B77F0D0F,0,0,0,,0,,,0
78161BB39BB13189ED9A6838A9AE45DE,1,0,0,,0,,,0
EF1FDBCFA8D132BF72BA4BFC2D9AC0FF,0,0,0,,0,,,0
44BB7969E09F0E48CC2E28D0A8E8BCCB,0,0,0,,0,,,0
0B63D33B5B2251B42D4237903F07FB6C,0,0,0,,0,,,0
50CB561AFAF634ABAE28101F51967C58,0,0,0,,0,,,0
B2EB23C3BE3D6036CCEFD2747E51E872,0,0,0,,0,,,0
322DE1B0512D9A38DE71CDACA33091C9,1,0,0,,0,,,0
AA7E75D066F4339F7548F049EB2CF610,0,0,0,,0,,,0
79352792B72C3FF7BBC40ACFE7235AFE,0,0,0,,0,,,0
5EE355967192E02F4EAAF5C1A2A5F421,0,0,0,,0,,,0
53DC197479FF9AE786BE8B1FE7D02899,0,0,0,,0,,,0
5F76D36695090A80B24D7FA5B8A1FAAB,0,0,0,,0,,,0
1F9928A2090E73B3F635ECD774C19C42,1,0,0,,0,,,0
7B64EE992D2C606C8957FB89CCC444A1,0,0,0,,0,,,0
1E5CC68337B90808C1B538646D424F1D,0,0,0,,0,,,0
817CAAF01B545CD3ACCB232A727BF09F,0,0,0,,0,,,0
83FB573BA3F8C6488307B3ACC1B6416D,0,0,0,,0,,,0
27BE3DC4FF3688348855EE682A214D4E,0,0,0,,0,,,0
AF29F61BFA8D9AE276EDAE6316EB30AB,0,0,0,,0,,,0
1DC1255E314C16DF4C26ACEFBA10DB7F,0,0,0,,0,,,0
03EBC8C0828110DFC1F7696DF8CA6CAC,2,0,0,,0,,,0
F83A8257068D43B4F984EBCECC604CE5,0,0,0,,0,,,0
BC55DE2D1D85265A950626FFE543A4FA,0,0,0,,0,,,0
64047529C45B714EA9362C6671577E12,3,1,0,,0,,,0
08AC67AE34670E47760B235B2058A868,1,0,0,,0,,,0
78EBE4E871C352FD3B35EEE1EFCC206A,0,0,0,,0,,,0
0ACBB386FD495B774E1C92BB032A171F,0,0,0,,0,,,0
40F2087822D412D2D481AF043DC7DAB4,0,0,0,,0,,,0
DC1DE630556B1E04E1AFBFD16B3A1FE5,1,0,0,,0,,,0
93B92A2DEEB6F663BC35327FD59811BE,0,0,0,,0,,,0
B9A395E297106E5D6F72747F84AC7AE5,0,0,0,,0,,,0
531E7B35DE9A21A1942F057C98B4E74C,0,0,0,,0,,,0
E846EDC289792A14A18D16A50F50DBCA,0,0,0,,0,,,0
4E68A26D72DE120819F9FA3AD7482EF4,0,0,0,,0,,,0
30D5E640EA9959C8ED7B5B03943518A0,0,0,0,,0,,,0
F6E6CCCB27C3FA47728DCA1C4AE72AC4,0,0,0,,0,,,0
E11BE37FB066E143A0B4C29D2842223A,0,0,0,,0,,,0
CE869BF6173A1F46388AC4B3F6FF4EFA,0,0,0,,0,,,0
43251B4821FA3F7EF7A38628655ACB7D,0,0,0,,0,,,0
EE3C0D0F03E9B90D93E774EF0E4F8D4A,0,0,0,,0,,,0
726D2A0D4E09097D6B41504D004922F3,0,0,0,,0,,,0
9AA2F9E383534B99CC25FB50699BC0C8,0,0,0,,0,,,0
C790EE2C97A43C374BEE7B516CC8615D,0,0,0,,0,,,0
9D24E0EC0CDC0E00AA8BCA6D5B9B161B,0,0,0,,0,,,0
87AA0F568DDB71C346E06C9A49D10FD4,0,0,0,,0,,,0
0150077AE685E3084E5DB84CF61CE383,0,0,0,,0,,,0
400A2BA0C0BAFC6A242E08221915D2C6,0,0,0,,0,,,0
C4BAE553F62E75AD8FA51A5276CFFB35,0,0,0,,0,,,0
415E757904443C53EE090E77B1F1EDA4,1,1,0,,0,,,0
020510A8D6352189CE3FECE6310950AE,0,0,0,,0,,,0
0B0D3422A5B7A5D5ED66D7E82F4A72FD,0,0,0,,0,,,0
B80E4626C0C1818C54D811934591E278,0,0,0,,0,,,0
8FB232228B645D24BCE87A9F55BD87DC,3,0,0,,0,,,0
2E210FED3C2D3481DB4C2EC94057537A,0,0,0,,0,,,0
6964A34583D7729B34D6CA143C937352,0,0,0,,0,,,0
2A3F0A978F880738DDD3D50AEF546205,0,0,0,,0,,,0
0D776A18192B672CB9C9BC0033881F12,3,1,0,,0,,,0
6A0B488E589706D7CEA43F9A88204A04,0,0,0,,0,,,0
A2005CD6AF1117E43CE48A26C99FB220,1,0,0,,0,,,0
416393D1443B6F0E64C6FD61CD148C03,0,0,0,,0,,,0
97ACFC6B43AACA39819731BF51D0848B,0,0,0,,0,,,0
2D564EF6689F36BC98392CEFA97704E6,0,0,0,,0,,,0
355CAC3B0726013E37EE271FBD5D6FA8,0,0,0,,0,,,0
40B9EF26656F3B14BF5490A1AE772A91,3,1,0,,0,,,0
67B8B95A535E5340A63E0687F85DCC06,0,0,0,,0,,,0
4923FF1B3CA71A3A27277D9F7F4AC4D0,0,0,0,,0,,,0
E6E99EB8675061E12726CC6173A38DF3,0,0,0,,0,,,0
9A8FEE70B6945DC1B1051F82E8E13DF0,12,1,0,,0,,,0
887C41D1A2A69288A4450F9050D7E1C1,0,0,0,,0,,,0
C1D1BAF81A0161B8B5B6C7B83B41411C,0,0,0,,0,,,0
22244E79DA9E51C312511663B20DA295,0,0,0,,0,,,0
83EE7275C914457166A79FEAF5D1ED3D,0,0,0,,0,,,0
334FF61953047FD7AA1D5A661C7E6B81,0,0,0,,0,,,0
5EE0642EFFD04FFBBAE5ADBF64876D83,1,0,0,,0,,,0
34C193CBBF5D8A24F0324D155D786018,0,0,0,,0,,,0
3C24334270603160F1C27BAAC3B9B714,0,0,0,,0,,,0
6F36938B2A751D5501DC18895544BA57,1,0,0,,0,,,0
3CF01C22A1FFF1FB6E1FC699A64805B7,0,0,0,,0,,,0
96BD51F2A20AD6393020B88D9C30C550,0,0,0,,0,,,0
4BD8300192179C8F3234AE4E34389F44,0,0,0,,0,,,0
30499F35F1B41B38DF777E9C303FE06C,0,0,0,,0,,,0
4116E16E5DFC14066E386D7FCB5FA799,0,0,0,,0,,,0
706FD58EBE9A13F448F4E78A1C710B6C,0,0,0,,0,,,0
7506F567367F2D01950DB051F3330645,0,0,0,,0,,,0
21E549164E0DE5C26DCF1512656DE359,0,0,0,,0,,,0
025CEDD98F1E38B50D543FAD0BDA49EF,4,1,0,,0,,,0
E9A131713861789F225C81C49B170D14,2,1,0,,0,,,0
5B874F7994400F6943C134F21CA452A7,2,0,0,,0,,,0
1C425DE0D08F0940B9036809A5C8C4DD,0,0,0,,0,,,0
D3B9B691B0D505698426E43A881C9FE4,1,0,0,,0,,,0
313A45CFB338AEDEFA13A1981DED76EC,0,0,0,,0,,,0
FE1752EFA68B295FB565674E4DCBD306,1,0,0,,0,,,0
3BAC6E74FC5A7AF497A63D473DBF7F9E,0,0,0,,0,,,0
465840BF70E61860BF7FE9B39E6AA989,0,0,0,,0,,,0
68449E80D3C79A07DAE06561D90F66F0,1,0,0,,0,,,0
1CB67435E83312DA505BF56A2982446D,0,0,0,,0,,,0
252AE9223FE299572809120788870EA2,0,0,0,,0,,,0
74030E72435A6A4386FA0AAA1904EB53,4,2,0,,0,,,0
413D20E7862519F7DEA049D4C923F188,0,0,0,,0,,,0
03B6591697874E4DE0F5A79B905876AA,0,0,0,,0,,,0
AF0395A1DDDE7F3F2EC7271337BEE6E6,0,0,0,,0,,,0
E5543EF6E46BE7F397A7C8E4D949DEB7,0,0,0,,0,,,0
3872E273D20260ECD8D7B0D1C4660884,0,0,0,,0,,,0
CBB7EE79D99E5ED146FBBE497D20FB10,2,0,0,,0,,,0
7091E3F0D0D06E818017F86904394CC5,1,0,0,,0,,,0
6A083B3774D801D24B62E594B9BA47A5,0,0,0,,0,,,0
671666FF4B61F992AA215ABD97FC4CD3,0,0,0,,0,,,0
904DD48D40C56A9DF287C7E7AA2082C0,0,0,0,,0,,,0
4A98170E635C9391DCACFC8BCB0F2987,0,0,0,,0,,,0
6777AA7F69A86FAE127AD550CCA30E0E,4,0,0,,0,,,0
99B34371227B2312A2E08B95F7649EC4,0,0,0,,0,,,0
D78D36FBC1694FDE2718E8E9A7CC99A1,1,0,0,,0,,,0
3C0B26C1EEC51B69F8E02F832F23BC64,0,0,0,,0,,,0
A853857D55807EF6E95BB5435485755E,0,0,0,,0,,,0
9D14422E357E6E7FC457616C0CE979EB,2,0,0,,0,,,0
F21DE7A5A3871DE0B1FF77B5687423DB,5,3,0,,0,,,0
9982491AA22A60FDFB88235455FBFCE8,0,0,0,,0,,,0
C72575F22BA940EDEFBB26EC6A2C3FDE,4,0,0,,0,,,0
F7248F3F7F7A98B7C565F8268035E1B8,0,0,0,,0,,,0
2956C75792EB4DB760599C315DB75E68,0,0,0,,0,,,0
FE5D11A212EA75062ABDCF08615C8095,3,0,0,,0,,,0
858C4472352C5E86C06E54DAEDDD3954,0,0,0,,0,,,0
013C683F98939AE4F41A42CCC96B1723,1,0,0,,0,,,0
D01B3D712C493ED0FB844498135CF056,0,0,0,,0,,,0
0FCE20325855050FB94DD203B913C580,0,0,0,,0,,,0
CE9DB64698BD67A50F93A6CB74544A04,1,0,0,,0,,,0
B8EB10761D3E68B91442F7F15F898035,0,0,0,,0,,,0
BC0F2A2F3EDEE4CE7381D5515421AC80,0,0,0,,0,,,0
FB05C8C9030FAE966A9F354C50E2A83E,0,0,0,,0,,,0
21CAD1B7EDE08AF9B92990553670D4BE,1,0,0,,0,,,0
2A79E63E7E0E7F4F2CFCAFCB449CE389,2,0,0,,0,,,0
209066E42054B4501C757D968E577E60,1,0,0,,0,,,0
8754F52C637D0A533A33EB702FADECDD,0,0,0,,0,,,0
EE2DAC88709352E86A2A2551D25277F5,0,0,0,,0,,,0
BE7A05BBBA6701D5B3671DE64498B419,0,0,0,,0,,,0
0F3E52D0BC2E3A23E502A6A5E024A47A,0,0,0,,0,,,0
37184C9468A73EF119F3AA6B1C04CD29,1,0,0,,0,,,0
9E45C84C102E9151AF511CE31D707216,0,0,0,,0,,,0
B6D0E29E393A645C3326B2993D6A84CF,0,0,0,,0,,,0
509912E9FC4BB4F9DA00D524E76B9DB7,0,0,0,,0,,,0
51B4FED2D5C1C8841F7F70902A169C68,0,0,0,,0,,,0
90315F3CE85BB427F960EF2F78972EA6,0,0,0,,0,,,0
478568129DAEE8BEDEF7C6D4616637C8,0,0,0,,0,,,0
BD975735F0F84282A6D8F945C4623BE8,0,0,0,,0,,,0
3698D7F37815E20EB085516F04E3BA4C,0,0,0,,0,,,0
CC9D4A1C18475292DADF4B80BC0C176F,1,0,0,,0,,,0
7A83D2DF229F63C925D75C6592D9B6EB,0,0,0,,0,,,0
D1E384039A327FC0AF368C5C178FC790,0,0,0,,0,,,0
1FC1BA4F917C03B0BC9F0AF8349D79F8,9,0,0,,0,,,0
AFE3580F1C183473FA6FA18191C5921A,2,0,0,,0,,,0
BA55EBF4BA0D00C60AD5735F0FEA5436,0,0,0,,0,,,0
0E7609CA977178EC4C6F0191922FC45A,0,0,0,,0,,,0
E216E68E4CF209367AEC7C92119229F9,2,0,0,,0,,,0
EA08B4A086F6269ADF5BCB411515361D,0,0,0,,0,,,0
A93F6D2BE1A65A5A4963BC16844D899A,0,0,0,,0,,,0
8082FDA6581397A1E1C8C5AF9511A719,0,0,0,,0,,,0
FD6537B9F59C637EE41BBD0D4B95E648,2,1,0,,0,,,0
24855F4058576F66E9F5EFDFC418C768,0,0,0,,0,,,0
8DC61C60837521AC6261B99C55939C3C,0,0,0,,0,,,0
8D08248A4E1A8D0A7D0101CC99A98AD0,2,0,0,,0,,,0
8EA2966AC7BD44D8090DFEC530C2277A,1,0,0,,0,,,0
091F09F594F7507A1D6D34D006A49CD9,0,0,0,,0,,,0
5D68DE11B07B9B704AA9B1885C91D03F,0,0,0,,0,,,0
F94F46BC3FBDFF5D30A9FD9BBF54362D,0,0,0,,0,,,0
67B3D12844D13C157D202B952EE9EA89,0,0,0,,0,,,0
2C61809CCDF53CF8521081F2DCC46172,0,0,0,,0,,,0
8D48A4577C6E8FFAAE5D856E26BBC1FF,1,1,0,,0,,,0
C4AF7AF776C4E6AEE0667320C0AB2474,0,0,0,,0,,,0
81FEA97322552F4AD309D432B85574A2,3,1,0,,0,,,0
3F6F1E87699993F0F2136DAED1BD5729,0,0,0,,0,,,0
82E19322741E476045ECAE2EB0AEBC5B,0,0,0,,0,,,0
CB6A7B7E38968075BBCAF1A5A25B40DC,1,0,0,,0,,,0
46257EBF37574BA4CA696C3F41E1C150,0,0,0,,0,,,0
BACA48B2A0FF868DB936CC1D56808F42,3,1,0,,0,,,0
7E7795F50367CF4CCB55C57190F07860,0,0,0,,0,,,0
A36F25C8F1DA9907C53230C1B5D4FAB4,0,0,0,,0,,,0
9225A1F12C539431CD0217908688C4E2,0,0,0,,0,,,0
162DCBBB07A1E42728E66853A66556B5,2,1,0,,0,,,0
1C88A260F5B39045F5F2299085F1EA42,0,0,0,,0,,,0
F811FA3ECC2BA9F049E5A216FAFA301B,0,0,0,,0,,,0
222DA52480ED3CD33C632A351A40E8AD,1,0,0,,0,,,0
19313E4A79FC6AC0BBF301979E8B6E76,0,0,0,,0,,,0
DD9BB68CA398C0DF52478482B1E14A8C,0,0,0,,0,,,0
D1D054A6017EEF5C527359C926525C00,0,0,0,,0,,,0
28BAFBF9921B80B84EF45326F2CF9746,0,0,0,,0,,,0
ECC17D79587F40D6BA5D9D01C0C2EEBF,0,0,0,,0,,,0
93BE06D8F193454F717D95A78F902C36,0,0,0,,0,,,0
FA3FE71194D5A6A55F919BF7286CBAF6,0,0,0,,0,,,0
C779F1521CC2989C0687A3A48EFADC6C,2,0,0,,0,,,0
78657B5FA94F158EC55F7ED6E188B5D3,0,0,0,,0,,,0
628E501EA1130A3A1C63DC1A3DF9D43A,1,0,0,,0,,,0
49B8934D286F343651BAB5AA0B6343D6,0,0,0,,0,,,0
5D59EA3F8BAC58D169418A6D5C5C96B6,10,1,0,,0,,,0
29BFA2462DAD92E506269D67794AB6FB,0,0,0,,0,,,0
2ECEACE6D9CA3B915863F08D96305185,4,0,0,,0,,,0
69681B44688A7BC22E29B9369B6E425B,1,0,0,,0,,,0
DD614FCF037408182C01912735EA7900,1,0,0,,0,,,0
1DA8274F7DFF067A8C660DF64E109390,0,0,0,,0,,,0
DF549DCE93C72D29E3BE821626D78937,0,0,0,,0,,,0
F4660393116BB76334DE10809867FA2E,0,0,0,,0,,,0
E063775534D380684BCA33B63B11B213,0,0,0,,0,,,0
4F6219EA587955F0B52BC391A5F66297,1,1,0,,0,,,0
CACD428B0BB051EFF680F25DF7885BE8,0,0,0,,0,,,0
20198A053AD562E54C36A978441E15BE,1,0,0,,0,,,0
145276BACC15492FB7CFA87C5B405873,3,0,0,,0,,,0
27B1CD26769B068D16FAAF82D4F2C1A8,0,0,0,,0,,,0
37D1910F9C9D0A01A20A7269AF6978BA,2,0,0,,0,,,0
74C5538FA4F9984289F0088723F7B694,25,0,0,,0,,,0
1CD2029A6907255C5D55D1A33698D6A5,7,0,0,,0,,,0
7650FBCF851C3F2CAD4EB642C108517F,0,0,0,,0,,,0
AE0B1CA04B5C91B08FE47466B38A1A6B,0,0,0,,0,,,0
7B73765AA5218F8FA76E3016DB48744F,0,0,0,,0,,,0
DA376540EA0A0AFDFF61B1360F41DFCE,0,0,0,,0,,,0
A5B69571180E5F3CEF2D0846E28211DE,0,0,0,,0,,,0
F52929CB390A678997ABCD045795EFBE,0,0,0,,0,,,0
51405C06F2E042554CEA3B607258C4E1,0,0,0,,0,,,0
0BEB61E9AB439EBDDB401A49E1253BC0,0,0,0,,0,,,0
3BC28919182B3D16EA60C3C206DDDA38,2,0,0,,0,,,0
D40AC2EE1E95221D892B1B5FA08923E8,6,0,0,,0,,,0
4E521F53B2B740E1D9448CB54FDA39F8,1,0,0,,0,,,0
ED163D80696B32BF4EE0080D90D4735A,0,0,0,,0,,,0
485763EA57FE56131807AD5EF740FCB6,1,0,0,,0,,,0
C00BD4045C918CEAB752210CBC44B564,1,0,0,,0,,,0
C702A94AE6135C60D6C85868A0FD62CE,0,0,0,,0,,,0
5B6161A5B8EAF9E04291EEAFEA188D12,0,0,0,,0,,,0
3450AEC7FAF21CD7B9764C37D2BF584C,0,0,0,,0,,,0
92EF08FC2FA480725EB6E960ED801A98,0,0,0,,0,,,0
D4D701A6BBC568043784A581AD7B936A,1,0,0,,0,,,0
24175B29211D24110A5D6E78362DCA6B,1,0,0,,0,,,0
396CD60DADAB9CBA7DDCAF239B477135,3,0,0,,0,,,0
9D9253F1EF6B887F87222208BE5C402D,0,0,0,,0,,,0
0979C2C3C6EA76B666A51567414D0D54,4,0,0,,0,,,0
8CED53DF2E18FAB2FCD5297C0CC860AB,0,0,0,,0,,,0
C66AB05CC6325B1CE7DE9E19E37C591A,2,1,0,,0,,,0
D9AA80E19242896D79ADBF4D7DF0E7FF,0,0,0,,0,,,0
7F1E94EB3DF710B8C37642AFF36FDBA2,0,0,0,,0,,,0
D961BD6AADAC53884DA8732A964CDFFD,31,21,0,,0,,,0
481178862381847AB4BF04D8B97BC7E9,0,0,0,,0,,,0
BE34FF9546B41107CA77FA6333829BF6,0,0,0,,0,,,0
76FEA87933DC267A66B434A24E80AB7C,1,0,0,,0,,,0
E642A5334B708A0A18F5590AB4554780,1,0,0,,0,,,0
8F6C5F7611B67A4A437FF283B6C10181,87,3,0,,0,,,0
F6341296464795D25BA39B82E45A5143,0,0,0,,0,,,0
611CEA185D948511CE5C43F54839F038,0,0,0,,0,,,0
B6CBB04FC37923A6FB819F27B3B5C557,0,0,0,,0,,,0
54C859D7515E0CFBB2F8742E9E18449D,0,0,0,,0,,,0
ED8A76F850CA592BBD46AD4E0D699F15,0,0,0,,0,,,0
F553AB13C0D66F0916896A26E2B86906,0,0,0,,0,,,0
A25A52E397F5867AF50A97C9911E8A9C,36,0,0,,0,,,0
666B7D180CD003FF7DD7621BC7841537,0,0,0,,0,,,0
05103796D21650617AAB10E71A5314C8,0,0,0,,0,,,0
A5653E902A884B9BC1B8C0790EE8B7AD,0,0,0,,0,,,0
17BC725571638E40B4C15ADD17442B53,1,0,0,,0,,,0
0E012567A20F36A0E0BF867453358BF7,1,0,0,,0,,,0
3EDE8E7A50DE76AA2EC12DDD2AE3F9F4,0,0,0,,0,,,0
27633D7C45BC7E8E70C9B8B8DF82DCB5,0,0,0,,0,,,0
18D3578D3B224AE9D292A9C00002B085,0,0,0,,0,,,0
89EEBBA85B277A06846A6F3164F45CFB,1,0,0,,0,,,0
8DCBBD9B55526E1B7864DBA9D953CA94,1,0,0,,0,,,0
0B15684EDDCE9514EFC8DDE9F80C5E7E,0,0,0,,0,,,0
205E75BEEADA54767CC438CBCCF4AF0F,2,2,0,,0,,,0
3BD51A597F24103EF2B1163365318C90,1,0,0,,0,,,0
6735AE2269BC97C1B2D8764CDD78C465,2,1,0,,0,,,0
84DC3AEDCF3C43821C0E4275217D9CC5,1,0,0,,0,,,0
AE8C5B88EC732EC72933B18ECD6C57E5,0,0,0,,0,,,0
2059AEAA14DF8A5C9B884598E5178572,0,0,0,,0,,,0
0F97206BA16C701AC878639E09BCE532,0,0,0,,0,,,0
4216299C9D98E2C0D62ACA3A8A92A95A,0,0,0,,0,,,0
AB6FCC6558326ADC858DE37C8D9EB7CD,0,0,0,,0,,,0
52D2A806F55C9F63D5EB2CF33D89FC08,1,0,0,,0,,,0
4ECCC95E997C60D3C7EED4B55A47D64F,0,0,0,,0,,,0
ED33DA6CF74F3A4AC58FF867DB1C41F0,0,0,0,,0,,,0
D7E613947C364D60A3E604AC4E7E9C16,1,0,0,,0,,,0
B0B8369C7B317332A28A914D018BD475,0,0,0,,0,,,0
7EF4161C78116496019E01ED8D7510B4,0,0,0,,0,,,0
CF181D42DE7627E98C34A6DEF86496E8,0,0,0,,0,,,0
097853BE5B4CACC18FAD94BBC13BF329,0,0,0,,0,,,0
91B3C027EEDA71EF509A757B44FDCCB0,3,0,0,,0,,,0
893F8D1A6F421E3910A29D29E1D2AD55,0,0,0,,0,,,0
EBF8680EA92176FE472687A7A809F345,0,0,0,,0,,,0
53E715403B0B5D8A7078FF16E2D37F6F,0,0,0,,0,,,0
1E8498E680F097A9A8A4CA031AFF1F93,0,0,0,,0,,,0
57B9521C52C41AFCEA6589075A3D7B42,0,0,0,,0,,,0
55B118D59C36681FC35338B7B08BCA2E,0,0,0,,0,,,0
2CF37F91730B517CB52891DA77A0EAB2,1,0,0,,0,,,0
E17CB4D71A4A2CD6C79933EAC4988694,0,0,0,,0,,,0
EE5543CF6CA07ADB35D3D3DBFB33869B,0,0,0,,0,,,0
E2FDD72DA7D16A791760C79249F057CE,0,0,0,,0,,,0
9643B862487987513125B5491C32615F,0,0,0,,0,,,0
8BC72D1925A8866050D5A6FB01148518,1,1,0,,0,,,0
E5602768A36A9900A16B6CA0D8150229,2,1,0,,0,,,0
DF5C34803AAA38977875A3941A2997D1,2,2,0,,0,,,0
DF1251B93638034DF0DA021A11B6BF9D,1,0,0,,0,,,0
7C6336A0718631289466CFF739C09F78,1,0,0,,0,,,0
668A7E508416BCB2B214F40493B8D082,0,0,0,,0,,,0
596277731123D6B329EFF8F72E524ADD,4,0,0,,0,,,0
2C6786FA363E378426FBEAE3D9AC1B2F,0,0,0,,0,,,0
4D328DE6F9FC079AAA16CF8842ABB090,0,0,0,,0,,,0
3EAD572F2A0721F591CA8E2E022849B3,5,0,0,,0,,,0
515AAFD9034956047895F9B357659047,0,0,0,,0,,,0
67A47EA7615B01CE230D931131907FC7,0,0,0,,0,,,0
4640585DB6878F93C3212012A2A03348,1,1,0,,0,,,0
1B55AE3879DC30ADF72CDF8A0A7A87CD,0,0,0,,0,,,0
8705B2418CB08B853AA2959AC1D5D4CC,1,0,0,,0,,,0
A043FFA09EE96E8FFE94BD16CF8D64CA,0,0,0,,0,,,0
D9D525228A7D722E03E4F39645570489,1,0,0,,0,,,0
6027BE29F5D298B9E371A447638FE9A4,0,0,0,,0,,,0
895C8A22189C98FF2EDF10881965694F,3,0,0,,0,,,0
E1581D72F6A42C0AA0AD9489223E7DEA,1,0,0,,0,,,0
71D9049FE1BB6FB30F0111D464315A10,2,1,0,,0,,,0
7753E49F3A03207859D8578A1F43D7B1,0,0,0,,0,,,0
B8CB2D7794D767E81301B841C5D93DAE,0,0,0,,0,,,0
C1CBEBB972ADB547F2B4B9F3FBB44E38,0,0,0,,0,,,0
8F771EA499FBFA38896D540568011763,0,0,0,,0,,,0
800FD721DEBF4F653F559913D02291E9,0,0,0,,0,,,0
F6FE73F05FD65458D773CF8E528C4484,0,0,0,,0,,,0
EF8DD3D783801F64DA41CC4892A9801B,0,0,0,,0,,,0
88A2D38093B08B0ADFBC0356DA751BAC,0,0,0,,0,,,0
2FA507FA00B03141B2DD736D13FCEB7F,1,0,0,,0,,,0
BA62BA63F2A9850EAEFC23CDE2913FFA,0,0,0,,0,,,0
CD3441F04F91331557EF30F9D0F06082,2,0,0,,0,,,0
8CBFDA4428A53E59D04C883360BE7306,0,0,0,,0,,,0
B37D4AE829DE5D2E1B1EAC461FCC343A,0,0,0,,0,,,0
D80119EBB2A670C29D0BB8F621CB1D3A,0,0,0,,0,,,0
D4525427508986ADBEBB52D52D468D34,0,0,0,,0,,,0
2160984278981558F7929C07EB37E679,0,0,0,,0,,,0
9EE44943C477E5F4DF631989674742D7,0,0,0,,0,,,0
C3D7BA97E184ABF0A446F35DE12BACF9,0,0,0,,0,,,0
1AB74CC5C570BF53D374F943A351A1C4,1,1,0,,0,,,0
F228863A83D9C8FA10C99E1EB8DD4819,0,0,0,,0,,,0
2153C36F9ABADBC957F8403899AE4B0B,0,0,0,,0,,,0
078D2C5EC7696EBD8CB3846FB56498E3,0,0,0,,0,,,0
6933934F877244F44E681554B2BE6CED,0,0,0,,0,,,0
8DBD6ADC48F015EF2088ECB83F7CD107,0,0,0,,0,,,0
80B7E9D1DF9155BA2277817B7F1E06AE,0,0,0,,0,,,0
385112EB5D6AAF69047A0A284826D49A,0,0,0,,0,,,0
880BDA3A1F5AE50816A9A5B11F428394,0,0,0,,0,,,0
BF8685B23216395A8090EECB0E647B58,0,0,0,,0,,,0
6AC5F17124E39DCB1816C3703C9A7DA9,0,0,0,,0,,,0
1E512789C9E41EAFCF3966E3C41A9C5D,0,0,0,,0,,,0
4542BFA668FC4AD3E5B0B0F7138BE993,0,0,0,,0,,,0
9D30919016568A61FB1BD9906C6229B1,0,0,0,,0,,,0
8B8FD89F34225BD4A9A81B16AEA027D8,0,0,0,,0,,,0
EFC70C9E33FA772D44B390E9F41B025C,4,0,0,,0,,,0
3D8085D9CE638EDA3BA5B9D934DC1AEA,1,1,0,,0,,,0
5D12FBDABE643B4F1ECC67C04C32F694,0,0,0,,0,,,0
A87E3B07157E3511BAE1BAE7B3610439,0,0,0,,0,,,0
FB22A182F8219C14D6B8B0F8F0E1A21A,1,0,0,,0,,,0
9761B388253B6F40776C6CCBA12762A9,0,0,0,,0,,,0
73038968A6AC33439F79449DD2DB1584,2,0,0,,0,,,0
D814BCE5D1372727FD80A91AF3A1ACEB,0,0,0,,0,,,0
BBFA8DA6236F303072FE1AF8543E2ABC,0,0,0,,0,,,0
61C77C8D9E7F92524289DA7E9D4786BF,6,0,0,,0,,,0
3754166443959F05A77112BEB2A31517,0,0,0,,0,,,0
75C0C246DE2188E02D984C2E71B7B4C0,4,0,0,,0,,,0
B8F745EA04A0BD757BF855CB6A665B93,0,0,0,,0,,,0
DEFD9295690E6A9847A9C92A90AC78FB,0,0,0,,0,,,0
7D9A341AC79F2A00C0379A6C561FBB69,2,1,0,,0,,,0
8572B4BE029A37D6D73C28E42805A49F,3,0,0,,0,,,0
BD12A3941DE7525CBEDFE0C620383F6C,0,0,0,,0,,,0
63056BBA77DBB061FD40BD4D66395FE7,0,0,0,,0,,,0
52332E7857233EC06090B1059F0C6292,0,0,0,,0,,,0
925470D2CA9406D7E718936863A2B917,2,0,0,,0,,,0
01DADD290826872CB449CB1005A423AB,0,0,0,,0,,,0
4591E6CFB4A973C60A0F2D525071F0DB,1,0,0,,0,,,0
7D4A5F559639529C01B1BBE9E1BD00E9,1,0,0,,0,,,0
9CC2DE92FBEB55CE07C0864433F4883B,0,0,0,,0,,,0
724B99CB6F41846F3F6BB46C2F663F5E,2,1,0,,0,,,0
86B386FCDE953B414B9AE6A138445B84,1,1,0,,0,,,0
B6A8AEA27748774830324A996FFE2687,1,0,0,,0,,,0
354AB7606F0F38DBF7A9B74ADE0838FD,0,0,0,,0,,,0
7D50D96761E1353DED4D2C8DC3384A37,2,2,0,,0,,,0
645974545C7B4E4FA3ADED412466A940,3,0,0,,0,,,0
DA7E2E6826377A309E1EAB961878D599,0,0,0,,0,,,0
E20C5F6BA86F70B7BB375409A2EEAD55,0,0,0,,0,,,0
4F8A67429DE5F8C56D3E3785FCD8EA64,0,0,0,,0,,,0
76B6DE661CE13321825B98C5DAAAECE6,0,0,0,,0,,,0
4C842C631C4C525395E8C507C791160B,0,0,0,,0,,,0
78B5D31EFEA7F4689CEB2CF7A9E4C4E5,0,0,0,,0,,,0
C2775593A63DDA6E3BFD2E151F355FD1,0,0,0,,0,,,0
B5E543BFD21704E41C8951124672F0A6,0,0,0,,0,,,0
07B6159FBD71939B32D75C929A74FE2C,1,0,0,,0,,,0
9F54F1158453557B5E4C32751CE1B9A4,1,0,0,,0,,,0
5E9435534BC96422D7E89DC5992EF5AE,0,0,0,,0,,,0
0D9BFDCFA23E0715578EF21E93B6E794,1,1,0,,0,,,0
7D46F8BCE4B87B05F051B55E00590E22,0,0,0,,0,,,0
FA714B1805AD139FCAF700ED524D70E9,0,0,0,,0,,,0
86AFAC5464302EA4AB9504635EE75C60,0,0,0,,0,,,0
CD3D8A3BFE9DDD830834C98597561029,0,0,0,,0,,,0
A6CDD67BF75383F985DBF73563887DED,0,0,0,,0,,,0
019FCC6C080A33E9B697CAA476C4156E,11,2,0,,0,,,0
81F44E634FD46558F0F409D04E52FC0A,0,0,0,,0,,,0
41F2F3A20169A17889743FD20E46867E,0,0,0,,0,,,0
BD450210EBCD1142091135F9A3C1FB47,0,0,0,,0,,,0
B4779BA343D997E8064B20F3A4098141,0,0,0,,0,,,0
C85B376829156CA63C762413DD37559F,0,0,0,,0,,,0
AAE4BD48C1A97F26FA131E549BD9D745,0,0,0,,0,,,0
46CD1BC25288939026C6A0107240C77C,0,0,0,,0,,,0
A572CA0C3CD10E4BB30154FAD8EB6BA0,1,0,0,,0,,,0
F0A67B4154F4275B32243228EC61BD74,0,0,0,,0,,,0
EB2DFF6632275CD2C7251A0450419926,2,0,0,,0,,,0
F24A62F01FAB47A7FBEDB03BDC972290,0,0,0,,0,,,0
5192D34B8E2E0F2216762BBDDC8086F4,1,0,0,,0,,,0
BCF75D840E0668F1BF11CF2E4C0F93AF,0,0,0,,0,,,0
303247247D852664B9F7E52AB339507C,1,0,0,,0,,,0
B2AFD530FE771B04D25E16CF9F484C98,0,0,0,,0,,,0
BE69C8215FB7A6EC7CCEA38B404CCEC4,0,0,0,,0,,,0
1134FE8705373C6852884A350548B168,0,0,0,,0,,,0
C069667528C89C4451DC64C5A92C844A,0,0,0,,0,,,0
E178BEDAAEF40F7CE0703F8885A14E0B,0,0,0,,0,,,0
CEA5299CC85D430B42D611CCDCAA6817,0,0,0,,0,,,0
7C795915C55453BBB5C8A718192AE2B4,2,0,0,,0,,,0
4CF8FA27A7295FC44DDE986DD90DB5B8,0,0,0,,0,,,0
87B914FC7C2F7CCE65FFB738B4D32DD3,1,1,0,,0,,,0
7242556599925152018A8CD4C6BF1328,1,0,0,,0,,,0
A0903E7042C13251799B68B16FD1EBA6,1,0,0,,0,,,0
336BDA268CA6379F6EE567B4C16A1090,0,0,0,,0,,,0
95234F012736091D256010A811C5A25A,0,0,0,,0,,,0
303DAFAEE0EC0AD56EFFAAF1FEBCC3CE,0,0,0,,0,,,0
1B448720A92D5A61CA428042BE55EE7B,0,0,0,,0,,,0
2F89C2ED5BBDCF6CD2EF726AE7595A8F,0,0,0,,0,,,0
17B6230868EA1738C1EB560315F86C20,0,0,0,,0,,,0
89E559A9B51144334F1F23AA9CE0A65A,0,0,0,,0,,,0
B810EC88D69D961A2FA7ECC0F323D9EE,1,0,0,,0,,,0
A36E0F6D8594535D42D2EFB47A8C323D,0,0,0,,0,,,0
2796A371C5D930274E7EC9E28FF68633,0,0,0,,0,,,0
1B0A7015D4B14DB345B1B9BC0A18C74E,1,0,0,,0,,,0
37F8C6C6B647806E846EF665B8A7A519,0,0,0,,0,,,0
7A6A445D9E869BA79B7C1E89FE6FF557,0,0,0,,0,,,0
467746D404740C181366195C8CFB829E,0,0,0,,0,,,0
80557A7F726FE0E6A49AD7CEF92C48A3,0,0,0,,0,,,0
95BA293AA35541DC534B571F10DD41C1,0,0,0,,0,,,0
5037C0017110C4747F0F5F7DF82BC8CE,0,0,0,,0,,,0
7746132EFF1AE873A93DD6520B7D43F2,0,0,0,,0,,,0
7439CA3E049F434742CB5C63A55FC24D,0,0,0,,0,,,0
B0EB032F5C4451C882C9C52B28360B26,0,0,0,,0,,,0
59C20206CA65943EABB99497DC6B9EC8,0,0,0,,0,,,0
54DD21E254CE909B54CE9BEE7C69CBC1,0,0,0,,0,,,0
982EFFBDA5A3752AAF4F9A6E6B74A29B,0,0,0,,0,,,0
466A6ECEA281C7CE0D7146BA18626A9A,0,0,0,,0,,,0
F20D80C967F53C7BA50A97E48C478C24,0,0,0,,0,,,0
376E71CB4C92528ABE7D6FDC9CBCDA09,0,0,0,,0,,,0
B185F3727B2C6A2FABC06C0C8BEC68EF,0,0,0,,0,,,0
00311B7453757625DB7FEC9B72919417,1,0,0,,0,,,0
92044F913F737D74AE4EC2B0F00DF4AE,0,0,0,,0,,,0
9BFA7230B5A1870CC8189460837214FB,0,0,0,,0,,,0
FFFC2E0FF44BD57FD178D07095D434B2,0,0,0,,0,,,0
67C6CBB23F6CF300C4B76AB8790AA6AD,0,0,0,,0,,,0
910921E5B36B678CCEF570DBE82B921E,2,1,0,,0,,,0
A515D97A6278972EA2FB8672E0ED7E01,0,0,0,,0,,,0
FA60B153A546A3BB9FDD525B9C8993B2,0,0,0,,0,,,0
8421AED5E4805B26A5581A5AB71734BE,3,3,0,,0,,,0
5D63CF8A98A04D4E86A7829EA8206199,0,0,0,,0,,,0
70F78D2A7E702F29576D41ECC594590A,2,0,0,,0,,,0
43EBC4AB3FEA50B6BB7B0984614457B9,2,0,0,,0,,,0
46A72EA1309825D932CD8956D091E7AF,1,0,0,,0,,,0
43D91E432CD72C8652F23C7A543CE17A,2,1,0,,0,,,0
44DB89DE911604B5A0B46F4AB23709BE,0,0,0,,0,,,0
09A826527E24EFA70A0B7A8BDCD38962,4,2,0,,0,,,0
2753CB17063CC735E6EF7E87CF45C378,1,0,0,,0,,,0
18D822ED3EDFC0AE95B0E342F792E7BB,0,0,0,,0,,,0
205E50FCF7D8E32A72B5DF0F45DDE841,0,0,0,,0,,,0
BBAA381BEDF32562D741E7D29CBABCA0,3,1,0,,0,,,0
775775957D809931A665FCF1FEC00B8E,0,0,0,,0,,,0
B99EEA7EC8E9397A1AF047F4850D6633,0,0,0,,0,,,0
55872DCCACFC137CF3679C3D55AAAEF8,0,0,0,,0,,,0
F29D64BA9B2650FEA5DBD0EC71B354A8,0,0,0,,0,,,0
F0AFF63C37D748434C0A3266BCCECD5B,0,0,0,,0,,,0
AA52DB057E726629BB1A6A8D31896556,1,1,0,,0,,,0
9C8494CDC3107F7BE54CCF3E820252D6,0,1,0,,0,,,0
BF915C38B8BE9F8804F1873F9EA05FCE,0,0,0,,0,,,0
73EC3D998CEC2B5845FA1BB18384507D,1,0,0,,0,,,0
652B4572D8BD4571D23AF1DF5E40C91C,0,0,0,,0,,,0
CC112F9810DE4036B6655ECEA501DD36,5,5,0,,0,,,0
DF2053A4C2CD229BFEED7F2398E61431,0,0,0,,0,,,0
174FC1FCCCEB16D1A5099887A87D539E,1,0,0,,0,,,0
B6DEF18B047B988496A7D5E727977488,2,0,0,,0,,,0
7F8137F77D6264E9B1E35B2ED422651E,7,0,0,,0,,,0
FF719F0D772260632DC64F23DCF94B65,0,0,0,,0,,,0
BAB31289EA987E34FA958C5279353136,1,0,0,,0,,,0
DB39E2F4A0FB82FCE1AE27BC3612BC9C,2,0,0,,0,,,0
7F77C848A7DC05296ABC4FAB1003B890,2,2,0,,0,,,0
63716CE0B1F91FF16CA2FEA2780CC824,3,0,0,,0,,,0
B8B69DA4C4FE290636C7C1D5B9C759D4,0,0,0,,0,,,0
A37B2457D59B755AA604574DCFDCA810,0,0,0,,0,,,0
D65E01E352085FB9B51FC7556D8653D9,0,0,0,,0,,,0
3249B63899BAEA78F4DF487994C108EE,0,0,0,,0,,,0
F652D8EE30C0457C07CBB2B794DF9C96,1,0,0,,0,,,0
F3D0C3BC9882496F73A7F678E8520FA5,0,0,0,,0,,,0
94D909038FC177D0047BA5ADA0812948,1,0,0,,0,,,0
2972F91B82B382F3C1BE5E0B438B0F29,0,0,0,,0,,,0
521C49CC5297081FD6AD08440B04C238,0,0,0,,0,,,0
E3EC1FF7F55F0586B2EE13DC3E156F25,0,0,0,,0,,,0
181F8C6E767BD6364B0F545ACE9D9909,0,0,0,,0,,,0
4EE10FD4FC2370D0CEF8F16A349FBD4F,1,1,0,,0,,,0
A441167D5A454A1FEADD331DCB230D4F,0,0,0,,0,,,0
5F5BDACD88C832FAD2E2AC9C20B008C1,3,0,0,,0,,,0
1CFFC9EF78CF656BF4DADC772F2FCC2C,0,0,0,,0,,,0
043015B412162F701BE691B23F230E0B,0,0,0,,0,,,0
3C6C26FF511307BFC3304161BE7109E5,2,1,0,,0,,,0
50D0CDAD53F7109415DA150C92CCDCC5,1,0,0,,0,,,0
682319C6A0B903B12664E2FF486E1AAE,0,0,0,,0,,,0
62E195EAAD740980F520F8A7D511BE81,0,0,0,,0,,,0
BE70478C8D3663A7BDB9E4696CC9E2B9,0,0,0,,0,,,0
2FBEE703920E6726B067A8B9083363D9,0,0,0,,0,,,0
A788EDAAF6716B0CD9C99BD7A1E2DDAC,0,0,0,,0,,,0
520E75BEB73E4803B2EF7667615D0C8E,0,0,0,,0,,,0
10F1C28E2722735E622DE4A8686AA9B3,2,0,0,,0,,,0
7838C2D94CF8901DDC503E94C9958372,0,0,0,,0,,,0
0C020AB6BBCA0E295EAFCDCCD5E3E7C9,0,0,0,,0,,,0
6C333017CEA199B69BB27611BA5DE7B5,1,0,0,,0,,,0
27C0BAADCE9520F17249A8B85F6477DA,1,1,0,,0,,,0
E53352AD5761E03D0430D872FF8D5755,0,0,0,,0,,,0
F217C0DBBD254C9DB38E77BD07AA2618,0,0,0,,0,,,0
422E4B66736C74A880ACFF8895D1117F,0,0,0,,0,,,0
4678BE2C4434D27CCB2AAEEE76A5339E,1,1,0,,0,,,0
84EB800FDA39705444FF21A9EC211487,0,0,0,,0,,,0
19C8EAB201DA2CDDC1240ACD0E3D7441,0,0,0,,0,,,0
80E1D7AD1980A2D9B7A6A7BD4D939337,0,0,0,,0,,,0
BE0B27C2C14F4BC2B33DAEF7505BAF54,0,0,0,,0,,,0
408354544760D27F10CCA7CF9B4E43D3,0,0,0,,0,,,0
E27E5312A96187002B20066E32828432,0,0,0,,0,,,0
B07F612BC33DA8E847E5B6E323C95E2A,0,0,0,,0,,,0
546FA52DF4E990E49843A096C09AF917,0,0,0,,0,,,0
0C77F11DB1023A1F16429E3197874E84,1,0,0,,0,,,0
B5D9D33C6434035B5605B75BBB5B8741,0,0,0,,0,,,0
EADDB0E204AA051FF79A858E6A2BCC6C,0,0,0,,0,,,0
AFEAE67E8EED1A3F43A669B7EFCBA05A,4,0,0,,0,,,0
13BC94A3DC715A7CF8DB34C820766E27,2,0,0,,0,,,0
DD766B6E5A2B12A2C7C52C11C8F81B00,0,0,0,,0,,,0
ECAEB08BD75F63B8A0167A6B6F9DADB1,0,0,0,,0,,,0
0A4FDD90E8D0EEA92BF2382AC1A2F630,0,0,0,,0,,,0
9902BC2664271615B8AD43B887693EA4,0,0,0,,0,,,0
95234D51F359B9A809F5F63BC8AB85D8,0,0,0,,0,,,0
DDDD1DCB57C09086BDCF7FE8BC284FA2,0,0,0,,0,,,0
C78037477BF79A6F7F504358B2C118FE,0,0,0,,0,,,0
0CB4A2594E1F4E341283EACAFADEEA6B,4,0,0,,0,,,0
B01115C3E7FA93CB6B49F5E8E119802E,0,0,0,,0,,,0
AE5C3CFC7F5F1225DC2E5190DF8CE3E6,0,0,0,,0,,,0
6B08E53DCB961355CFDD135921EF13BC,0,0,0,,0,,,0
19856982238BAE6AF8C9AEBFE3D77A48,0,0,0,,0,,,0
46F60DF128E1ACE3E25A504F73A44F80,0,0,0,,0,,,0
35E2D2EAEA269E5AEC74FA4D79E6817E,1,0,0,,0,,,0
1E82CD61D1484F3569530899BE0D0185,0,0,0,,0,,,0
8228E9AE8FF38216F6B158A019597260,3,0,0,,0,,,0
15053E5279446996BC23A396E0FDD142,0,0,0,,0,,,0
C2AED1007A62A90DEFF9B516398E5EF3,0,0,0,,0,,,0
09556B85AEF2667487ED55FED114BB4A,0,0,0,,0,,,0
01B358175084B5B44F1C83C2A42FE33A,0,0,0,,0,,,0
ABE7259EAB3D798600FC7BA2BBE83A93,0,0,0,,0,,,0
0EAC48BCE6DA434412A01656309CB1FF,1,0,0,,0,,,0
8CDB27468BFA38D74ACAB01500B540C9,1,0,0,,0,,,0
8C3CA1CB80AA2E08215A2315E1A2E2EF,0,0,0,,0,,,0
1D69BEAF4EEA4B54F708BD6E4E7BDA0A,8,0,0,,0,,,0
382CC5E4DB564C89DADA73EEBD951C22,0,0,0,,0,,,0
3477A24A97A6984C13CF6ACCA8A98D52,0,0,0,,0,,,0
78D167382F3E8A4D543F3CA8ED6D6F9D,1,1,0,,0,,,0
7144815A812716A3F9A7600FC308416A,1,0,0,,0,,,0
DDCA4EFE480E7CA3EDB724EFADA5BFC8,4,1,0,,0,,,0
D653987C55DC5DD8B30BAEADC5596315,2,0,0,,0,,,0
CB60AE6D3E26650FC421DC767B0C26EB,0,0,0,,0,,,0
22451738D03059B25BC1FB04FEDE6BBE,0,0,0,,0,,,0
59C312E88B1A229790C89B2F4BFF5B8A,1,1,0,,0,,,0
74F754FEB4ABBA6B5FE51F1174E017EC,0,0,0,,0,,,0
9B56B18ECFC49CAC5DFAFE9C6DA1BB32,0,0,0,,0,,,0
912C5DF298EAD3CADA0D85EE1B7C1BA9,1,0,0,,0,,,0
0B04C64475FE45D1C2BA839FF515A035,0,0,0,,0,,,0
260CC0F38A991A112CA28A32D8F2A797,0,0,0,,0,,,0
EEA13DD7BA8E5A80C09AD946F81961CE,6,0,0,,0,,,0
BFF2FD5A10E240F0DA019E3CFCE2CEA3,0,0,0,,0,,,0
B77B8FADB7BA553F785EE7C3FAF08E7D,1,0,0,,0,,,0
025262A189C4238D81843D7D440F18AE,0,0,0,,0,,,0
FF83384BE84F755EB64220364EA706F4,4,0,0,,0,,,0
C7218B7F44320DB920DCC7B818D4AC10,0,0,0,,0,,,0
642924F235A07F4A82BA29FF3E0B03C8,0,0,0,,0,,,0
5CF3BD44F382866915B1E6DC843B2B54,0,0,0,,0,,,0
A33919386E1DA9722ADEFDD80440F519,0,0,0,,0,,,0
A9229D5FB1D11352338629C2BBA34955,1,1,0,,0,,,0
5C75C4C24A8F46B0E518376A0CB1E6A1,1,0,0,,0,,,0
8918BACF979BE1A670D6DD7723919F09,0,0,0,,0,,,0
EE0EE749ED5F32B1D9E5392B5449A3C8,0,0,0,,0,,,0
7CF3B98BA255D1BAEBCC34B9B876439A,5,0,0,,0,,,0
B2E0EA2D1D0867D7550B19B601D1CCD8,0,0,0,,0,,,0
AF94FD18EF5B685BF3B55F7D588CA1C0,0,0,0,,0,,,0
F8B6EB651FA5EF9DBEEDB1E25B98F69B,0,0,0,,0,,,0
190B0A8DA774DEA226A94BD25734CAFD,0,0,0,,0,,,0
3AC17DC7FDC01F22DE988A856404ABF5,0,0,0,,0,,,0
CB0D2DC639B41028B6BC34E960C4388F,0,0,0,,0,,,0
84E705A17C13852C0437FCDD1F4793E1,0,0,0,,0,,,0
02BDEEED9EC58C4DF3E3808CFF51C484,3,1,0,,0,,,0
9081FFEEE9762F4924F20B2E2634563E,2,0,0,,0,,,0
B3193CB51D717A22246A836C64A65097,2,0,0,,0,,,0
3A789139CC659812D6302B67B7DD1CAA,1,0,0,,0,,,0
915283C2BCF30F60C78E1B0791E47FA8,0,0,0,,0,,,0
8BE78CDB3DC97B9022E260222059E3CF,0,0,0,,0,,,0
412B6EE40178762327C00010B8CB4964,0,0,0,,0,,,0
3A88E0DD787D7D59689690629BB0D25C,0,0,0,,0,,,0
88F906967FBEFC9457C5EA1E3ED0EE14,0,0,0,,0,,,0
01E32D5F696E088F968DFD847C2A68D8,0,0,0,,0,,,0
AFA6BA99FB329CB459E8E57FDE1DF9AE,0,0,0,,0,,,0
13E6C8A193FF140F7D4222B569DD5B50,2,0,0,,0,,,0
088B82D14E8A561D706B9B9E9224F057,1,0,0,,0,,,0
586A166C89BB3DD7D7A342896AC57B47,0,0,0,,0,,,0
09C86D1AC1157790D843CE99A9C89792,0,0,0,,0,,,0
2C0A86D0B07094B914DB3CDE8BF0D5EB,1,0,0,,0,,,0
47321D893BA2E10DE8932013AFA7D219,0,0,0,,0,,,0
9E8E672627A2D4D0EB91F30CFC41EAD0,0,0,0,,0,,,0
3703FEE2E07FEF7399A1F588EADDA3A4,1,0,0,,0,,,0
70E85465730538BDF0B012BD81A7F94E,0,0,0,,0,,,0
BF2DFAC02F1BCEB19E5BE82EE9EB4C09,0,0,0,,0,,,0
BE6E69669FFA04ACCD6457D69BD4ADE3,0,0,0,,0,,,0
FF5CAEF2546AECC5B1B94EF84D2AAE7E,0,0,0,,0,,,0
511CBE83E5EE7FDCB123C78CCFAF9EA7,0,0,0,,0,,,0
45B962FE8BA617D5FF31238DEE7E1D77,3,2,0,,0,,,0
2357128F5A877DECB2C8FCFA8101884B,0,0,0,,0,,,0
0E0575F928EA788B9AD514BD00A05237,0,0,0,,0,,,0
D5E0BD50D8A6244443E08E2E71B3739D,5,0,0,,0,,,0
FDE7387DE85B5404CE36F7958C502321,0,0,0,,0,,,0
C08FA7B37167EDDCDDBA175E35FF4DD9,0,0,0,,0,,,0
C9D6BF3E2B4ED2A973609653E1E162D3,2,1,0,,0,,,0
ACB53FBED0AACAD106F880DA9624A02B,0,0,0,,0,,,0
0EBB3115DF5D11266CFF1EBC5B08106A,2,1,0,,0,,,0
AD562B54C409116B6B8879665C1D0E1C,0,0,0,,0,,,0
4395D94042959BAB45A4F8A5627179A2,9,0,0,,0,,,0
EC96FA3F43152AAB7BCF2C533BCF73CB,1,0,0,,0,,,0
81B5D14A7ADD838F494FDB4EEF4A4CE6,8,0,0,,0,,,0
FE8467B0BBFC4780C58884A38891F6F4,0,0,0,,0,,,0
AB60F828E5DE3FA4DA51F4A833B40869,3,0,0,,0,,,0
E40EFD7A8D97292C8C66C4D3A87D0322,0,0,0,,0,,,0
D9FA2E74CEE52E2C839A59ED5C0C69D8,1,0,0,,0,,,0
29FD99AE429A338013DDD8C92349BDD4,0,0,0,,0,,,0
041D911CBC57ACCDD1C00FC787A3B7DE,0,0,0,,0,,,0
7BF723F651B939E4D82B46470330E0A8,0,0,0,,0,,,0
07A3B3C5903359F8CDAFE8DD3EF7C443,0,0,0,,0,,,0
6D10739B471D9DB5F34C5F6D4F9F2626,0,0,0,,0,,,0
4F5AE51B30D812DBA879E462E2D1AF0C,2,0,0,,0,,,0
D2BE6054C8054F226B4927AE1826592D,0,0,0,,0,,,0
3D7FDEBC2A8123636C5F544360BD2933,3,0,0,,0,,,0
FCCBC0D8EB688A8DB68C99B21E445E7B,0,0,0,,0,,,0
89980AD808E783B6E247234446D5C9D8,0,0,0,,0,,,0
7CF9FB0832AE02B72B3819417E29BCF0,2,0,0,,0,,,0
A6963D4B1216ED8BCBA1CA8E832FDBE7,0,0,0,,0,,,0
DF56016E14D73D18EE1F57456CF0EA9F,0,0,0,,0,,,0
DD326249022736D95FEB5B1F77A22FA4,0,0,0,,0,,,0
4F349267084BB476E7D496AA3422388B,1,0,0,,0,,,0
C9B5500979BC2393A34A67DC3E1214B5,0,0,0,,0,,,0
AAADF44F1C6A57099FEF88D15C7CF64D,1,0,0,,0,,,0
6434858D64E361552B2A4DC4E7506EFF,0,0,0,,0,,,0
0D7E6A9FF070DCA32C538BB891E6105C,0,0,0,,0,,,0
A72681F557CB7A9F092146F16510D393,1,1,0,,0,,,0
A049D9F3942F91E8A640E919612DB05C,1,1,0,,0,,,0
F3EB00CE9A2D6FEE8837460ADFCC83FD,1,0,0,,0,,,0
53B7B3B1F8779D6191ED21ABD714BF6A,0,0,0,,0,,,0
FBC7A59B3A8BCDE2E437604C2AAF48ED,0,0,0,,0,,,0
03E20359BA2BCB4CC83EC96EEF5CC8E5,1,0,0,,0,,,0
FCB75E847BC18B297924B1D290E28837,0,0,0,,0,,,0
665BF69D6ACEA963FDF462070D8604E5,0,0,0,,0,,,0
AFE7A3E11C66E71FA9EA7B138700EC44,0,0,0,,0,,,0
15EF3432D9151D437C9F39FDF3B1B688,0,0,0,,0,,,0
BBE84FE749A92233E8F9D00F6F54F881,1,0,0,,0,,,0
6C6029FAB32E8C7DC783B21C7D8E216D,0,0,0,,0,,,0
E571C1FA64E651FBF33CF26D1CB191C6,0,0,0,,0,,,0
01CFFBBD46917B080573B3A5CC322BF7,0,0,0,,0,,,0
EF500E0CF578004836D1D38C8901862B,3,0,0,,0,,,0
3D1B58553D2E2D4DD5DFCF251D5E23B2,0,0,0,,0,,,0
79B9A58A7EC56B4AF58F456B26F66862,1,0,0,,0,,,0
CFA0F8C5E25A71062E573EF8E6BC9F76,4,0,0,,0,,,0
D8ABDFE53A428869DF834E037BFB10FA,3,0,0,,0,,,0
FFE09DDFC6EE7A45E5BDF6C701D3157C,1,0,0,,0,,,0
BD29352DF9361A0FE1F5E970A98D0B72,0,0,0,,0,,,0
C67A23F5B815523945E529AAB6C53D8D,9,0,0,,0,,,0
58E898E03F862867C92CACE834F61699,3,0,0,,0,,,0
236CF1C323C42C7FFDF3CF65F76AD5C7,0,0,0,,0,,,0
950F8E4108D08044FC74A5281DC30225,1,0,0,,0,,,0
97030E2C7CDF7CF33AC2DFA76A4B976B,1,0,0,,0,,,0
3A6ADBED4C562422D226249FA0F54F47,0,0,0,,0,,,0
B6BDDFB45BBA423B571BD8B41F43EE41,6,0,0,,0,,,0
856381949119749C6EC23A9D19B0E201,0,0,0,,0,,,0
D7DFA25C122C36BCB8A9948332AC3DA3,0,0,0,,0,,,0
75C69097F236CCF7D24854C0C6E8A494,1,0,0,,0,,,0
568406329E8361903C1C65CA9534FBF2,2,0,0,,0,,,0
376A8B29148F423EBD225B009FA284E1,0,0,0,,0,,,0
84128EC46BB697A1FF555143F0A86749,4,0,0,,0,,,0
9EAAFFF4B81F56C2CF201190C1564321,0,0,0,,0,,,0
683EAFA4EC76871FDD9EA222BE7FAB95,0,0,0,,0,,,0
3D4304EBABF244E9933ABFCF97FF83B4,0,0,0,,0,,,0
7976F8D0ECA63B58CEBF086B02493285,0,0,0,,0,,,0
0D1B2D9265162D05C750CCED0AEC1C21,0,0,0,,0,,,0
7D3B3C70AF2B58BAE038DA93AF83CCDB,4,0,0,,0,,,0
78AACFF53F639F8AF257183503EDA1A6,3,3,0,,0,,,0
85A84EA2A3017D368F41519312C6D3A2,0,0,0,,0,,,0
06F7DCF77D578C01957D28E5A6F02827,0,0,0,,0,,,0
92B855E17C9D4F4BFAD075C190ED1E74,1,0,0,,0,,,0
DC4B97D68B641EB089AC7BC4A90A6591,0,0,0,,0,,,0
19C25C5D83C55D1BE25D79EEDBBCA217,1,0,0,,0,,,0
4288471C793A6AD3A9B10095CA8A817B,3,1,0,,0,,,0
FB72CEE926AC3A316AD3E774F960F83C,0,0,0,,0,,,0
9043BDDC2275610FD1B319D692377F63,2,0,0,,0,,,0
4084461D081426E7BE56EE1C7759CF42,12,0,0,,0,,,0
2A9E4EB072E7979EDB0F2D732D17E7EF,2,0,0,,0,,,0
7F081AB5759014BBAC6C0C5FA6A45218,4,0,0,,0,,,0
3F1D1603DF714929E1563C9C815D1E83,1,0,0,,0,,,0
C6EE12D8E95C96F7270C75D9272D9698,0,0,0,,0,,,0
9E00D7A530BC761ED0B538284C8B62EC,0,0,0,,0,,,0
8E26098987D38A6B656D387F0F4666B8,0,0,0,,0,,,0
9B433955494B47F08BC80C98DA77B460,2,0,0,,0,,,0
5183D09161B7487FB9AF85B311450E94,0,0,0,,0,,,0
B4F01A74A8777E282DD35AD20D8E7575,0,0,0,,0,,,0
BD392E44772D6C8FCAF0CB68EDE95293,0,0,0,,0,,,0
D621943131370A102FA24B981A929573,1,1,0,,0,,,0
03EDD80C203A7F82951E2DF891F92EFE,3,0,0,,0,,,0
779CF5C0B96F17F1BC49C2A7BF09BF95,0,0,0,,0,,,0
71C1EE97205692FA5DB92632AB3E3F84,5,2,0,,0,,,0
2F5DDBC74BD7242C908C326F73276F07,0,0,0,,0,,,0
7524927AEE85A25F06E1C620B8A2ECB2,1,0,0,,0,,,0
2FA077E00B9A119EF4772C441710E49E,0,0,0,,0,,,0
9C0E3D1BF7388987B20CD86F20698743,0,0,0,,0,,,0
925BE58770122AF0E71F68FBAD528825,0,0,0,,0,,,0
496C235C45B73BE6A67D55AEEFA26284,0,0,0,,0,,,0
37DAFCB518982B99CE37DA27234E1796,0,0,0,,0,,,0
7B07D8969C99C0EF2B86B5E3B53A9DBF,0,0,0,,0,,,0
0EF48B303E65111154C8F5419F126813,0,0,0,,0,,,0
F844F6003EA0BF328924E367ABACD45C,0,0,0,,0,,,0
B281031313D47AC55834EC34B3802E68,0,0,0,,0,,,0
93188CAC1533EE9A36D593B56DD2AD04,1,0,0,,0,,,0
F08B1B35DEBD180CE71143816201C298,3,0,0,,0,,,0
89AB6B5C88E9585DFE75C45F60BC2E72,0,0,0,,0,,,0
EF42A9D806AF19DCCE9DD71C010C6BE6,0,0,0,,0,,,0
DB479811757A32743E4F402944884BB0,2,0,0,,0,,,0
013F24EB7FDC02D2FF21C696DC7AD188,0,0,0,,0,,,0
DB240B26C9CB7061D823B1F84ACA06A5,0,0,0,,0,,,0
CC51A7AE526C2F51A77357A848712BA9,0,0,0,,0,,,0
2D2FD11BEC057DC5ED96DD8F0649A36B,0,0,0,,0,,,0
6CEC9D5959B1384E2D2B40E833EC98D9,0,0,0,,0,,,0
A0363E7459DB1D7215EFD89C71F6C9D3,6,0,0,,0,,,0
F76F2FDA1753DEDCFFD16EAF8B3B99C9,5,0,0,,0,,,0
A0F97DB2444E45A53B34910283C4DCBC,1,0,0,,0,,,0
28E70E5BADDC356E337AFD3C3C2A349D,2,2,0,,0,,,0
D1A7E4B9AB50441208BA1C6800E6D334,0,0,0,,0,,,0
7D7778B18BB66F757E49861E273156EE,0,0,0,,0,,,0
B320BBAA94210EE1FAF12AFFCD1D580D,0,0,0,,0,,,0
316C65000A6DC054CDBDFF5123898C68,0,0,0,,0,,,0
B205B117C82A24AA95E663FFB7D04718,0,0,0,,0,,,0
4C24B12A477BD284ED0304487600B8D2,1,0,0,,0,,,0
CF3EF8B31CFA1DA70DBEDC0EEAC93B21,0,0,0,,0,,,0
7F8E0A83EA3833F063DA2107E073AC03,0,0,0,,0,,,0
005F127942F3FD25588272950FDFD339,0,0,0,,0,,,0
8A2D986E567AEED75DBBDA36C694290F,0,0,0,,0,,,0
F17ACAC7580E0271866781159208DE6E,0,0,0,,0,,,0
3B296D124B72B9FEB17113BDA3F539E0,0,0,0,,0,,,0
6AEA6D01FCA11A2C9FC07FF2E3D7900F,1,0,0,,0,,,0
21AB69A78C3C500C9CFF091FBBC3EA46,4,0,0,,0,,,0
094EC71AC16334EFB5A3E0A98074C944,1,0,0,,0,,,0
9E8C74CF15A2435EA5F16D7D4F3AA959,1,0,0,,0,,,0
E9BD13AB98AB78413458B48F4A42B438,0,0,0,,0,,,0
450A562ACAF053D1E1E343EFBD9396BA,0,0,0,,0,,,0
1885139CB86A3DE22BFB01EF6BADDF13,1,0,0,,0,,,0
43A6C1B2DF12457C586D0C444F5FD2D5,1,0,0,,0,,,0
7E6F1B8A79AA0F5E00DA45CF285C66C1,0,0,0,,0,,,0
00E73662F9546B76A7DF698A460AEEEB,6,0,0,,0,,,0
F2D7E4FDE3D07698B75CD4DA258DAF3F,0,0,0,,0,,,0
6D9359E60F2B33DDFCF9C6A70331CE22,2,0,0,,0,,,0
76F894E699B650BD6FC69663F210F12A,0,0,0,,0,,,0
09E7E1FBB4335593CB218AEA655E1CB4,2,1,0,,0,,,0
3F41D30D13D455275C906EC5B7CE373F,0,0,0,,0,,,0
B663A4065F0FBF114A82D0E53239A6B8,0,0,0,,0,,,0
41AD423A98362D1BE8393D4DB4C0B5C3,0,0,0,,0,,,0
0F91E57ED2FE4B74582FF8D781548671,3,0,0,,0,,,0
D00FDCD235455E421C6037DB0D91F848,0,0,0,,0,,,0
9DE4DC0571E449C97FA745ABBC118A19,1,0,0,,0,,,0
DA1990F3E0C345354E00F704BC829664,0,0,0,,0,,,0
ABBE136CDE4F0C6C058D79978F695300,9,1,0,,0,,,0
D616A9081D50447D67D19B2EB610447D,0,0,0,,0,,,0
668F09CA0FBC05196FD4A92CA95BC07D,0,0,0,,0,,,0
F251EE0447AE2E6AC881320EBA43A5EE,0,0,0,,0,,,0
F1732713A47A1A140F8B2BB3F232B4E5,0,0,0,,0,,,0
55A718F14F6237F03664474F47701ACA,0,0,0,,0,,,0
9F3A2EEE009998B60A067F98B5F7B60F,0,0,0,,0,,,0
467D5A2A62334E71BE1651A86C2A69CA,1,1,0,,0,,,0
ED553D2BB4B37C2D7620A6D5BE7C0C8B,2,0,0,,0,,,0
B80C13301F7534111C5A27EAD066DC25,1,0,0,,0,,,0
48F6F3E87C6DB2D2776844D640FF6EC0,0,0,0,,0,,,0
1BE75AF05C82933C251318C1CBE91A38,0,0,0,,0,,,0
0B621373EDE2067BE3D05F05B97C8098,0,0,0,,0,,,0
27E0D1C7B0A13B685AE0F2AA89B8B1A0,0,0,0,,0,,,0
029B52611D7A1B8CC614B91866D109D5,0,0,0,,0,,,0
E82BC72B864B0AC954389366A4D360C5,1,0,0,,0,,,0
B39848DF8616032638ABC7B9056F34E6,0,0,0,,0,,,0
D8B3F57DF8D9D42B6F5252550501428A,0,0,0,,0,,,0
6358E8BD96504847599473566F0C570D,1,0,0,,0,,,0
F261321C96F58287FDE9A3252FDBCEC3,0,0,0,,0,,,0
14D2CC492FA1B74EF26E9CF576C5F624,1,1,0,,0,,,0
8710FFA956832D3CDDC8E9F3D1F2E05A,0,0,0,,0,,,0
BA6C48424B6304837765E465774BA8DD,0,0,0,,0,,,0
E236D61DE388248BC88C909A413DFFF9,0,0,0,,0,,,0
7C6162BBF1B3987FDF3FF078FE6035B5,0,0,0,,0,,,0
565F0F43F412794AB6567A23CB049AB5,0,0,0,,0,,,0
3248A72C0CFFE30BE3760023EE689EFA,0,0,0,,0,,,0
599FFD56198E3E862D1042DA1012B4DC,1,1,0,,0,,,0
9ADEB91371156DABDEB0B821A4B1DAAD,0,0,0,,0,,,0
57D582DFDA1302D03EAE0C0F2033ED5B,0,0,0,,0,,,0
7F451454EF27570160983293B91E5161,0,0,0,,0,,,0
08834EE61A695663A958731AFFAB1A10,2,0,0,,0,,,0
D38831C8BA30C21D6B4DC310E5529935,0,0,0,,0,,,0
CED40D58D49739D575C4FE563CF079D6,3,0,0,,0,,,0
50ECCD5846F1CEC33EF0AEDC76FD4959,1,1,0,,0,,,0
68474589D7A8842590FA03F5276D1F39,0,0,0,,0,,,0
82E2D8451152205660648E818C27FBDB,0,0,0,,0,,,0
7432B1A3C0CB18E6BA5E0F14F1105980,0,0,0,,0,,,0
983D17E2A72D2E9AB2CA88EA8434A0D3,0,0,0,,0,,,0
9E1057A90E840F110E4A4C10B4B6F148,3,0,0,,0,,,0
6EF34E77B34368F0B1E60979C16A9566,0,0,0,,0,,,0
5B8C08A9BFDB289C5B0D76E3A679D768,0,0,0,,0,,,0
BFBA6D9A0E71886E71E9A28C95C21268,0,0,0,,0,,,0
9B0D5012D4EB5BF7E8573122CEBE63B0,1,0,0,,0,,,0
46900C026C975330DDB6B28A4850B98D,0,0,0,,0,,,0
A8E5820AEB4A59CEB5E47E00E3FACE22,0,0,0,,0,,,0
81918C20AA666AB97D0D4EA4DE5BFB6F,0,0,0,,0,,,0
8A5477D0127C61AA7C35BACB7CA67297,0,0,0,,0,,,0
6D65D0B8B0EFB8CD9C939252F2D9ED22,1,0,0,,0,,,0
DBBC1B1CB52336580EA6D212CD2DD4A0,0,0,0,,0,,,0
96685CED0793A219EFE8976477D7DA56,0,0,0,,0,,,0
6DC8E9960F2EAE5C05215ADFC160359C,6,1,0,,0,,,0
B248784A26C435CFE6E828296C722860,0,0,0,,0,,,0
1F7B83824E634B0756026D85F9E9535E,0,0,0,,0,,,0
667AFC75AA65F8450DF40C3CBCA0FD28,0,0,0,,0,,,0
6B19694F160900435F42DD59928CD8C5,1,1,0,,0,,,0
71D3B39420F99B336CDE2B934AE5D41B,1,1,0,,0,,,0
2BFF75BDF9645D51E99CE5148F4847CA,1,0,0,,0,,,0
04F1CA386F48B65545BBAAD45A954A54,0,0,0,,0,,,0
058AE4BB2F67DEA4C6ACAA22AEB71BF2,0,0,0,,0,,,0
9F4BBA40E6ADF598207B7FF0F26108F5,0,0,0,,0,,,0
024533CD46BF3246F6428E30AB0A0865,0,0,0,,0,,,0
708EC500ED27377CB738C8005AE4E34E,0,0,0,,0,,,0
2554052222E3370D8D1CC9346626152E,0,0,0,,0,,,0
2D23CD90AE51556D7B8FAD2C358D308A,0,0,0,,0,,,0
ECEB7E9D01AE242D857D1778522D553B,0,0,0,,0,,,0
B05445F463C42315D56CA8DCAEA271BA,0,0,0,,0,,,0
39FD6DD2A0B740D910F2FBBE5C35A8D6,1,0,0,,0,,,0
499C86BA5755DF6626E25A555DAB2F5E,0,0,0,,0,,,0
48CCD448FBF74C90351E4C3FE9912142,1,0,0,,0,,,0
6AC48FB5508B3CFCB38A4D32784D34BD,0,0,0,,0,,,0
6A73DEBF84DDFF1B84109116234C32A1,0,0,0,,0,,,0
4E84F48A2AC9265EC4EFBCCB1507CAA8,0,0,0,,0,,,0
F5FA5078F1BA1F1A6CC64A9C8005A0A1,0,0,0,,0,,,0
9D5BC931B9A89269AED7080E711A6DE3,3,0,0,,0,,,0
A30BD069A7276469F47DBE701EE4AF7D,0,0,0,,0,,,0
0933522010A193EA281A11FE304BB24A,6,5,0,,0,,,0
ABF3E5FB92EF4F36B295E43812F8CD04,0,0,0,,0,,,0
3295D61CD54D0FE1E1F6EE909404ABD5,0,0,0,,0,,,0
73A262C2F71A35575A5F08DAEB69C895,1,1,0,,0,,,0
9A6D4FA8594697C0EEBC99E89E220D6E,0,0,0,,0,,,0
5E014E1417788C82F380A7C4F3AFAB55,0,0,0,,0,,,0
1AA390AF58BA9894612724CBA9459D96,0,0,0,,0,,,0
475443C6E70D0FE3C045E453F4DFE8CA,6,2,0,,0,,,0
7ADD3B68C9749E8085F3B6A38206E39D,1,0,0,,0,,,0
113E85F48EB81DFDA38E6D9D20425192,0,0,0,,0,,,0
95AF58E41EC59A37CB99EB649A893E83,0,0,0,,0,,,0
DF45D5B948E7A6567C9822AAB14297C3,0,0,0,,0,,,0
335C77950A5E7EBCD9054EC7D33304E4,14,0,0,,0,,,0
A2F727B113E97558781DE4F9F8EF56D8,1,0,0,,0,,,0
1C8AB51AE0F656B5B6678A8A8A7A5277,0,0,0,,0,,,0
03796841113215C2DB97572ECFB2D9D4,8,0,0,,0,,,0
C11C54F66A9806DCC16E2E948793B8A2,7,0,0,,0,,,0
136717A979E96E4A82D8B54E3F776A10,1,0,0,,0,,,0
DA0C7A3AC7F7554AEDB7143A71A9E83E,1,0,0,,0,,,0
EBD6BD1C68211E5C21E1EFE514BB53FF,4,0,0,,0,,,0
E750DCBC2C3428E8303D99B0A8828438,3,0,0,,0,,,0
2BD63A9BEE3E9F692E09E68CEAF5E418,19,0,0,,0,,,0
6ED98E90EA92414709A6676E769952E0,2,0,0,,0,,,0
CECF824D92E8185EB9B71750B516214E,0,0,0,,0,,,0
78F7C991D9450EA4B9623196D5116126,1,0,0,,0,,,0
8E64C073B6F25A44A79C9A24682C48A3,4,0,0,,0,,,0
934FA0B85C9F28D14698C9BF3C8868BA,0,0,0,,0,,,0
7E01D68C2434911DD78D467800447745,0,0,0,,0,,,0
A611E96FE7B03B93D159F8E8134716C4,0,0,0,,0,,,0
8FAD3B149C27A6E915B1404A00DD08A0,1,1,0,,0,,,0
B8D45141000EC2FC14F48BA936C649C7,0,0,0,,0,,,0
727A963DFFA656E629954F35CEE865D2,0,0,0,,0,,,0
E3D1E6B43BC33CBC68E0446B9F5187D5,0,0,0,,0,,,0
A31C1E9AB3327DDFEADFBAB3144643DB,0,0,0,,0,,,0
55486C92FDD0A326C7AEA94C8298690F,0,0,0,,0,,,0
1407C236B47ED863BFD44251A8F46798,0,0,0,,0,,,0
435E1ADF5BF639358094B39E97892FEB,3,0,0,,0,,,0
5783308309C1364908985B42B3E2B499,0,0,0,,0,,,0
8DAE01F5044EC68D18A7D7016C03863B,2,2,0,,0,,,0
A6C58746130A55DD8BC262935DD16DBC,0,0,0,,0,,,0
1373C3A8E3DA99E5C1ACB701A312548F,1,0,0,,0,,,0
6B77F048F6ADD0347BEA00D3404087D7,0,0,0,,0,,,0
74160662B02D4CCE3D207B1E7ACD18E5,0,0,0,,0,,,0
F348EAF573B5353218107AEC45709D79,0,0,0,,0,,,0
070F163E8E59260C722023967BB1C529,0,0,0,,0,,,0
1E9DD356FEAFAF1DBCDB817FF01A5A36,0,0,0,,0,,,0
C5A2047BB225D0BEF46992CEA6488F5E,0,0,0,,0,,,0
F37788083CD17FEF93F66A5A8CFA9BCD,2,1,0,,0,,,0
1FF5408483DCCD0779F33A5808028D60,0,0,0,,0,,,0
874E14DBEA3F80EADC1AB31280CC69F5,0,0,0,,0,,,0
D99BC96AD021DD4BC255489C45083668,0,0,0,,0,,,0
0E9150E8985138A744B88D56F015EDA7,2,0,0,,0,,,0
5FC0AF35EF724F7BBB10833E2281EB18,2,0,0,,0,,,0
C945C989CF380E22E1B1E4B28E26801A,0,0,0,,0,,,0
6FA9428194AD2E9D16720D405ED2DAB2,1,1,0,,0,,,0
3070568D1C412B685C025CB0AE5A3C99,0,0,0,,0,,,0
670514A3825CACC6F6628AF24441AD0F,0,0,0,,0,,,0
5646899D197E5F36BA6CE0E08456B026,0,0,0,,0,,,0
F737990A8EE1F47ADA4A5200F9C38A97,0,0,0,,0,,,0
67A7147283804C40CBECFFFA3DC329EA,0,0,0,,0,,,0
5539C6BBAD980C27D8B18AE27CDD8341,1,0,0,,0,,,0
240C8893DF203F0035A67CB25C761413,0,0,0,,0,,,0
65A948524500925FA194751A896C2BFF,0,0,0,,0,,,0
2938DA1D961AA87017FAD9E8D3AF9BB8,0,0,0,,0,,,0
1ACAFEAC733186EE4C976B1D1EAB968B,0,0,0,,0,,,0
9763C87ED95809C2A7A07F03F3B0177D,0,0,0,,0,,,0
1A4D67D58B4C6C8E926D7F2CC60E8E60,0,0,0,,0,,,0
E6FD2A5EF0543141D34A92D5BE0C2CCC,0,0,0,,0,,,0
2A1D1CD2F4CA8AC6FC8D36BBAC02CD45,1,0,0,,0,,,0
86C0A7CE29E087F5ED9538D2C2B77EBD,0,0,0,,0,,,0
22DF34962481295121082D8C105EB436,0,0,0,,0,,,0
020A23B627EBD464F75A5362FEDA00C6,0,0,0,,0,,,0
98855C776EDC9A25108F347E3AD89E46,2,1,0,,0,,,0
79FD29A6136735520E4BEA61215E2689,1,0,0,,0,,,0
0062A13D0A8F979CA189A5688BE75514,0,0,0,,0,,,0
F18DD717F090F676E1B153E61660D632,0,0,0,,0,,,0
D43A3D367C33133ADB15F64E786EE3E5,0,0,0,,0,,,0
4D0C9F6953084E752061BFFAC69D514E,0,0,0,,0,,,0
E7AC26AA1C4B6FE874F91FFE58DB6F1B,0,0,0,,0,,,0
D350DC13124353A5321B0EDFF5D3FE39,0,0,0,,0,,,0
CB9BC9B3B2C16D9CDEC4E1C60A1FD88E,0,0,0,,0,,,0
0148FD02BB6E3C6D6092882774D320CA,0,0,0,,0,,,0
79EA5E5E8B71D2108657A0EAF9526C37,0,0,0,,0,,,0
7DA6883331CF16B776E0A05BFDFD58D9,0,0,0,,0,,,0
2B5AFAA020149853C2643E8E9F2E1EAA,0,0,0,,0,,,0
43EA13FCB047976C669745671AAA5AFE,0,0,0,,0,,,0
A934B78A4B0A0D85718D89303D195B2E,0,0,0,,0,,,0
E560342435D4FB41F9813B3FEABDF996,0,0,0,,0,,,0
DC2AC2DD1ECAC8F2F2EF270E55452C96,0,0,0,,0,,,0
356DFCFD4E809B029B0071E0CC0377BE,0,0,0,,0,,,0
07E80B93B0193BF00CA13BDD40FA6163,0,0,0,,0,,,0
53B9828C66CE67FECDDEBB8A4DE29607,0,0,0,,0,,,0
1F23CD3D03EC2DDF33981F9B3D9F6759,1,0,0,,0,,,0
22FDDE6B40FB5D21A3A4E36C528F3D3B,1,0,0,,0,,,0
33021385F8F52D0C83E9C2B128D55F8E,0,0,0,,0,,,0
82262BDFC16580685650A8BBC564ED60,1,0,0,,0,,,0
7A3BADB88AAE4BDB704D9D8FB9EB45BC,0,0,0,,0,,,0
111F13F37BD8A00547F833191AB43E25,0,0,0,,0,,,0
9221D63A40119A5AB413B3C3FA13E102,0,0,0,,0,,,0
39A9431460D203F0993971A771F822EC,2,0,0,,0,,,0
FC4C251DDC053A6BFBE24CCF36182C4A,1,0,0,,0,,,0
7396D9214A1C005771F657C9ED79B6D4,1,0,0,,0,,,0
D0EF7EA6EFE057D1EBF808709737200E,0,0,0,,0,,,0
92551DACED4B68D6E2805480F5F2754F,0,0,0,,0,,,0
0025BB13501E0221E71E293140C85C01,0,0,0,,0,,,0
EAFD6F2604C8351032764E5F8B4D389E,0,0,0,,0,,,0
239073AB2C14A2EE41A265451125C7F6,1,0,0,,0,,,0
9690F152D4D505C2C3D5E7C6E5EBFFBD,0,0,0,,0,,,0
7EAE2B4599B94A807DA2AF393F036C65,0,0,0,,0,,,0
27EBD3EEECD253B2A30B2255280DD32D,4,0,0,,0,,,0
59F7481BD5E3924C51CE5F64A08B8F4C,0,0,0,,0,,,0
520811753F9D707340088D8062C5A496,3,2,0,,0,,,0
5089AC6385FE504461806F5533E0B536,8,4,0,,0,,,0
9EF29401759E237A6E596F0BDFC821EE,0,0,0,,0,,,0
2F2F1344A7423CA7B81B2F6E23B44CEA,0,0,0,,0,,,0
B3538816165862AE4808BFD7459EFDCB,3,2,0,,0,,,0
A00392D60962BDDA41DE5F1D60DC6104,0,0,0,,0,,,0
0A03E1714255435E34993CCB2B3EFD6F,1,0,0,,0,,,0
C64A6882C2137CEC418B06277502A8E7,0,0,0,,0,,,0
B6D597BF7179FCD9CB698FABB4E22817,1,1,0,,0,,,0
E5E4C7E5600DD124D56BA0B0FF41B07C,0,0,0,,0,,,0
CAD42025ACBC42A48B3500AB25DA7E35,0,0,0,,0,,,0
51F21B36EB9D6FF7B5D7ACB89FF62B03,1,0,0,,0,,,0
163EFB335BB5A80463152B98971915ED,0,0,0,,0,,,0
46B0260D63886FE06AA496B3B0854694,0,0,0,,0,,,0
0BF5204D8BFA329A675A4B9A007E1B7C,0,0,0,,0,,,0
0A2E36271550FE801EEDCFAB763733F0,0,0,0,,0,,,0
966E902E55376ECD1ECC9DEA47FBC11A,1,0,0,,0,,,0
DB67D4FD011E35AED8CC0F24FC9AAF21,0,0,0,,0,,,0
6B6FF11DBC9C7BBDB88F3E245ED72447,2,1,0,,0,,,0
86CA1B6FDD0C4D4DF2B34DB3615134C7,1,0,0,,0,,,0
B784F081E3033006930B7070CB1F7CC5,1,0,0,,0,,,0
B7116F312A258AADA2FC0DF2CE54F56C,2,0,0,,0,,,0
4C0AD1942F13830BB56DB7B479383390,1,0,0,,0,,,0
913C1869CF685AD7BA33300FF99ACBF9,1,0,0,,0,,,0
93DF99F4063D6B8B05597592CE68D047,0,0,0,,0,,,0
2B5F8761B8BD8E01DAEED5E1B14D6B87,0,0,0,,0,,,0
763F177586648AB183406218CE8D9BE5,0,0,0,,0,,,0
F0FC99F563E1247AD70240E5AA132ABF,2,0,0,,0,,,0
DEADCFB9776A98526FE128254F93C278,0,0,0,,0,,,0
D4B4A1038ADFE2CCDE927581B78D0987,3,1,0,,0,,,0
231CCC7B216C416372D3E221B518F600,1,0,0,,0,,,0
FDA8A551D26C1E9B42E57170401C8AB5,0,0,0,,0,,,0
BF709EB51D61C3A7BF68C4CFD7F236BE,0,0,0,,0,,,0
72B237C1B766922ADBA440712DEC449A,0,0,0,,0,,,0
C523DAC01DBD3F9CC7210A3F14106603,0,0,0,,0,,,0
14601BD95805030D9CAD6095F110C47E,0,0,0,,0,,,0
BDA7A3400F479CACA75294F75303C06F,1,0,0,,0,,,0
0A73694E7305812245D0542B39A0F768,0,0,0,,0,,,0
6400A04CC81F5CFDAAA54C2CDB74D956,0,0,0,,0,,,0
5F275C2414748A624D6DCDF1727E6363,0,0,0,,0,,,0
FA8641DF23561A52101BECFF9B3CA7EC,0,0,0,,0,,,0
C677D4AC75F093F984D7881B299C8C12,0,0,0,,0,,,0
DD5AD4CA3E809DFFC46001335DC564E5,0,0,0,,0,,,0
EDDE23540EB48BC327C20078F8CC3BB0,0,0,0,,0,,,0
20CC06E4C26A68069C6B4B6FF22925C8,0,0,0,,0,,,0
E837054A2DBB25740917FBD76B4A4CB4,0,0,0,,0,,,0
B76BF68579286F93FF10121993697E25,3,0,0,,0,,,0
33ECD3B4663C882E99EA9D2276322D20,0,0,0,,0,,,0
A9CAD52C956CB40934D8B63F3BE1F863,1,0,0,,0,,,0
DF38363C91C4581FF6BCEE26C8FC5348,0,0,0,,0,,,0
6481530D0694D6B70232731EE4754757,0,0,0,,0,,,0
B7E1198C4658973BBC9BB0CBAFE3DA2D,0,0,0,,0,,,0
8CF48208157796E9E6A7222C73A3C5FA,0,0,0,,0,,,0
D1B420B1B4E600F8E2623276191BAF9C,1,0,0,,0,,,0
D1D715F5150912A79D5F98316AAF3DB3,2,0,0,,0,,,0
B9ED59A890A138F1DE5B550115043050,0,0,0,,0,,,0
49C4DFF7E4E94DD172AAECC61A299612,0,0,0,,0,,,0
722002C7F7994CBFEDB4B8B7221CDA65,0,0,0,,0,,,0
1B3BD7B4C827C139BE8FCC62D4BB6713,0,0,0,,0,,,0
585FEE60D4200AA3599BEDFA809EFDA3,0,0,0,,0,,,0
0330A7F71E9D286D293C6D47327D96A6,1,0,0,,0,,,0
7682FDA5421ED914053F0B508E660AC4,0,0,0,,0,,,0
62B09A7F36493050A16520BB0CD6DB0A,0,0,0,,0,,,0
FD2ED2B6806B4BC48AFC2261104AFCF4,0,0,0,,0,,,0
A4BFCCB53F281F5CD906CBBF45899DA9,0,0,0,,0,,,0
7842C62D45ECE888132F21C9F4417B21,0,0,0,,0,,,0
F2B128A28239782F1A667A3B0775A29D,0,0,0,,0,,,0
6B65DA7A9E04FAFCCCE2F46874D4AA77,0,0,0,,0,,,0
F8158C34D03082360A0BAA6E712B271C,1,0,0,,0,,,0
1D9FF33194093D78BF573645129460D8,0,0,0,,0,,,0
4E40AC4F2E885610795E2A3B2A44DA33,0,0,0,,0,,,0
FC3907C3039196E679F3C468FE5B1F9E,0,0,0,,0,,,0
C3A1C17D8AAD861A90F596A2F88129C5,0,0,0,,0,,,0
744E681441C38FF5BB0EE2BEFADF8E68,0,0,0,,0,,,0
93298A0EB90A177C963DBBE22060DCDA,0,0,0,,0,,,0
6CC72BCB76C1587179E572E0B397E92B,0,0,0,,0,,,0
E88B3068A8A94917F950332FB8074A02,0,0,0,,0,,,0
F012C58F26030BA3C7AE8A9F5FD5196C,0,0,0,,0,,,0
D1C68DE71141677A6F4A6EBD492F0DE8,0,0,0,,0,,,0
DAF2068F8A7E5CA326222C5C279BE077,0,0,0,,0,,,0
25A8BDC1430CAC92F27F75E0E54FDE98,1,0,0,,0,,,0
488BE19C45D3D8B2DF02214BC19B44B4,0,0,0,,0,,,0
70F487BA018B894FB72931C4E170862A,0,0,0,,0,,,0
EB13681C01E1B7DF8FD0D4EE29A155F2,5,4,0,,0,,,0
624E70EBAEC11C05B5235EE1A7989D7A,3,0,0,,0,,,0
FBC0640A4C403AB44287F113D4645EB6,0,0,0,,0,,,0
633843D8A31D2F78A27B35B77CDCF620,0,0,0,,0,,,0
D234929DDA0FAAE2D5DB4393FF0D0301,0,0,0,,0,,,0
103E206B078036B598B3161B88E54CDC,1,0,0,,0,,,0
0DC8D71BCF7D4476AB87E939B8F2CADB,0,0,0,,0,,,0
5358D124C06358BCD5FEF67C87052AC2,0,0,0,,0,,,0
C5017B8F52117CC899A00B4C52F722C1,1,0,0,,0,,,0
BA56A2C3719D26826436CE63D5DC5EB3,0,0,0,,0,,,0
6F613315D15865AA6F17923F69DA039E,0,0,0,,0,,,0
602350E883B3000897AF47C349DC59C8,1,0,0,,0,,,0
73604E35BE6BF729400EE74DC43620EA,0,0,0,,0,,,0
581C06BFDC5159BDC28573EC727637EA,1,0,0,,0,,,0
5F5D7A3F5575008A81BB77CFE70C4285,0,0,0,,0,,,0
E17C3276A83E19E821501263F32710CB,0,0,0,,0,,,0
6ACE8E5F89053FA4D33666FD57186211,0,0,0,,0,,,0
C91F8F96E02CB9453FDDBBBE4B68B3A4,0,0,0,,0,,,0
E75B538BECDAF606BD5A01FB404C047A,0,0,0,,0,,,0
DAD23DD885EEE844890417FC965052F0,0,0,0,,0,,,0
C8805999BEC81CA8A9D7F2B0A0F30A5F,0,0,0,,0,,,0
EA56FA801CEB987F0C3C9F649BE3AC7F,0,0,0,,0,,,0
07D8F1E00782FD433F47E6E8F088561A,0,0,0,,0,,,0
AA9ABB6289A5591B2D52C25F54E1F0A4,0,0,0,,0,,,0
E4F69BC56125A877A650DB81DB51D5D0,0,0,0,,0,,,0
98027A82830F19A795DD68C65335EC0D,0,0,0,,0,,,0
38EF488E11A45A1463E35B8744C2A97F,0,0,0,,0,,,0
7778D7D1A9CA4A7D7536BED5D98F44E0,1,0,0,,0,,,0
32C3B9708AFE48E9C73681ECA6582192,0,0,0,,0,,,0
85EF774B9C8B1926777826CCEACBFFE6,0,0,0,,0,,,0
710E44E8D4384287B823DDB33CCD9C21,0,0,0,,0,,,0
65619C5EB2171A0C5F0F2FCC45621725,0,0,0,,0,,,0
24CBD0F79E21603ABC4F6B1EDD4E50BC,2,0,0,,0,,,0
018CAABB1F4DBDD23D432D211F095B5E,0,0,0,,0,,,0
0A46A948CBED04F4EC0D764C6FBA142A,0,0,0,,0,,,0
FB49D03591104FB4CEC600157C3A2A0F,1,0,0,,0,,,0
172BED0C5894B034944ADE3FD13B9DDE,2,1,0,,0,,,0
929DF82CDE4F7785BF17BA635962F827,0,0,0,,0,,,0
B42A29EB4F4474E9381491C9F6B920CF,0,0,0,,0,,,0
CB98189F91A9943BDE5B67C59903CB27,1,0,0,,0,,,0
73BEA505B4BE9C2B62C9E5384BD1647B,0,0,0,,0,,,0
5288FFAF097984D1F43CC2435DEED620,0,0,0,,0,,,0
4BD83F2701B754FBCF9C3F002CE50A8A,0,0,0,,0,,,0
80FD9717450806029DA432E39BBB5DFD,1,1,0,,0,,,0
95D84055FBF1ECA47184315BFE361801,2,0,0,,0,,,0
EA81014D79D61682C31DD9F440C75BA5,0,0,0,,0,,,0
35EFBE3AAA38FF599E805AA9D30DA979,0,0,0,,0,,,0
14ED4848676C148C9BAA7CB409D88B92,2,0,0,,0,,,0
CAF56C529515B05D8F3A84933A047D40,0,0,0,,0,,,0
BB5385393206520F55A8886595A84311,2,0,0,,0,,,0
CB76CBE513699B6B45CC5C6A31281E30,0,0,0,,0,,,0
01DBA80E8EC7E714096F1059BD8EEE3F,0,0,0,,0,,,0
0FAE829EFE5AEA5F665B4BBD33EE3A17,0,0,0,,0,,,0
C3412B887F5219399A91EAE86F691B7D,1,1,0,,0,,,0
19B5E340A2D84666E5178E237F29A22B,0,0,0,,0,,,0
0BDFA20E2A4CABDADB85B85099738047,3,1,0,,0,,,0
3A3EE7ADF8F96433CD4EB81C9A0F46FC,0,0,0,,0,,,0
61358A53C1052D6BE829B7BA4B7B2CF8,1,0,0,,0,,,0
BA5021D19F13915A265BC22F48E4D3B8,0,0,0,,0,,,0
CAB46DA4D11234BBD6AD709F01CA8241,0,0,0,,0,,,0
13282343584D1E29C354588A314C81B7,3,1,0,,0,,,0
031C80448233703EE640E230EAB4BD74,1,0,0,,0,,,0
2DFF310A6B208FF63B6E7C83D02EBFB8,0,0,0,,0,,,0
2C6D7CA52B8B295BD174D66EDC64714C,0,0,0,,0,,,0
821FA53076F880F7DDB80AE95FAE9EBA,0,0,0,,0,,,0
C4DAADDE6EF8992A9F276F9200C85C8D,2,1,0,,0,,,0
F5399EDCBD933CB1A80F4975D796F98B,5,0,0,,0,,,0
7AA397B89B31AE2AC9DB31F9E7609A43,0,0,0,,0,,,0
1B48DA81066996E263DDC659C9EB4ADB,0,0,0,,0,,,0
57EE161BA17539C3A15E089BE4927F8B,0,0,0,,0,,,0
5370D50F371B1F37B4F2A387222D9AD1,1,0,0,,0,,,0
B610130AAE86629ABC20C036A4076CC2,1,0,0,,0,,,0
6B0B84A4280366A52124CE78ACB328F1,1,0,0,,0,,,0
1CE03BB4BFFE9960A4E94D81D89355BC,1,0,0,,0,,,0
58DBD6BBA11769D2D8908373CACD7EF1,0,0,0,,0,,,0
EE5D2D867D973763D36332DB66500429,0,0,0,,0,,,0
A0B41EC157638D21948DF4DC4B809E8B,0,0,0,,0,,,0
54216C962538300E3BA5AE0EDCED25E0,1,1,0,,0,,,0
5CBF36360FE5416FF2ED8EF4644E365E,0,0,0,,0,,,0
85218BDF951D91C969EDE99422AF82AD,0,0,0,,0,,,0
8ED10D7485D74E405548A3B99912C839,1,1,0,,0,,,0
EF186A41B3E13AA5A1CB86952747503C,1,0,0,,0,,,0
5DC3504A60414E84E6C08DE92C55F366,0,0,0,,0,,,0
C36A5AD721BD8FD21B1BCCE49EC2D0C8,0,0,0,,0,,,0
3AFA12F7DEB63024145AED585F907AC4,0,0,0,,0,,,0
5D9EF1D1B859555EAB70EE44D340B7ED,0,0,0,,0,,,0
75B8A864250450DF15BB898E17C14E24,0,0,0,,0,,,0
E78E7A32A92C889347147EDCCE4867BE,0,0,0,,0,,,0
5F75442F82654AB07F48D91AA2109222,0,0,0,,0,,,0
2F753BDAEA8920BD6AC602F681B6327B,0,0,0,,0,,,0
4A75B00DC8F8574AC0E9DA5ED837C300,1,0,0,,0,,,0
03D09EC0E7D363DD6E6F8E96E71EF821,1,0,0,,0,,,0
404A69A0B4142C7A1E673174FAAF2B84,0,0,0,,0,,,0
A776E19B897A79CDA2590F41EBAE647A,0,0,0,,0,,,0
9E364C26A4C080FE8C376E9D1D4A1AF3,0,0,0,,0,,,0
A302642B2237FD510E4B37104D382BCA,0,0,0,,0,,,0
0EE10654EB995D5ACE6178C2B65B18C1,1,0,0,,0,,,0
4F2458CD57FE5D399AD172B93B37B35A,1,0,0,,0,,,0
BA68AFBA94C53DA2DE67AA683078AD2A,1,1,0,,0,,,0
93FBA64C0839A5924AB286CEE4098281,0,0,0,,0,,,0
E828EBF55671476ECA45A9490504A4E0,2,0,0,,0,,,0
87158A01030A8DF9AA28CDDA4393589D,0,0,0,,0,,,0
B80ECCB77CF6F259FFD4AD79A3304B03,0,0,0,,0,,,0
191D3EAE9DFA341F8D8CC5DC8BDD1D80,1,1,0,,0,,,0
A1D0D1B1F6207F2A909227367541C6A8,0,0,0,,0,,,0
AC08B6330B5991FA377EEE4485E824D9,0,0,0,,0,,,0
9A48089B85BC2C1F630A2DDE3B200F83,2,0,0,,0,,,0
1802453419B1A766D6C2E78645FFD31B,0,0,0,,0,,,0
62F7833E64861B070EC43E2CFB9D4EA6,0,0,0,,0,,,0
4546E23366294578111955755367E589,0,0,0,,0,,,0
FC70A5064FB97D8BF9279E267D6E9416,0,0,0,,0,,,0
BF9784C48214E598B8F045ED9FD012FA,0,0,0,,0,,,0
6FD77C6526115DBD9389D38AE86E8CA4,0,0,0,,0,,,0
7408576C778D414711503D5EEA3E4C1B,1,0,0,,0,,,0
2B9E05C9A73CE9EFCADC80CE582ADBA6,0,0,0,,0,,,0
1C3229D4D4A35F3B2CF55DDE509CA94A,0,0,0,,0,,,0
484108EF9B01A8C8DD769B46C9B90EEF,0,0,0,,0,,,0
59328AE188BC833C3C1569FE4D2373F7,0,0,0,,0,,,0
C137EC086EB97BB1E89E6FDCE732CD07,0,0,0,,0,,,0
99E5751FF34E40155773EE3A5A7F5646,1,0,0,,0,,,0
FBEC9130D17F84FF61A9BE8FFFD6D0B3,0,0,0,,0,,,0
DBA4D45ED73552A9F35575F3573445D0,0,0,0,,0,,,0
59FBC4CB04E905D3C1E7548C67392E1A,0,0,0,,0,,,0
5FA993E8A120C8549398E93C09521BD6,0,0,0,,0,,,0
2519F73C53D89612B0698729CE5079E0,0,0,0,,0,,,0
90841DC472165B7C5C99E4AC91B837C5,1,0,0,,0,,,0
13515DD6F89192852253FE64E35B1865,0,0,0,,0,,,0
6F8812D7BCA64528A83E901552E81302,1,1,0,,0,,,0
34FA4CA471C8CAC978B53871839DE6C1,2,2,0,,0,,,0
B527EF28F0E476A6EB6F0535692F535C,0,0,0,,0,,,0
DC114142534E7F28F92D57ED6D6A6D4B,0,0,0,,0,,,0
CF207E046675A3037FC3E83F8651E22C,0,0,0,,0,,,0
CAAFB1566E1F19F3858C2274E077D1FD,0,0,0,,0,,,0
F506E5B5D610285BF94A2A917A1858D4,1,0,0,,0,,,0
DA1D3A39658D50A5B0C7C7C28097FBA5,0,0,0,,0,,,0
8089D60314CD9C85CECA0EE70971A80D,0,0,0,,0,,,0
7AC799AFB5972B3B967EC5B58C801B8A,0,0,0,,0,,,0
5F4947508AEEA2FFFE26F631852FE7EE,0,0,0,,0,,,0
32B7138CEF081FCD4CBAF89F26F58A23,0,0,0,,0,,,0
83C946045F057E90A71CACBE15BC6C00,1,1,0,,0,,,0
7A4635F1DE2C2243E7B07E53306B36CD,8,0,0,,0,,,0
BB752D348C185313C5411520671D1FB4,0,0,0,,0,,,0
801D5C2787FB2911F810418022C1CD56,5,2,0,,0,,,0
243BAE988EFC505938777D2BD05ADD35,0,0,0,,0,,,0
44B41636F7305F2D2D25CD4E0DD8A926,0,0,0,,0,,,0
8300A6E7A37C96B49F2B2779FCA08926,0,0,0,,0,,,0
26768677B7F8466B8AADFDF7456F1619,2,0,0,,0,,,0
919F6CAF11E012BE30B0E5217CF2EB13,1,0,0,,0,,,0
59BEA555CE949377DBF9AC84C971A1D4,0,0,0,,0,,,0
4C0FF441F6167598707A6BC17F62471A,0,0,0,,0,,,0
CE14E78130328FCB4C3DA6790F5D3F7E,0,0,0,,0,,,0
7EAC139B390E2441ABA20DE3B5A66BCE,0,0,0,,0,,,0
F703F24C1ADD3FFE854DA214D4CFC2DE,0,0,0,,0,,,0
D4904EEB1F4E5A65A77C112A9DFA1042,0,0,0,,0,,,0
3CD974DBF11957C5EDA056A24EDA3A85,0,0,0,,0,,,0
B5598178640AE208B7D63CBB9366E703,0,0,0,,0,,,0
C7224A29FC31EB95D796E3827B9E8CBF,0,0,0,,0,,,0
88BAEF9E5521E8242C7E3CD08D529873,0,0,0,,0,,,0
72A3AB64166B5D4CB2CE46D47CB562EE,0,0,0,,0,,,0
55BFF903A55C62757C592CB25D7F1056,0,0,0,,0,,,0
59D595A9B16ACFB6FA3E0BF068C17C32,0,0,0,,0,,,0
2183FBF69049963AF568954027E6520D,0,0,0,,0,,,0
F76196A143B56B420C9EC1FE89220998,0,0,0,,0,,,0
9E8FD24EC10787731FDD2C32EC218A03,0,0,0,,0,,,0
516531DB03158CB75378390EE0513980,1,1,0,,0,,,0
1970310126C6DC8A005D7F20B6B99FA9,0,0,0,,0,,,0
9FC8C8D89843323CBE3DCE4961C4EC39,0,0,0,,0,,,0
0F5B9F402B147B68F342EADA4515B542,0,0,0,,0,,,0
36A84ED829638DCEBC057899C0C1BFD4,0,0,0,,0,,,0
E23D9D07AD098E857781F7122302EB6B,3,3,0,,0,,,0
04F32A11FE3E1CC2F3C1CAEBEE294985,0,0,0,,0,,,0
B6084E4BDF1F19A277C07ACB37026177,0,0,0,,0,,,0
8C158ECE4BF13B4ED47D29EC41BB3E7A,0,0,0,,0,,,0
B53191C0087D2817D3ADC0403BC24395,0,0,0,,0,,,0
340099DA76E24BBEDF0F519116229E25,1,0,0,,0,,,0
8831528D3CCC3AF25C1001256C389428,0,0,0,,0,,,0
8DD982FE0DC847CC7B697E64DB37CBFF,0,0,0,,0,,,0
4389769821E299D042F198866FFFBE46,0,0,0,,0,,,0
6D51008082720CCDE2EE24EE18032D19,0,0,0,,0,,,0
84057BC5B0118FFBFD422ADD6116F0F9,0,0,0,,0,,,0
44266193B38D9022154E3A6E6E5F87F4,0,0,0,,0,,,0
8F9C18E3EECA3189983ED05267A7C21A,0,0,0,,0,,,0
A5578B0E3870754C96A0090E496D70B7,0,0,0,,0,,,0
70D13AE2BA9C0292EAFD04E36692EF3F,0,0,0,,0,,,0
4A5CBC114DBFB9A6C4F3A61A896553DF,1,0,0,,0,,,0
F93A093C67C76C2CC5DF53B3042340C7,0,0,0,,0,,,0
F464A8D244F3B0A7FAE45862B894389D,0,0,0,,0,,,0
DA3C9C4030E4A77B185F73EA17394677,0,0,0,,0,,,0
6194417FC6F7937D8EE0DE82668B5453,0,0,0,,0,,,0
7D99BE85D54C5C886E747A5E586AE8A7,1,0,0,,0,,,0
0109EB6BF0957A4753F5180C041886A5,2,0,0,,0,,,0
1AB77FA5470354B8BC67C5A57B17DA66,4,0,0,,0,,,0
52B2031BD9850FD1C1A38A8B97BE3483,0,0,0,,0,,,0
B00A5CBF254E59E04D1BC4CCC95043C0,0,0,0,,0,,,0
FF4D29989D8C6FAF69B5C136FCDD60A6,0,0,0,,0,,,0
6D8A1ED61C493657DEFA14CE19720A32,1,1,0,,0,,,0
DB023E70E0755E54AD82ED23C0A5F76E,1,0,0,,0,,,0
BA1DD14D6ABA90D465413D2D1961C027,0,0,0,,0,,,0
DFC26292336DEF43FF4530297B6AF057,0,0,0,,0,,,0
95C2B42765B412F57E5C167EE12E2FE3,0,0,0,,0,,,0
F92065F2E17C4384837C61E4E5216D83,1,0,0,,0,,,0
63D681F8253AFF28E57B542A4948D16F,1,0,0,,0,,,0
CF129022E8FA7FFDEB69DDE1570938DA,0,0,0,,0,,,0
00919F1AC7D2225A655F5262725FBD3F,0,0,0,,0,,,0
5B3C9F9F1501883BACB5BE4F854D7988,1,0,0,,0,,,0
EB4CB8F83F7F50E4490136977C63BE11,0,0,0,,0,,,0
B4D3AB6D0D9F23219F796B0E1B8419D5,2,0,0,,0,,,0
82635EDD784A0843FA09AD14C294B151,0,0,0,,0,,,0
437C7C8E76A306088F7B071E57B3143D,0,0,0,,0,,,0
2B4FB15B83095ADFAEDB83FA0C24FF1A,0,0,0,,0,,,0
369C245CB9986DCBF1A7F0965D5303CE,2,1,0,,0,,,0
23FF59A1CAB09E2822EA2F837CEFB246,0,0,0,,0,,,0
9AC2FC331EEA5560CC2A2883268C2BCB,8,0,0,,0,,,0
5CC7A13D8E899EDA7551DE90CC661693,0,0,0,,0,,,0
250BB57A7B602E74E169896CD19C8504,0,0,0,,0,,,0
B11DDDEBE7CE497A2B4C867BD59D4056,1,0,0,,0,,,0
E663D643979C5B47D02A2BBEE5762B90,1,0,0,,0,,,0
021E703A207ECD0CC248918F28426D95,0,0,0,,0,,,0
1AD849917C5D8C02A4D93996999D6D13,0,0,0,,0,,,0
BC4BF50150618EF80F3F62D886CF20B9,0,0,0,,0,,,0
82F141D1C5A86CB8F5F4DFC7E09E5513,0,0,0,,0,,,0
B85AED507ACF71D8DA3759892142E630,0,0,0,,0,,,0
196CDAC439AE9EB9B70F6868A05FAD3D,1,1,0,,0,,,0
D6D0E320ED8C54C9EEE661F53120DBBE,0,0,0,,0,,,0
32B1B89F917B1DECF2FB576A6A4547A6,0,0,0,,0,,,0
6CAA2E56CCD19EB8BA2F98035A2208D3,0,0,0,,0,,,0
CB35AA852F7619D783233C6583090F6A,1,0,0,,0,,,0
28F681FE06D631AC837DD34109FD2E8B,0,0,0,,0,,,0
E31617E878328B6183DE7A17DC743F16,0,0,0,,0,,,0
535E4C970EE911C2BC2A5B7945F283CB,0,0,0,,0,,,0
EDBC0028D54A660E93D821C48711E585,0,0,0,,0,,,0
6980018C7CFE2320890D2858C1B3B2A0,0,0,0,,0,,,0
D47D2F2165D25EAB7AD18A62436EF273,0,0,0,,0,,,0
FD07A35E258684651DF56B975C273B32,0,0,0,,0,,,0
03326495BCDE5097E29EFEEC716BD5D9,0,0,0,,0,,,0
0152E8B6424291E4C874016393A2B7F8,0,0,0,,0,,,0
0076E7184159D1696E773FA2CCB9232B,1,1,0,,0,,,0
F578D51960AB4E22E7E404C8ABF5E278,0,0,0,,0,,,0
BDDB7334D8B5D161A06D8712E59C12C7,0,0,0,,0,,,0
13524092E785CA3DBE2A03A2B5B2EFA5,0,0,0,,0,,,0
31FFA050ED5F0C9E0F6A2C8606F17115,1,1,0,,0,,,0
AB31249C4D16F5D39299BC1A9D423EE5,0,0,0,,0,,,0
362C4170BE71B71630D1C7790927BD4C,0,0,0,,0,,,0
2F984D271DA01F19750AA65936B027F6,0,0,0,,0,,,0
0584BA0341848989D386717D9D376820,0,0,0,,0,,,0
FCB2739604BB2DFB6269C743899B24B4,1,0,0,,0,,,0
DC8912881CD30A0D8D5E2EB666D22901,0,0,0,,0,,,0
D8392D3864CF295CB236C25046752419,0,0,0,,0,,,0
FC62215B33C84EAB485FFC877E4CA7FA,0,0,0,,0,,,0
F820B14FA048980E5110B61828BDD91A,0,0,0,,0,,,0
4BA4BCE4F39549692326807481AA42FA,0,0,0,,0,,,0
C850879D01E285ADCEFD1E7F80D09ABC,0,0,0,,0,,,0
56B43FC95E1C5862B7BD19DC5DE72017,0,0,0,,0,,,0
4F6C5B09E41A3855722B43A2D8F437D7,0,0,0,,0,,,0
826F6048A69143A99C1B58305F31B843,3,1,0,,0,,,0
C4C734734D7D3BD1C6AEA1B3204A9898,0,0,0,,0,,,0
EDD66130A0CFDDF397F3BADF9F76EEBF,0,0,0,,0,,,0
0D5C223225728A0C98AF149620E857AE,0,0,0,,0,,,0
50879964C7475A4AF5EAFFDFFDFED146,2,2,0,,0,,,0
19BC6F451D99D41CCF0273A45C270C10,0,0,0,,0,,,0
F58880128AF985E82F87EDA9D4EC9151,2,2,0,,0,,,0
28591C796E4E767CFB69EFB92FE85492,0,0,0,,0,,,0
88883B4DE97392F3BF26A7C1459F2B8A,11,0,0,,0,,,0
A8D459438CEF7567B28115181961CBC5,3,0,0,,0,,,0
7A959422C4243CAA4799D342A178C528,3,2,0,,0,,,0
F5F51CD3E19599F35B90C6B65ECCD594,0,0,0,,0,,,0
B2FEED48D6F34D560F9A7AE5BFCE5359,0,0,0,,0,,,0
A714BE9CF5187C4CDAF69D2CBF224057,0,0,0,,0,,,0
10498441D80835B9FCC128CDDED951DB,1,0,0,,0,,,0
243234771C2024373C594E34A55E7A54,0,0,0,,0,,,0
3BD5AD767A46C7A17154EA9895F4FCD3,0,0,0,,0,,,0
5A3C1C538553B1A5108163C4EB7F8D39,0,0,0,,0,,,0
64954F96247CDEB4676B68CDD965101F,0,0,0,,0,,,0
80FC9DC8D2C527192F27DBC2A449FA26,0,0,0,,0,,,0
20B21A2DBF0E77F4C87A788D0249DA38,0,0,0,,0,,,0
411A11ED4556E0A984FE494E0B08019B,0,0,0,,0,,,0
A3876F3A3EAE058B3BE2026242E7E3B3,0,0,0,,0,,,0
98742B903F6249E1C5D72DED34CCAE13,0,0,0,,0,,,0
B57FAE5AC7356F8CB4D9F45ADCEB7A22,2,2,0,,0,,,0
D595A68739A57723B2574D42B5A0468A,0,0,0,,0,,,0
38DEC6F2C6F3040D2F478BBA32996B88,1,0,0,,0,,,0
B63B12FE2ED31087ACF55A39D12B178F,11,0,0,,0,,,0
1AED9C9B5E911DA33DDA2A5E6B8855C1,7,0,0,,0,,,0
382F672A0EBC1268B05E5C64D947EC0E,3,0,0,,0,,,0
17B5C0345895907F711B4121EEE4247F,8,7,0,,0,,,0
B6904B5911E08FE9AC23C09C9E690E36,0,0,0,,0,,,0
8AB29C262591541BA945BF48D74DB5F5,0,0,0,,0,,,0
3EF0C437082525266C571DC4B07793C3,0,0,0,,0,,,0
3ADCF9EA7C03A4918871585A490A68C6,0,0,0,,0,,,0
0B00D3592D579103F7C1246FB57CE161,1,0,0,,0,,,0
6F993F2E30EB7021282D54B16C90717B,2,0,0,,0,,,0
345587970B8D91B2B9BEE6EF275AB6F7,1,0,0,,0,,,0
73D9EF60C6AC5A65329B528761847D87,1,0,0,,0,,,0
8A6AC2CC69D416F0948068F664F55F4C,0,0,0,,0,,,0
D7CDAE12874288C2BCF84A0B656AC753,3,0,0,,0,,,0
2E452991FFE128CAA898334210805599,0,0,0,,0,,,0
E0903988A406E75F53EFB44E862DB1EA,0,0,0,,0,,,0
450A84151A46D5D3AA0FA5FA26C03028,0,0,0,,0,,,0
CD4062B84D436C16F887EF6E54D6913C,0,0,0,,0,,,0
EC923C66B033DCE7802EC813A65CD254,1,1,0,,0,,,0
234A606FA6F8852AA04327D5FE632CC0,2,0,0,,0,,,0
BF331BCFBB87C3C877206B11ACE7C8DE,0,0,0,,0,,,0
43A68D45096E21AB07F2C15CE21CD5A7,0,0,0,,0,,,0
84945FE571CE39D4EE32A555C46B3152,1,1,0,,0,,,0
175B8ACFB0C09DE439EFCB5877486BDA,2,0,0,,0,,,0
7939ABED633D78EA2C0B0398EC817414,0,0,0,,0,,,0
C0B11308BF1F0AE0CCE43A02FBEED7F4,0,0,0,,0,,,0
47B2BEC8A0E631B8E6FBD96CD45F59CE,4,0,0,,0,,,0
87CA18FFE32A02A2B3087E3F2D897789,0,0,0,,0,,,0
079FE8543EB46F5109283B58A75E8F3D,2,1,0,,0,,,0
A305148FAC27DA5DC1B87B4B36CAD6A3,1,1,0,,0,,,0
063FC523E013130DB87EA578A4BDEF4A,0,0,0,,0,,,0
ACDC6DB83F315A9CE0938292E8DBDBE7,0,0,0,,0,,,0
D7E0D864E02B2280FA9A26CFE04A2559,0,0,0,,0,,,0
4211FC08078E720FA796689E9A91D8FE,0,0,0,,0,,,0
9700CF9FFC360E8446E01D474521C00C,0,0,0,,0,,,0
2F63F95CB7346055F6EAC00BEE227A03,0,0,0,,0,,,0
4D67340FEF8F0FA17DF0BF14F48A25B9,2,0,0,,0,,,0
9030905FB31370EB039161C5EC7E6AC9,0,0,0,,0,,,0
8FE3D874238B796B52DE006F621CE997,0,0,0,,0,,,0
B3EFE616640788FE5B1D9776C9972238,1,0,0,,0,,,0
BC6237C93B4F8F703C63757184B49DE6,1,0,0,,0,,,0
0BD6EBD825E25260B49D17D255335496,0,0,0,,0,,,0
D5273ADF4442A0240307EAB295F23ECC,3,2,0,,0,,,0
BDCFD1F0FDE47E594874CA47CD49C303,1,0,0,,0,,,0
DA48C0C7E10151EC0C7A18AE4E5D1553,0,0,0,,0,,,0
0D97173B826A260795E6CB59F9376BC1,2,0,0,,0,,,0
81920DBA2D8AC5E4A905DC96D3DAFE18,1,0,0,,0,,,0
DAFA3588DC11364A6599740CC4E60193,0,0,0,,0,,,0
4D44FE7173999E6A74D910F8666570A2,0,0,0,,0,,,0
2312E417433C1F755AB339821E3F382D,0,0,0,,0,,,0
8982EDF2377C3ED176045F26AC9A960D,1,0,0,,0,,,0
9741557300F0652C44C5E56623F922FB,0,0,0,,0,,,0
359670C5C9544267F74ED8F55C267D49,0,0,0,,0,,,0
0C2C4641E1934BE623106E3E72AA56B1,4,0,0,,0,,,0
B88449F746D7BB387C3665B3C22F18AE,0,0,0,,0,,,0
8B8A14F23E595E90CBE9BA78564C6A18,8,0,0,,0,,,0
976CDE790DB22F64B3E621E97FDCA872,1,0,0,,0,,,0
F799A70617ED99757C36193D90639416,0,0,0,,0,,,0
2FDB3D52183C3725A48CCCBA8A55377A,0,0,0,,0,,,0
0578D8B0D41D3F91C98DFE895A853882,0,0,0,,0,,,0
5CDFC86835249BE3DB5E9F6778E344AD,1,1,0,,0,,,0
3B6AAC03208203A03577FAA6D34F5784,0,0,0,,0,,,0
9483B9FAACA721266010D73B5FD9B6B3,0,0,0,,0,,,0
8A1C420494CD3F800E817A22E481A7BF,1,0,0,,0,,,0
74BB8E57BF8CF6AF45CF1D19D6F89943,0,0,0,,0,,,0
6CDE3BE03DAF6243A5578BCBA2D2F398,0,0,0,,0,,,0
9F5D751FB64E103F03847C9BF8954136,0,0,0,,0,,,0
C0D83C5172D706763BD43C78DA5F8011,5,0,0,,0,,,0
018FA68F9EB769021FAE3C5A010E2CF6,0,0,0,,0,,,0
F80099970BFC9EFDF10AD8677FDE2699,1,0,0,,0,,,0
968EC318FFA6D2C219097FCBC3101E2A,0,0,0,,0,,,0
4EDF57CA63A154DC89C7F5F331E0A931,0,0,0,,0,,,0
419D962FE0A98E1A651C9753F942D212,0,0,0,,0,,,0
6C7CED4AEF652AC9A7009008F1DC5211,1,0,0,,0,,,0
19B1A4123A1AFB4FC3F6E92D145E1A1B,0,0,0,,0,,,0
B46C0C3FD69B32EA5FAE5017216C5FBE,0,0,0,,0,,,0
D0423DA4E2ED084FAB0420235905F534,3,1,0,,0,,,0
2C42FD4D96863B75026B71D2BDEC620A,2,0,0,,0,,,0
2A233292E6F8659911FFD9637EC5AADF,0,0,0,,0,,,0
5F1EC0B288E62069FF089762DCBE9177,1,1,0,,0,,,0
9E6BF00230EF5FC0A983025370EC88C3,2,0,0,,0,,,0
FF5829CCC9DCE80240E620D7D66C709B,0,0,0,,0,,,0
09352F4FD57960A1DDA0E0619A60D7EE,0,0,0,,0,,,0
8BDEAAD9B5CC59CE05A905CC9CF12E4D,0,0,0,,0,,,0
119C56EBCA819C96F9370FF0C43867DA,1,0,0,,0,,,0
0160EC4EE75522ACCC890FFE836C8D8F,0,0,0,,0,,,0
00676A8589DE5A948F2FFCBFCA568E50,2,2,0,,0,,,0
45DDBDCB91943B65C9B84920C0B3BE66,1,0,0,,0,,,0
F4D853F5EB432C2531F73BEE42B33E28,1,1,0,,0,,,0
E371044DC93C1A7AF36C2B7A76E8CD16,0,0,0,,0,,,0
A6C864A0129215BA46A379D6EECB3738,0,0,0,,0,,,0
066DE3C193EB33DA74594680AA24779A,0,0,0,,0,,,0
C59286E780962666D2A9C13A478542C8,0,0,0,,0,,,0
E325A12D5EBC55ACEC787D88E545A9F0,10,2,0,,0,,,0
04187BDF64181D5B39B4B44182CB0006,0,0,0,,0,,,0
13D063D09F0C2D7EE332794399C3CF29,1,0,0,,0,,,0
969DC756B9B132C1AA475E16248851BB,0,0,0,,0,,,0
FBC96171D55D518A86075798B95B7FF9,0,0,0,,0,,,0
F3758F9C79227C32C9CBB9441A53B9EC,9,0,0,,0,,,0
E03D3E6109B0531234E8342EDC56375E,0,0,0,,0,,,0
026C3DFB9F540CE1656F08BE848279A9,0,0,0,,0,,,0
71755A870405E2457A78D3D49C8B4364,0,0,0,,0,,,0
22F5EED2AB46D7F999363D6A2429A8A1,0,0,0,,0,,,0
82BDD23AFEBC3EE5E88EEFEFFE347BC8,5,0,0,,0,,,0
4816285E8338180AA54EDF8555CAF23D,0,0,0,,0,,,0
D8936AD9BCE82819B015F9CE83F33164,2,2,0,,0,,,0
BD99C0F97B407F63AC6926BC84F79133,4,3,0,,0,,,0
A5260664ACD0993221ACB0A5A37ABFDE,2,0,0,,0,,,0
08A11D2635053282D639874EE5551FA6,2,1,0,,0,,,0
17B0F5ACD71C4F56655EC92BC9F86FC8,0,0,0,,0,,,0
A5AE00F79EA7977028914149C2BCC39A,0,0,0,,0,,,0
BA6089BF21C57CFAF8DDDFE18CD8D2BD,0,0,0,,0,,,0
9CD5898126E744A7614D790C2C67B052,3,0,0,,0,,,0
75054D8DF2A03B76B951829F95B4ED9C,5,1,0,,0,,,0
CAA2C01467B28D7E21D510676B461F5D,0,0,0,,0,,,0
8F223AF9EE160F91DE51B3A3BA1ACD0F,0,0,0,,0,,,0
4242F3A1ED79392E8DB3D7DA5564B1DF,0,0,0,,0,,,0
713B7647B791B3525A59FFA68FBA0A70,0,0,0,,0,,,0
8E47D3FD8BB53694A15BB8723E8FA234,0,0,0,,0,,,0
FAAE07789E5832D64D19E72AA5A7EBF5,0,0,0,,0,,,0
763B5A6DDFFFF56975B9EB032F7E1A96,1,1,0,,0,,,0
1D8F8EBFE5F3C95F99A36F627715DF8A,0,0,0,,0,,,0
78CA698EA887F6421432DC107CD539B4,0,0,0,,0,,,0
E14F414A25D7DB47E661B85439950D29,0,0,0,,0,,,0
A7B8DF486667B9B7B7745F809221B1FE,0,0,0,,0,,,0
395C1B2384FA8649FD8D9E1AD14D729E,0,0,0,,0,,,0
20372B4051F16E4AFD9FE828ADC08065,0,0,0,,0,,,0
E271C38BE1E3E9E9A1D4DE0A5CF3FA3E,2,1,0,,0,,,0
5BB7872FFA383C690AC6389C1F571F97,1,0,0,,0,,,0
89B041D20D6C4FC5DA72F46D7096EF4A,0,0,0,,0,,,0
3429D437AF1A8B44D0B657A57003EE18,0,0,0,,0,,,0
83EB6E905B20079A153828894109C0FF,0,0,0,,0,,,0
764480D8AC6E3563A61455D92F3FB32B,0,0,0,,0,,,0
236CB6EEEC7A33EBB21C555AC29117D3,1,0,0,,0,,,0
027806D19A2E8FC158705BF10ACED423,2,0,0,,0,,,0
998192D6FEE2FDCF3D4DC9B7D5231762,0,0,0,,0,,,0
22AD0819F59B28FE96C13688E7716583,0,0,0,,0,,,0
B413B5A2D7A3419E29DF00F466A75941,0,0,0,,0,,,0
E3360E2CBBB66D61E3E96C40D4046AAA,0,0,0,,0,,,0
36D35160F560D4FE9D1B0E48063F3665,3,1,0,,0,,,0
160331B7072091A25322A53FFE4E9F9E,0,0,0,,0,,,0
FC62ADB8DDAF3576A564D1A5FC5E24F0,0,0,0,,0,,,0
EDA982E4EEB60D22F847A60390107D63,0,0,0,,0,,,0
37E53E2D6E735FD55B4FF726527D9808,0,0,0,,0,,,0
2EA94DDDD43475007E96771F57F9DB9B,0,0,0,,0,,,0
8686226FD92F359E9A1CEA2E2DAD9CBA,1,0,0,,0,,,0
125107650F25DCB082BD43A32E3AB5CD,0,0,0,,0,,,0
4E438E998593BBB9AEB4A2D5ED346EA0,0,0,0,,0,,,0
1CAA0BCD540F02B654160E37ACE8D3E3,0,0,0,,0,,,0
9A489D26F7C694E6A4A4B511D35DE323,1,0,0,,0,,,0
2B60FE4641FB8F58C12824588AC79FB1,0,0,0,,0,,,0
8D36DAECEFE7AE72CB36D9E7A4BE1F5F,0,0,0,,0,,,0
3D8C0F3F9F260CF0795C9C1B838A05A9,1,0,0,,0,,,0
DA2F9499380A210F80A6FDECD29EEA35,0,0,0,,0,,,0
AA4792A545C655F5E1B8C5EEB9836F46,1,0,0,,0,,,0
8690C45433DC63B81298A6792B559848,0,0,0,,0,,,0
2BBF0E4E1E3D02041E0D94CA79286A0E,1,0,0,,0,,,0
C5965539807068ECC98042CCC14948A4,1,0,0,,0,,,0
F6A3DCF6CC591178BC3E922910DF41BD,0,0,0,,0,,,0
B3AA7E94680466A7C9A86D0AAFDD76F6,9,9,0,,0,,,0
767D9950C3A07A54EA0519D1CD70D43D,1,0,0,,0,,,0
B9A30713278F76426D486FE7DCB70D2B,2,0,0,,0,,,0
3E7B4C25642C7BB53A61F09572FDCE2C,2,1,0,,0,,,0
E95ED293D8C7E9EBB02D3804B83EF042,0,0,0,,0,,,0
88546E749510501DDEFE3255A604394F,0,0,0,,0,,,0
BC486E5E7ED937EC70AFFC128300A615,1,0,0,,0,,,0
4CF4D85C0BCE074D79FF97932B830F66,1,0,0,,0,,,0
6C6ADA016A904C44E1B33AED914C9AC1,0,0,0,,0,,,0
BC566466AD8B0655530C3C47F4F64619,2,0,0,,0,,,0
2CEFE82BDD9A12BE3F9F09083C8812A4,1,1,0,,0,,,0
C159B3CDA5BE75F2EC29F04E3AA2CCD0,1,0,0,,0,,,0
AB0387A3957849D2D2778C1EFF849617,1,1,0,,0,,,0
47FFF3794BCA842CB53683142AC09F71,2,0,0,,0,,,0
09DAD43CB4AC24EBB0FCB03D96A48BC8,0,0,0,,0,,,0
37A4A5CCEE0FD6189187EDFF41C6F413,0,0,0,,0,,,0
0AF67C1A1C8F3785609B4210C3E04FC8,0,0,0,,0,,,0
28D18E4500C2F85A05A73547ECDA5BFD,0,0,0,,0,,,0
F5C300C61CD725D1F84E562A70FE6F9C,1,0,0,,0,,,0
D4CE373C174239DC1ACE97F4079B416B,2,2,0,,0,,,0
D6D8EF3F412E202F89399FAC1755B404,0,0,0,,0,,,0
88B95F846BC56ABBB9007B625254249A,0,0,0,,0,,,0
E4E7A54ECE97237E75C2A4F4D51E5C71,0,0,0,,0,,,0
38C56016206001122704DBDE00362359,3,0,0,,0,,,0
D044256146101D1F2CF78A856A89BCC3,0,0,0,,0,,,0
C0C2B4DEEF94F828B6C9F067FE6D2E91,1,0,0,,0,,,0
4B3CC3382387935EC4D2AB4F6EFC56FA,0,0,0,,0,,,0
55968FB845A1614EA2D4E13A0C93F20A,1,0,0,,0,,,0
D2186A43C55A1F3A3D60DF57F85F6397,3,0,0,,0,,,0
83356B843B1B0B2783F86569CC74BF96,0,0,0,,0,,,0
317C3B80CBC88ADFF55C8BB9C01163B7,0,0,0,,0,,,0
70D7FE42E58F0EE8745B704BD6A71D9F,0,0,0,,0,,,0
7075A5BEA07293FDFE76EE3BB5210B9E,1,0,0,,0,,,0
7E7ACFF0E969E48D342DEBA9A2C47FAD,0,0,0,,0,,,0
4D6F39019E8ADAAE82EDB8134EF678B1,0,0,0,,0,,,0
FB2999663F282C66A31983A54578FD95,0,0,0,,0,,,0
CC552617A32F3F5D4AF0E35DC556CC65,0,0,0,,0,,,0
AFF2D4B0F937E57770B072F8505E9EF2,0,0,0,,0,,,0
71CF077B8BBF09E1AC1432C6A2F5A0D5,0,0,0,,0,,,0
656809A54882C03F52A8EA425D8352C9,0,0,0,,0,,,0
D5A442BCAD5BFDD24D7180FA8CEFE166,0,0,0,,0,,,0
FD73F02713CE1C37AC39CAEC6B7CFC1B,0,0,0,,0,,,0
10B4EB1714F78DFC45DD2090213544E5,1,0,0,,0,,,0
4BC4C3E1AD873F39A77498DE691C207A,0,0,0,,0,,,0
742A6E4B62B82DF666446A8BBEEF7D43,7,0,0,,0,,,0
CF13213745D519874DC3AB772839C6AD,0,0,0,,0,,,0
CFF34B5186EB1563295F0058BBC7CC0B,0,0,0,,0,,,0
AEF44B916D5444AAD2B2E4D2E8F24893,2,0,0,,0,,,0
3642BF3CC1A61A4E72BEB9B12A291E68,0,0,0,,0,,,0
3EA7CB7BEEC224B0765BCC3CEC808031,0,0,0,,0,,,0
8235CEF88E270F8C33F9218633A421FD,2,0,0,,0,,,0
6601CFCCFC265C78B62804BB6E958F82,3,0,0,,0,,,0
B746F2E5635F1D46F7F4ED91D1EDA814,0,0,0,,0,,,0
A3158DEAB32B2B48588DBB1E4C755628,0,0,0,,0,,,0
538A8690A6721BEDDDE958467C263E44,0,0,0,,0,,,0
B6855B56FE0838DD2C78822AB08B3D02,0,0,0,,0,,,0
3C0BC6C12FC7F6D75A3B43699DB5C6E7,0,0,0,,0,,,0
32F03D5D050C4922D34BC972B8E7CB25,0,0,0,,0,,,0
4A4960E17D1519EDEFB3DDFC5C55C41D,0,0,0,,0,,,0
823F356F974A689FD5084C5B2A1C7D07,0,0,0,,0,,,0
9C04E9FBCD255936F229D5B6361F3280,0,0,0,,0,,,0
0CF7B8BCFC9CB9C51C6AA0438139D8E7,0,0,0,,0,,,0
7B939BF8414AB69B7F080956374D3B68,0,0,0,,0,,,0
FC6A9D764BE38E6BBC8592CECEDEB7B6,0,0,0,,0,,,0
8E20A3C6CFF10F62B5D6A758D5F5BD1E,2,0,0,,0,,,0
4748AAE4E8059C407E5AD5FF8CA39EDE,0,0,0,,0,,,0
B20C02973E73E90DA66C8F29A685AD0F,0,0,0,,0,,,0
6D7C0538D39540BDBBD1F8CD90272A00,1,0,0,,0,,,0
CDE198A7095E3842BE7C99518BBD3123,1,0,0,,0,,,0
90B24E30E53A340747610B38C0FA48FE,18,0,0,,0,,,0
EB803BB77E741219B6A92F775CB566B8,1,0,0,,0,,,0
70EB1D4B62D7BBC62941EBC5015D1E57,0,0,0,,0,,,0
CF66FE17C9FF87481F56A40F25B9BB88,0,0,0,,0,,,0
00900133892F41706582DFE78A7BB382,0,0,0,,0,,,0
3E57621C646464D99ECFAC0A4642B398,2,2,0,,0,,,0
099A11692D9DB0B9F494F12C691B4279,0,0,0,,0,,,0
885F80003700BFD26A67A63A5EF1897E,0,0,0,,0,,,0
D22DA2C9F9F8139CE512471FDD8E330E,1,0,0,,0,,,0
D14F72ECEF450A96C642F9C58DEDF723,0,0,0,,0,,,0
E80EDF19F51936BCA274598F69966232,0,0,0,,0,,,0
1E7B72B7E01E7DC66550B9B5B85BDFB7,1,0,0,,0,,,0
F3CBE8434DC4619DB8A4A7C848090C25,0,0,0,,0,,,0
EF40D83DCA696467B252B3196A1C7532,2,2,0,,0,,,0
A1483CA5D53030291E479D412CBA2397,0,0,0,,0,,,0
AD296D18E0CAC87DDE28E311DCFD05E6,1,1,0,,0,,,0
74868BD6717E81EFE6C5ABEBD60371CE,0,0,0,,0,,,0
7532B14BE017790E922B43AC2F9DDB99,0,0,0,,0,,,0
5DA272946440EEB1691CDFC293D87390,0,0,0,,0,,,0
8ACD0CD2D952ED91CC4CCB84FFFA6D01,0,0,0,,0,,,0
86C279CEE90D97565DD82D2A92A9F421,0,0,0,,0,,,0
957A886A3E585871E0F6BD59A47786F4,0,0,0,,0,,,0
E515909D096AFF6A5E06A2EDCD9FCA22,0,0,0,,0,,,0
0D0D1E50F26309E913B140A72E669336,1,0,0,,0,,,0
7B2CB9892DDD43962B8C9B4BBD9150E4,0,0,0,,0,,,0
511B5FBE2D1F71D307C5D0F5C1A0E600,2,0,0,,0,,,0
A2BF7EB214CA0BB2A943E8B0B7FB7937,0,0,0,,0,,,0
D2AD0448EFF5028698BB4FE8E22256EA,0,0,0,,0,,,0
20FCCC7CB1550DC4A2E15AB2C3166824,0,0,0,,0,,,0
4B8B961BCDF833E58FC811F98545EAAC,1,0,0,,0,,,0
0AC1056324F21E06DC2BD79511131505,32,0,0,,0,,,0
AAA09F62893A41F0D9B2247AB87FA48C,0,0,0,,0,,,0
F52FF070CC9A3E25387BE295E4ABEC44,0,0,0,,0,,,0
AF12740A58DB39DB1C6A6F7A44537977,1,0,0,,0,,,0
ADBD4CF151328BE4421A08179BDF707E,1,0,0,,0,,,0
C2D17D9066EE1EB9FAE1C8A521BFD4E5,7,6,0,,0,,,0
89A5AD5EB82221A45F9766C77E471DFB,5,0,0,,0,,,0
431104D44BC343ADB59D5881CA18A904,1,0,0,,0,,,0
BE1AC8F8F0A66163CE5A07109C322235,2,1,0,,0,,,0
F23A65D098E8437D0B49416DE96CE969,0,0,0,,0,,,0
E0F6BFC5E137016B9ADE11B31D2152C7,2,2,0,,0,,,0
96333A5A97DA9F4AEBC7A70483AF6C5C,0,0,0,,0,,,0
1BC92220D3CB5345F4E46D35D14D5FC8,0,0,0,,0,,,0
747C402883F8362C5126E1F17001589D,1,0,0,,0,,,0
0C810253964B2A40A5C1D466C32CF93C,1,0,0,,0,,,0
831D448CB3EF6058046C273078025A16,1,0,0,,0,,,0
7C8BF5C91CD33613DA2E6439337EE669,0,0,0,,0,,,0
551EC01F36CA5DA70E4C3F81D82B7988,1,0,0,,0,,,0
C0BD7F3F97975130BDED328076CD1483,0,0,0,,0,,,0
DA7C9233D9873D6A82447EB77EE3CDFE,1,0,0,,0,,,0
092890FA0561E3456ED710E3F88750B3,0,0,0,,0,,,0
39B55778DD7A5E61C8E6FADF406EF255,0,0,0,,0,,,0
7F12591D42C0715E5794B59E4950D21B,1,1,0,,0,,,0
1025F68A65488C13C81112C08A2A8A6A,2,0,0,,0,,,0
82C61B1EAAF07052E9ADAABB8137D220,1,0,0,,0,,,0
14C0C1F81E2170AEB2684F5394887C56,0,0,0,,0,,,0
52FFDF4AE5B84DDFB42B53F9247EC2D6,7,0,0,,0,,,0
11C2996CD8746D3FB33A2CC06386088D,4,0,0,,0,,,0
6AF27E478DE167D5A7D4228D94EEEC5C,0,0,0,,0,,,0
8875E076B50263771FFC844ED47A12AC,0,0,0,,0,,,0
D5F25FE843F01514F448B1AA94028D2D,2,1,0,,0,,,0
EC9CF53549FB38AAE4906989B4B050E4,10,0,0,,0,,,0
2CC12B6413FBC345930F7B81394B96A6,0,0,0,,0,,,0
A4442ED82DBC31EB300EE7BD825C85E1,0,0,0,,0,,,0
04C56E1170E544DEDB0032138572EF45,3,0,0,,0,,,0
C11C29B300E223B1A516BB555C6EA232,0,0,0,,0,,,0
2FB30D32F7A3915EBAF145B4C2A8A6EE,0,0,0,,0,,,0
6A4E685F48523EF30B399D4EECAD3936,1,0,0,,0,,,0
5EEB1A41F09931F23B2309658BEDEED1,0,0,0,,0,,,0
A2261EC97FA1796DC8910C0652034AAA,0,0,0,,0,,,0
EBDE1EBBAE587739BCA249F1ABFB55AD,2,0,0,,0,,,0
EB483DB3F42CD9C660A3E1722BCE0BBC,0,0,0,,0,,,0
EE685B48ECB64F3189EBC27B9FD540C1,0,0,0,,0,,,0
390E57F874E1FD656FCCBCEDE8F90604,0,0,0,,0,,,0
7E7E304C3FAF436BA032F2DBE888156D,0,0,0,,0,,,0
216C5B08F90818EB325CCBDF448DF0A2,0,0,0,,0,,,0
B2082CFD6FE447F9ED20704FE67B7EA5,0,0,0,,0,,,0
11A1445F3B207C2742088B4BCCFED188,0,0,0,,0,,,0
D25BBCF6EEE812CF634A677AEBA144FC,0,0,0,,0,,,0
B278CA551C7EBCB4CA97642BF7FD9C80,0,0,0,,0,,,0
65BF44EF65DF82E1BBF2B19BCF75FE61,0,0,0,,0,,,0
BC3D6AEB968E3C8BD3138F33FCDA94B6,0,0,0,,0,,,0
B085ECDDE1C917419596252C7CA45564,0,0,0,,0,,,0
52AB8836E48955B3A2D4E09358220012,0,0,0,,0,,,0
8B58F1ED945C2F35BD09EE96B688E460,2,0,0,,0,,,0
AA37E1800EE190427D90B4F42665C8C3,7,0,0,,0,,,0
AF86CADC95AD1FF084AF2E2FE8FF9AC0,0,0,0,,0,,,0
A609FAA8AB7983E5424CA91A2DFADE33,0,0,0,,0,,,0
A62E672CEC05240871768FB2EF87FA65,0,0,0,,0,,,0
ED7B241CAB6A7131CF4630C4C56BEA55,2,0,0,,0,,,0
3F6DC0482D4E9CAA18EAD562735CB14F,0,0,0,,0,,,0
6B29637D4EA9480CE0568FD8019D06B6,0,0,0,,0,,,0
319105B7B18F783ADC7043A7F89A9B69,5,0,0,,0,,,0
A37AD550BCBF8C8B1D5616BB5A47770D,0,0,0,,0,,,0
C69891F3C70817BBCA6BA8C78C475CC9,0,0,0,,0,,,0
1969BB3D2ED500070DAECA1C8237654D,0,0,0,,0,,,0
DCA93021D42484CF03D9BEE4C40C329A,0,0,0,,0,,,0
77FCAA78030B3FA76C9C9E20EEBB1F08,5,2,0,,0,,,0
269BED7E40903F62E851AC99DAFD3E86,0,0,0,,0,,,0
357ECAA4299E59A6B41286F89F02DF9D,0,0,0,,0,,,0
A516E6C57DEA6B0DB1D53021C406FD30,9,0,0,,0,,,0
82D2F4379C6A64A91225694E57E68B45,0,0,0,,0,,,0
2C4E93072D350CFADEC6C6EABF031396,0,0,0,,0,,,0
AF355964213E53A6B5498DB076D2E9E2,0,0,0,,0,,,0
CD6886901D7B1F11F9BB3221C9E935F6,4,0,0,,0,,,0
D51421C5F97750D2E119DD22225DD7FD,1,0,0,,0,,,0
0071E772FC4598EECC6DDB1BD8265D2C,0,0,0,,0,,,0
4E37E9CAD3FE6DE736B93D68F72C5CE1,0,0,0,,0,,,0
1CE56A9F522F3A20309C500016A7C707,0,0,0,,0,,,0
367611C506D5F60E164BBA44F4342F5B,0,0,0,,0,,,0
7F614FFD677B271FF188FBE03F4C6E3D,0,0,0,,0,,,0
61409A7833982834BBEC5294C30A011F,0,0,0,,0,,,0
74D74EE9E4D588473C399896A0CF3AEE,1,0,0,,0,,,0
700F7F7537AA9608C920BFFD14C8711D,1,1,0,,0,,,0
D40846D1475D5E46D321750750943A9C,0,0,0,,0,,,0
A95514B265548B149F8CA0188C6AD4E2,3,0,0,,0,,,0
4B12007A310D886F3BCFA8F6A38F7B47,2,0,0,,0,,,0
4435E5AFF77D6F275197B229BD74B650,0,0,0,,0,,,0
C7F7B410934B11C89470FE40247243A1,0,0,0,,0,,,0
4B640DF8111F1798DEE8C2AC9FCE5804,1,1,0,,0,,,0
A5D7378E99901F1A276B3EC18091C8F1,1,0,0,,0,,,0
030FBC4222194D9E479EABF238E5F826,0,0,0,,0,,,0
A665B189D13406F392208230C9B631CB,0,0,0,,0,,,0
D4C17FB366D05CA802A982A7770076CB,0,0,0,,0,,,0
717C241B7FD6621D39EC38F2E9B06182,0,0,0,,0,,,0
0F5D8942B1C96254F6B7E890DF1E614E,0,0,0,,0,,,0
F6B971515AE60B8F8554487DEF254C29,0,0,0,,0,,,0
1E936C6CD1183A075148A5B335D7AFA2,0,0,0,,0,,,0
834CF9FDA09003F98600469DCAECAB22,1,0,0,,0,,,0
553D9AF905F29321623D5ED15829522D,0,0,0,,0,,,0
FB1880E3087860E2E2A57F14BD94D19D,1,0,0,,0,,,0
1AD872561C6D6A28BA60CCA8F6376CD5,1,0,0,,0,,,0
31AAC4CB1A4E09F959E460458C8AAF9D,4,1,0,,0,,,0
000F49564E9F2B85F3B1AF1A0DDCB872,1,0,0,,0,,,0
E2DD7D188CC89766D281BF082574766B,0,0,0,,0,,,0
E8AA0D95D5317A98F1592D34D75A8946,0,0,0,,0,,,0
03C2D87F51393C52A4E8B0DF80342EA1,0,0,0,,0,,,0
45A7FD01383B7C05E4999A96E7011369,1,1,0,0,1,2,1.5,2
66305184E3B422FE39E3465AB9C7FE60,3,3,0,0,1,1,1.0,1
A442D7F9DA27C9F49919933DC0023738,8,7,0,0,1,3,0.8571428571428572,7
F9DD9310584E4F0FA1401F066FEEABD1,0,0,0,0,1,2,2.0,1
DAB82A45AF65FD32E2CFC971F6F33E3A,0,0,0,0,1,0,0.0,1
8A376B296D2952B812CBB79888C52343,0,0,0,0,1,3,3.0,1
F74A9734246D7762A13CF0CB5005F72A,1,0,0,0,1,2,2.0,1
314B49445D38714DE358FDA5ED6029BD,0,0,0,0,1,6,6.0,1
B8C5B357B6A115DC9411DC1B60A0014C,4,0,0,0,1,3,1.5,8
80288DB579015478EA51592601E67ABC,9,0,0,0,1,4,1.7600000000000005,25
ADF17C8D31F5FABAE3427821436BBD41,0,0,0,0,1,0,0.0,1
3A6E4010B115AA8EB99461DA8E9A7275,0,1,0,0,1,6,2.8333333333333335,6
452A7B45C13EA6E54126968CDE3AF0DA,1,0,0,0,1,3,1.2857142857142858,7
0E81216D87D16AF0DF655553ED8BB456,0,0,0,0,1,1,0.5,2
1F0C37BC14068B83056B3152DD3486EC,1,0,0,0,1,0,0.0,1
B77F823928753682B1DD6940054F7324,0,0,0,0,1,2,2.0,1
77D04C5DE7E39AC2D53E92F9B3699096,2,0,0,0,1,4,4.0,1
04D9A2EAFCC291BF86F624008C55776C,3,0,0,0,1,1,0.5,2
6E0CE4D9DE17F3D771906937B9ED37FD,1,1,0,0,1,1,1.0,1
D6C7E3C8DC7DFB0D9AE0A4897753879F,0,0,0,0,1,5,2.0,3
26E38E79A9B5156F4B81868BCD8B0ECC,1,0,0,0,1,2,1.0,2
F498C8DC6DE65ECF9A9E8B68CF73010B,0,0,0,0,1,3,3.0,1
106780109A3D60E1D37A41399815B452,0,0,0,0,1,1,0.5,2
702D18247CCF0214BF213FEA84BBC6D5,0,0,0,0,1,2,1.0,2
FEEC05778CCEE0FFE435E589A00EE2C3,0,0,0,0,1,5,4.0,2
2B708DD984888F5852F691361699D80B,1,1,0,0,1,1,0.33333333333333337,3
0B74484DD41F519B4810A14A953CAA18,2,0,0,0,1,1,0.14285714285714288,7
F8676B20C2A1DA2B004C3257C3DA3E7E,0,0,0,0,1,0,0.0,1
448F4402131C2DE70EC67F04D4BF5719,8,7,0,0,1,0,0.0,1
701A365C508D4DEE66C29627A1DE9855,0,0,0,0,1,3,3.0,1
686CB936AA9E0A81C377FC2604862AD2,0,0,0,0,1,0,0.0,1
FB8342232BE261A3128A2203E0F5B5F8,1,0,0,0,1,4,4.0,1
5A7EB17BF7D867AADECA2FDAF0941E88,4,2,0,0,1,1,1.0,1
A548C8D6231CA50B3DB5BBCA75245971,0,0,0,0,1,4,2.75,4
5888DE5128724573A7E79802BA2D4BC1,1,0,0,0,1,2,1.0,2
7DBEEB7A2488FE1FFC0808686AC09606,0,0,0,0,1,4,1.375,8
A14C5D644176F881FE4BC72B7AF0B988,1,1,0,0,1,0,0.0,1
654F30C1312F6C1A26DFDA9F076A62D8,11,0,0,0,1,0,0.0,3
76BB576278338D2E508DE5D705241B47,0,1,0,0,1,5,5.0,1
C87CDC0C4F86B10B7467281D516929B5,2,0,0,0,1,1,1.0,1
B7701369F8598A25DED0499DAD3BE85D,6,0,0,0,1,2,1.0,2
3E8023DB1D342304C2D6BD56705C4687,0,0,0,0,1,0,0.0,1
85A10E488697EA6DCAC27D99D495C10E,1,1,0,0,1,3,0.6,5
6A71951BC1C5F03C22E9E892AEB90B19,0,1,0,0,1,1,1.0,1
B37EDF42306464D3D96E5A56A03A8CBA,6,5,0,0,1,7,2.173469387755102,98
C9069704D16B9DFBAADFD3DA9D6BFB72,0,0,0,0,1,2,1.5,2
E5B628B4982E63C04A0194D4AA5E934A,0,0,0,0,1,1,1.0,1
AF73C0ABF8A247F242D7E25FA0CA8DB2,3,0,0,0,1,0,0.0,1
5BA95E4FA4362D5F99476C368E767E00,1,0,0,0,1,0,0.0,2
782911F9743463E6A2D8771F0ABDEF7E,1,0,0,0,1,0,0.0,1
53CAAF361073109F66760692FA12673B,0,1,0,0,1,1,1.0,2
9F005C230A2121F71C2C2578C8A586F5,35,28,0,0,1,1,0.4,5
41804CB2438950678124A2A6A35A0A2E,0,0,0,0,1,2,1.0,2
04922912BE9A2473AFC825E6C65B1E76,0,0,0,0,1,3,3.0,1
522CB59B895EC66E54C77F9755A0FE3C,10,0,0,0,1,4,1.0,5
E1FD50614358282C8E5CC72C27DDEAE7,1,0,0,0,1,2,2.0,1
B5FA3B0588C19181222FCE3135DB3452,3,1,0,0,1,2,2.0,1
5A24FA671D66FF78C978D077245B4777,11,0,0,0,1,6,1.7499999999999998,52
27293EA0B2F41A672E15EF7B1FA21298,0,0,0,0,1,2,2.0,1
4DDA4392B4846994840851985B0219E8,0,0,0,0,1,2,1.0,2
B556F5DE570486671EAFF0A392FDF4B2,4,2,0,0,1,1,0.3333333333333333,3
AA74A863932B584C5785CB51EFCE6171,0,0,0,0,1,2,2.0,1
0CA05BA0AABD7D27249FE773067F60D6,0,0,0,0,1,3,2.0,2
F172A8FD0CDA999EA7939E59BA9AAB80,1,1,0,0,1,2,1.3333333333333333,3
B3E437E7396D8FEAA15E814B8A77288B,0,0,0,0,1,2,2.0,1
BC10D76D02351BD4C6F6F5437EE5D274,60,2,0,0,1,6,1.59327731092437,595
6DC218CEE0AD1BC0663FF76DA21B06A1,5,0,0,0,1,6,2.2878787878787876,66
C80176F788F159E27873C4CA1AD19E01,0,0,0,0,1,3,2.5,2
A73C767EF46A904668C1B3FDEF708275,1,0,0,0,1,3,2.0,2
E2DA3DCB59050A788451A4B3B46D5CFD,2,0,0,0,1,6,2.5,4
CD5537F4F8A37837356811BAE090FD0C,2,0,0,0,1,4,2.125,8
30E0BCCDA67858AEBEED8123C998AA61,0,0,0,0,1,2,2.0,1
A2C517011CA915B663C998BE9FC84203,1,0,0,0,1,3,3.0,1
9C103E62DF217934BB0DEFFD9A7F7413,0,0,0,0,1,0,0.0,1
9EEE374E4BE34101A39330BD8191446A,0,0,0,0,1,5,4.0,2
F3AB2783F55E9E30FB3E7F093FCB3E37,0,0,0,0,1,1,1.0,1
BBDCBE2491658165B7F20540DE652E3A,0,0,0,0,1,2,0.30000000000000004,10
494E3672EBC07FD646F4EEB5FE62D9C0,0,0,0,0,1,2,2.0,1
080A808835B08174F70F34BEDC9F31A4,1,1,0,0,1,1,1.0,1
C7BDDD0BAC5D80E447FCDD12A580273E,0,0,0,0,1,2,1.142857142857143,7
D3CD6D92A8E6FE6312127AC10B77C693,1,0,0,0,1,5,2.0,5
CE6E329C577063DDE40F01E072477EFF,1,0,0,0,1,0,0.0,1
0D17D0247F158FA3E40D21EFF46D1651,5,0,0,0,1,2,2.0,1
F854F38C75CD796EEA98234BC5169048,107,3,0,0,1,4,1.191176470588235,68
6822CA429E02886D92AE25FDF15975E0,3,0,0,0,1,0,0.0,1
B6164C0DF6516517F94E132C92D78325,6,6,0,0,1,2,0.8,5
7570D0F0F14180DD9B1EBEE74AA6AD01,1,1,0,0,1,2,2.0,1
87A95949D12E9C9263482FB202E791BD,6,0,0,0,1,0,0.0,5
A45598590D0D1CC8BB6BEBF19729A722,0,0,0,0,1,5,2.6666666666666665,3
3A0C188E07D23B3FA107E338476821D8,0,2,0,0,1,3,2.25,4
54B8D30BE1F3471830044059A37419F6,0,0,0,0,1,3,1.6,5
515CEADE48BE9825E993A4E8A97F8B18,0,0,0,0,1,0,0.0,1
0CB4BDB3E13F9967AA3249C9E58A3F88,0,0,0,0,1,2,2.0,1
50BB0C4D48247DC4DCF70D7484367790,0,0,0,0,1,2,2.0,2
1804F9BAB636421940AB1B2AF7449DD8,0,0,0,0,1,4,4.0,1
36390262EE0C669101AD7ACFE181689C,9,0,0,0,1,2,0.8333333333333333,6
8E79DDA482ED96D2EB74FFA7FA7EF0D5,0,0,0,0,1,0,0.0,1
7756071A726C377F17505ADC3C166894,0,0,0,0,1,0,0.0,1
84B26874C4D524CF6B4EB5C1B9F286D5,2,0,0,0,1,2,2.0,1
50348CB3806626F910AA7CD0F57166F6,0,0,0,0,1,1,1.0,1
20FAB3C823474574C66D25C54C7762D6,0,0,0,0,1,0,0.0,2
6776FBFA00EC922CDAE4003DED4C0B69,0,0,0,0,1,0,0.0,1
04E0D34D0A0F0DF5818AEDB928DC2A25,0,0,0,0,1,2,2.0,1
191139E09DFB6ACB65655877775935B3,0,0,0,0,1,1,1.0,1
75DECC197C581E451CAEEEB687675D97,0,0,0,0,1,4,3.0,6
4ABCDA7B1B9D210CA08EDDABB800499A,0,0,0,0,1,2,2.0,1
22A5B83DBA4FA9F5172C89996912ADAD,0,0,0,0,1,2,1.5,2
8D0E7EBF4DB95170907FDF54CCB166C8,6,0,0,0,1,2,1.5,2
D13AD8E2C50768FF1CAE163EF068EA52,2,1,0,0,1,0,0.0,1
6A50ADC841633E84CD6BA0C528FE007C,37,23,0,0,1,0,0.0,4
F08C95B4C15C48637756D065797987ED,1,1,0,0,1,0,0.0,1
AA35092B507100A45CBF225A23D56864,8,0,0,0,1,4,1.1818181818181819,11
CAE6C20FF0801BB13EF417120900B5DD,1,0,0,0,1,3,2.5,4
5F988DB694ED8F13A5F589C89543B331,2,0,0,0,1,2,1.2222222222222223,9
5114C593C19D72F98121F32B0FA1BA7E,1,0,0,0,1,3,2.0,3
9C3F3B7108D21989DE29DC6B8BD492B2,4,0,0,0,1,2,1.1666666666666667,6
A62424E95312543638F87F758E50E927,0,0,0,0,1,1,1.0,1
E0F27510B64D689AA8E5F4BE241792A4,36,0,0,0,1,3,1.1428571428571428,7
9C43082198C08BB684E2632C1F648033,1,0,0,0,1,3,0.875,8
233220DEDAFD1FEC499F7516583D3E6B,82,0,0,0,1,3,0.8,25
691BEEE3F6A4739A6E3DB425FF4C976A,3,0,0,0,1,2,2.0,1
49BD9778DE6B7D6B12FA7E0D2668DF67,0,0,0,0,1,2,2.0,1
1ACAC4771911714CEDD62E7EDF5BF571,0,0,0,0,1,2,1.3333333333333333,3
311E155131CE4C20F76DCA23B099F5D6,0,0,0,0,1,1,1.0,1
0446047E1CBC30103DCE10B279E67314,0,0,0,0,1,2,2.0,1
1F1D0D9BD59418D53F2841531E0E12C6,1,0,0,0,1,1,1.0,1
D0A20D438A000272E4FCD14B7320605F,0,2,0,0,1,2,0.8,5
7716B74F6B26C86BC15789FD709AA9C3,24,2,0,0,1,1,0.5,2
83FB7D43B1E7E7F56B667667163A746A,2,1,0,0,1,2,1.5,2
F5822275490E7BF0C269CAED489C8053,0,0,0,0,1,0,0.0,1
FAC23931821B151AD13B4E7B3CA3987B,18,0,0,0,1,4,1.6666666666666665,12
07DB546A94677E3F3203A8C30B9A4F11,1,1,0,0,1,6,1.2857142857142858,14
A6763CBA592E1A2E1364C5072E10F5DD,5,0,0,0,1,2,1.0,2
13D659CA30300222756BA01DBCE9C672,0,0,0,0,1,0,0.0,1
C3F82F03ABA28391F6520BFB952535EB,0,0,0,0,1,0,0.0,1
44386D9242DC9705DAFE219EC2C114F5,10,0,0,0,1,4,1.2307692307692308,26
B15282DB02B212BED10AEA25F793A127,0,0,0,0,1,2,1.0,2
91371DA7FC2B7748FC601BF8D8A1B7EC,7,1,0,0,1,6,2.0,9
747BD8FD4FFEEDDD150F5C0037BEC457,1,1,0,0,1,1,1.0,1
6289D50C1D2EF15AAE6047FF6909DA6F,6,2,0,0,1,1,1.0,1
76DAA41DEAAA63479A9678E31B05A24B,3,0,0,0,1,1,1.0,1
55EEC95A163C7791E528B12D5FA32CA9,5,0,0,0,1,2,2.0,1
E34E6316A764086F0FA07ED08BE3C63A,0,0,0,0,1,3,3.0,1
772BE0DF11278EF7C1138BB734545A39,0,0,0,0,1,5,5.0,1
2A0B0B6E66259E8CBCD4161F456967A7,13,0,0,0,1,4,1.2307692307692308,13
456B457D2169620D21A1EB3E57376B86,4,0,0,0,1,0,0.0,2
A664DB1B025031522F846662077136EE,2,1,0,0,1,1,0.3333333333333333,3
D4E7D53D818D952D21D3181CEA6BC289,1,0,0,0,1,1,1.0,2
EA35A345F55B2FC5D6BBD07C0CEBE680,13,0,0,0,1,5,1.3939393939393945,33
257960974D931E2AEAE8B37199E8BB23,0,0,0,0,1,3,3.0,1
23DB0DD049B22BF58416ED936D8EF270,1,0,0,0,1,1,0.2,5
E2C8A7A954DF55D2B02CF3DC543DA1A9,0,0,0,0,1,1,1.0,1
B2F9BBDD8C7ED6F86ADA0544B032948A,0,0,0,0,1,1,0.3333333333333333,3
2B6350A30691F545D6672B30E97BD5AB,3,1,0,0,1,3,1.5,2
44DC05910BF1FE7AD66FE4A58E497736,1,2,0,0,1,2,0.5,4
3B5957AAED820EDC97724698CD3FE578,2,0,0,0,1,4,1.7000000000000004,10
52794A6EF1C540415B50F6F323BBA474,1,0,0,0,1,2,1.3333333333333333,6
A1980A25DCB704ACF3B83BDA21673A9D,0,0,0,0,1,3,2.0,2
1902BB4F5DE02DCCBE4C023121E13C3C,0,0,0,0,1,2,2.0,1
E0664E9E7883956A6E3084FD68AA274B,22,0,0,0,1,5,1.3823529411764706,34
43B9E5915CF39E53BAF74E0B6C201BE1,14,2,0,0,1,1,0.3333333333333333,3
4ABFD2281F974B00B844E8F97B2E6D38,0,0,0,0,1,3,2.5,4
2A3FF7DCBE1E66EAF03A1057BCF5FA09,0,0,0,0,1,0,0.0,1
CCF12E0E5BAC8F34819F79B3BCE01EEF,0,0,0,0,1,0,0.0,1
899C748403903FE0ECBD0CCA5E56D0D3,4,1,0,0,1,7,4.0,3
7EEE599EFC8A64702EFEE32EE92102BA,0,0,0,0,1,3,3.0,1
FB9CB8021C186ACCE6B29AE396C98BB0,1,0,0,0,1,2,2.0,1
ECA87E8511F68823DC9F75FE95CA38FA,60,1,0,0,1,1,1.0,1
DEE7033B1C0B4C860BC27DECE7DE5A57,1,0,0,0,1,0,0.0,1
3ED9779C37E79D2ADFAEEE69DB2C3AAE,3,0,0,0,1,2,1.6666666666666667,3
EFCD78BE709C3714705069E098AA0591,0,0,0,0,1,5,5.0,1
437FE090C7AA28D0BFB5CA5455A7A63F,0,0,0,0,1,2,1.2,5
D75C590B673578EE7FB81015566A1081,0,0,0,0,1,0,0.0,1
0F9FA601689A8E3B9A218B35CDB6C219,0,0,0,0,1,0,0.0,1
057E99F32357346B16DF4AF17B0B3A1B,0,0,0,0,1,2,2.0,1
F84549673CED44D4809888E277BA64FA,2,0,0,0,1,1,1.0,1
3F0B0586EEB7019D8883B832AC73B921,0,0,0,0,1,3,3.0,2
95880FB9458E0EBC77E6E76AA6F93C77,0,0,0,0,1,0,0.0,1
735123CE7AF980AD5B43F31CAF2890A0,3,0,0,0,1,4,2.4,5
D031112AF5E886F8CB7B5D88C2A6EB2A,1,0,0,0,1,0,0.0,1
A1927ED722EA16A3B82E7EE0FA22FF4F,1,0,0,0,1,2,0.8,5
CCF21A11C5F30A2F7787A0DD822F9126,4,3,0,0,1,0,0.0,1
21CE5B5B5AEC049C3D4CDA89C18B270F,0,1,0,0,1,6,4.2,5
6C015487A355FF3EC4AEFB80F8DF6457,0,1,0,0,1,4,1.8,5
383B0A28DC5E19F0B9014C8D89F36F1C,1,1,0,0,1,0,0.0,1
039E07F8DF825DEE56F4301208D7F758,1,0,0,0,1,2,2.0,1
97D1085BDACB4679C721EBF8471882D5,0,0,0,0,1,1,1.0,1
DC950665E9B6321D02D2929968A61339,2,0,0,0,1,3,3.0,1
C78B719086D5C386E072A891285D8933,1,1,0,0,1,1,1.0,1
54D2AF3BAD2CA938D3C47826DCDD5270,6,5,0,0,1,3,1.75,4
5DAD69BB86295E7F73CC8EAA4BFD473A,1,0,0,0,1,0,0.0,1
46CB33F73BBC111123336C708BC138ED,1,0,0,0,1,3,1.6666666666666667,3
429A2F6CB3AD71581AEFE238BB15F924,3,0,0,0,1,2,2.0,1
2CFE1938C85F9958F23E38043DCC5AC5,12,0,0,0,1,3,0.7333333333333333,15
C2A349F3215B69A393065B48AFF02069,5,0,0,0,1,2,1.3333333333333333,9
EC1F48598F455510907BDDB17BB19043,0,0,0,0,1,1,1.0,1
D69EBD56ECD257924A112BA6FDB75D27,0,1,0,0,1,4,1.75,4
014777C323CE549D3208E117F475A388,7,0,0,0,1,5,1.7857142857142858,14
46A9EAE235915B94D92A07A4E592D206,7,0,0,0,1,3,1.625,8
0A9710D5EF9520ED2030965DE41E7436,0,0,0,0,1,1,0.5,2
CD28ADCE6DED1ECBEDBD819AF610A5B4,0,0,0,0,1,0,0.0,1
08A1668F786A08C724B1F99689AAF716,1,0,0,0,1,4,2.111111111111111,9
F0619961A63F29C944C992FE94E0CE10,0,0,0,0,1,3,3.0,1
6970BC368AB96777D142D3476BC8E125,0,1,0,0,1,3,2.5,2
977C7813C0DE5EB1BB6FB362DF190D99,6,7,0,0,1,1,0.5,2
FFF70F21DA7467B717EE2313FAE75A78,0,2,0,0,1,2,1.3333333333333333,3
A01C730D1D83166AFC778B6BD0E41195,0,0,0,0,1,3,2.25,4
CB71294722571C0DA04ABCCD3584D301,0,0,0,0,1,0,0.0,1
5F9F442C54555F383AB3505ACFE38693,0,0,0,0,1,0,0.0,1
FE13C993ED5D17C20766CEF36A0A2B93,1,1,0,0,1,4,2.166666666666667,6
1794B99615BC9B95769150FEF2D44CD5,2,0,0,0,1,5,1.7142857142857144,14
27FAC926A196086540A33D26831E5D18,0,1,0,0,1,1,0.5,2
4226106FE1985F6A51A3E8A923FA3A43,0,1,0,0,1,3,3.0,1
27951B102A564E3FF875726564A141FF,22,22,0,0,1,1,1.0,1
B64279F61021D77322FA4ABCC4E32B05,0,1,0,0,1,3,3.0,1
D76F01A8777D4780F2AE6F9A1F097F29,10,4,0,0,1,1,0.5,2
CE89066E59423713F07FEA2BE01CDF6D,2,0,0,0,1,3,0.75,4
5A66D37810D3026EFFFE4746F9BF8E8A,0,0,0,0,1,0,0.0,1
8E0579932FC99C07F8F5ABBFBDD4E81C,0,0,0,0,1,0,0.0,1
233FF74810AE939940AA445ABC54BC9C,0,0,0,0,1,4,2.0,2
891646F131CE2CCADB5D6676A104CB9D,1,0,0,0,1,2,2.0,1
58870D4568AC2C4018EEFB6DC4C482B1,2,0,0,0,1,5,2.75,8
63298E98F815474E6FBF26D341A1F741,3,4,0,0,1,7,2.0476190476190474,21
679B4D02880718EBD462BC9F221810C5,36,0,0,0,1,5,1.4375000000000002,16
DC8F11F217104C5DD43E99C36899D17A,4,5,0,0,1,4,1.75,16
ED5AD47079159F51DFA5ECBD296B4F02,0,0,0,0,1,2,1.0,2
0369D49295124D6FD820D277DD8DF975,4,0,0,0,1,0,0.0,1
0500B8492DF77FB55F9F87385A552EC3,3,0,0,0,1,2,2.0,1
23492C247323295946E3B51C8BA56D89,1,0,0,0,1,3,3.0,2
8A1F255061DE6AFBDE0F9FE5226DCACA,2,0,0,0,1,1,0.3333333333333333,9
664BCB94AE1B25383DE0657A4D6AAF23,8,0,0,0,1,2,1.0,3
58C6D0F97EFCE6E172B78C8C16C1FDF7,1,0,0,0,1,6,3.4,5
B1919D7357500BEFE30210104285D7C4,0,2,0,0,1,3,2.0,2
41AAFFBA4CA933C9C7972C99108293DB,0,1,0,0,1,6,1.6842105263157892,19
C4E5C52AE26E9B3FB89B260C983DE73C,0,0,0,0,1,2,2.0,1
7A8D7EECED370EF0A4798839489AB559,0,0,0,0,1,4,2.166666666666667,6
7B595C82470B0329B8665E2C285C022B,2,0,0,0,1,3,1.0,3
980510AE217B8589BF902C8EC914B4F3,1,0,0,0,1,4,4.0,1
79D9329B7A6FAC4662CCA563CEA8BDF9,4,0,0,0,1,1,0.5,2
A4A678B41869B29792786806B568923E,29,0,0,0,1,4,1.8666666666666663,15
93EE70E6CE2D6B6F9414A4355A4BADA6,2,2,0,0,1,1,0.5,2
E4C074EBC3729FB45CFA48D9F6EA4DFD,0,0,0,0,1,4,4.0,1
E43D3AB2F9B9055C29373523FAF9DB9B,3,0,0,0,1,5,1.9230769230769238,52
BEF227E6B27B4FE07D5AA2754D1251A8,0,0,0,0,1,0,0.0,1
B7706BCDE12360F565E9F5DB0A5256D8,1,0,0,0,1,3,1.6666666666666667,3
CEBD783B8F2E96E9F3B9424D4FB130E7,0,0,0,0,1,0,0.0,1
EF7772819E807EDBD8DB0F0B5210030E,21,19,0,0,1,3,1.6,5
210C3692734E251EEF4E952BC57DD998,0,0,0,0,1,2,1.0,2
827848D9C0FD18D44110098CEC982CDE,4,2,0,0,1,1,1.0,2
B62A4B32ECE916D420C3CD1EC10D5591,4,0,0,0,1,0,0.0,1
84BEB65E6F5A476DF03211ECCC2EA76B,0,0,0,0,1,4,4.0,1
3652784B7A0A13B4DBD91A10CCB72FA5,0,0,0,0,1,3,3.0,1
4C0715314B36AC2BD78244665D620CE2,0,2,0,0,1,1,1.0,2
9FEB9C601D03E2A1EFE433C74FF83D77,0,0,0,0,1,2,2.0,1
8E3977FA3C748DF0C781816812440BB4,0,0,0,0,1,1,0.5,2
C603015EA76B2693E53DDC418F2834D0,0,0,0,0,1,5,1.5,6
6531C074EA6897B52557F141AB2FD77A,0,0,0,0,1,1,0.3333333333333333,3
5EE25C0152D652C798FC4C96B48D02F5,0,0,0,0,1,0,0.0,1
03C225A0AF05058C60D6CE360D51ACBF,1,0,0,0,1,0,0.0,1
B100E7D54CE769CF55AC6949A18EC4CE,12,20,0,0,1,4,1.727272727272727,11
FC4888091ED663FDCFAA0790470AA17C,3,2,0,0,1,4,3.0,2
3B4F8D8584100C1D66809A06266DE7FC,3,0,0,0,1,4,4.0,1
E148FF5DEE37872C82CE93425C345FA5,0,0,0,0,1,3,3.0,1
233E53BB59E58D20163E84557044105B,0,1,0,0,1,2,2.0,1
C3751E5C501D7C729C8F3B49F20FB710,4,15,0,0,1,6,1.652173913043478,23
F2B9DDC09F8E66CB8B74B8444ED1BEAA,0,0,0,0,1,3,2.0,3
C1DA2C19EF2C12D7D89EC093A0C73A25,0,1,0,0,1,3,3.0,1
3AB35B63FEB364177B2F964F320AED31,2,1,0,0,1,3,3.0,1
CDA33DB1B7F7201AEE8A606AF63C62D9,0,0,0,0,1,0,0.0,1
B5E238C3FA797CAE5488C77E51056C3E,2,0,0,0,1,5,1.5,6
AAFED5F094F11013C4337E49CE0136B1,0,0,0,0,1,0,0.0,1
B087A865A90AD52D1864A36482983BD2,0,0,0,0,1,0,0.0,1
D30431EE9683DA4AD3EB2AE44109A735,3,0,0,0,1,0,0.0,3
7177907C1E492D178BAB61997705665F,1,0,0,0,1,0,0.0,1
6E2CE131E60D8C3D91C16CE43EFC0347,0,2,0,0,1,1,1.0,2
D1D63C0846350CDA590027902A16C9A2,0,0,0,0,1,4,1.4375,16
B529E84EE03C578C7E92CE5836AB1C1D,1,0,0,0,1,4,2.0,3
CEB48283503B072B2818425F8BE0AF42,2,0,0,0,1,0,0.0,1
A138518B72302EF8BA23705405ED71E3,0,0,0,0,1,1,0.5,2
D7C867B7C15CF185724F213203BD2225,0,0,0,0,1,2,2.0,1
A691A1AF637F7F3E01D7431A83602F16,0,0,0,0,1,1,1.0,1
BCF05B5851AFA0BF97611B6E338E1C5B,1,1,0,0,1,1,1.0,1
92491FECA4D099012E33D0E26C25F2A0,1,0,0,0,1,5,2.388888888888889,18
969928EC33029CB2E91CE4B9BA96728D,1,0,0,0,1,0,0.0,2
3C4B97146D3B1103E0011BF8242DACD1,4,0,0,0,1,3,1.6,5
788FC8E1CA92354AF07C1FD616A01EFE,0,0,0,0,1,3,1.0,4
82FF538DCF5A5CF8CAA11CB8DFA34D69,0,0,0,0,1,4,4.0,1
3DF08D46BC639F66D511F49EB3E89182,0,0,0,0,1,3,0.75,4
162FB35985BE1F9CA4BDDC1E5E6CA795,6,0,0,0,1,0,0.0,1
207C5C68C4B218072BE9446F51152935,0,0,0,0,1,2,2.0,1
111E5B495CD388C6C13DC390B7C40958,0,0,0,0,1,0,0.0,1
6B4573369C1187835160D138C14DE0CB,0,0,0,0,1,4,1.8461538461538463,13
8A9C96C01C108E4A17F108C59388C90B,0,0,0,0,1,0,0.0,1
6961EA57084F1CC24DA8B618D1E2E52E,2,0,0,0,1,1,0.5,2
FAF0E5037D57D0B00289028A6C63A855,4,2,0,0,1,0,0.0,2
81BE0424E5934B12B68970FACB3FAAFC,0,0,0,0,1,1,1.0,1
39AE34F91B29542A8F0488F5B787B70F,0,0,0,0,1,3,3.0,1
831DD81B71002E6ABE128496A7BC1320,2,0,0,0,1,1,0.5,2
561FB17EFB1B3841C0A6D047FF14D6E4,11,0,0,0,1,4,2.0,2
C09F04828B07E4DFEF39DA5C4A976A90,0,0,0,0,1,3,2.3333333333333335,3
D68584E477FF797DB1700D14F96669AF,6,1,0,0,1,3,1.25,4
1C2A732CC30E0D7FE298E9497F818CEE,1,0,0,0,1,5,1.5365853658536586,41
A8F327F313C9448DFD5DE108DAE66100,37,0,0,0,1,6,1.4064171122994653,187
DD0FAA3477EA1AE3748CCF2D20E153BD,2,1,0,0,1,4,1.9999999999999998,4
2491D5707A7B6717AEA3C30F3C01578F,0,0,0,0,1,2,2.0,1
1E724D18623D7DB4A238C3601E0D35A4,2,0,0,0,1,7,2.8333333333333335,6
C8DE91AC58D46EF20DEB7F44F99CE4FD,0,0,0,0,1,5,5.0,1
CC81C3C01DE545318860C5BFDC6AD31E,6,0,0,0,1,3,1.5,4
4CC7B06FC12175C31ECBE1987A48DEA3,0,0,0,0,1,3,2.0,6
934A101CA7B97944D05E0FC2ED3E203D,1,0,0,0,1,3,1.4,5
A8A5B89EB40A5C7DA68E8079593ED56B,4,1,0,0,1,4,1.4137931034482758,29
1C5754C8BB441352F6841BBAC0CAAF41,3,0,0,0,1,4,2.2500000000000004,12
EB96D4E588761A891B492920DB8CDC25,0,0,0,0,1,1,1.0,1
C8859B7C8D60558E642617CFDACEFB80,1,0,0,0,1,3,3.0,1
A42B28CD937A804C96E6EF60A973A3D4,0,0,0,0,1,4,4.0,1
D4F52F2C7C2482724A6FCCF02E1AF71D,1,0,0,0,1,3,1.28125,32
D4C8E3E0EFC45C3D60AB3F0F305489AF,8,0,0,0,1,4,1.375,24
B29E5875DEFE1E68C9F885A278235FE4,0,0,0,0,1,2,1.0,3
5D95D9D0394F96345D76103AF150F330,1,0,0,0,1,0,0.0,1
86F2AD543A8635F04CE868F229129529,0,0,0,0,1,3,2.0,2
186F51E5AACB37852E3650E7027E33B1,0,4,0,0,1,4,2.25,4
97759BD40B954E54A62EF85F077658BF,6,0,0,0,1,5,0.9565217391304348,23
12158845DAB88DD2D8E951C24EF9CFF2,1,1,0,0,1,1,1.0,1
0C8B96426B5C39DCF5FC7B033270434A,0,0,0,0,1,5,2.6666666666666665,3
A79BE7C6C94211EC1A31840A360F3530,0,0,0,0,1,0,0.0,1
45D23772AD307DFF675092D26F2316B8,0,0,0,0,1,1,1.0,1
A589E514691176EC924A52F389D49A4C,2,0,0,0,1,2,1.0,2
1A5F65A1119361BD57D9E85304B1511A,1,5,0,0,1,4,1.2666666666666668,15
845BEA80B8E35F25595BE64C3FB9B188,1,0,0,0,1,3,3.0,1
E938511D924534C4A7452370495BD1D4,1,0,0,0,1,2,2.0,1
13060A2CAD064666DA59EFF40E689879,0,0,0,0,1,4,4.0,1
CA9657E7B506694FA06C3FAEF99D9EEA,0,0,0,0,1,4,2.0,5
8375B114AFAD8A31DE54283525108F75,36,0,0,0,1,7,1.9130434782608692,69
94099563C71C699CCCEDC3EC2178DAD0,0,0,0,0,1,4,2.75,4
9D14184754E84D38F3D87E8B439DB052,0,0,0,0,1,0,0.0,1
B79F414B574CB7F894FE7236A1465837,0,1,0,0,1,2,2.0,1
1DF3029854CC8787F3EC5A2A9B21334C,5,0,0,0,1,4,1.2,10
455A059D272F86B492CF87D2B0F40E27,2,0,0,0,1,3,1.75,4
EF7F9D6503F341A7C75E84887C5F6296,0,0,0,0,1,0,0.0,1
6CC0578A772B877C23E449B756B91BCF,12,0,0,0,1,3,1.0,3
2F70886252B34EEB92E1C254173343FA,1,0,0,0,1,4,1.6666666666666667,3
2AF28461D35A78CEB9095B9875F5A1C9,1,0,0,0,1,0,0.0,1
9D0BEA5F3F150491A029D0B118B4AD94,0,0,0,0,1,0,0.0,1
BFA60697FE1E92D2D6BD8CCCED331A6D,0,0,0,0,1,3,1.6666666666666667,3
165A1BCDECE315CF1C091E3CB5082E26,0,0,0,0,1,6,2.066666666666667,15
9E0D5B1B5CE13E3AE469E07895FC67A5,1,0,0,0,1,0,0.0,1
F0AC931DD49207C2ABADA1AE09FC27EC,7,0,0,0,1,0,0.0,1
940DA8879BB594A5E154B6B0FBA323C4,0,0,0,0,1,3,1.0,4
F32D308B369814D18336A1ED6AF040E8,2,1,0,0,1,4,1.1428571428571428,14
E32C5EC859FF546CC1B8E3EEEA1046C9,4,4,0,0,1,0,0.0,1
BA4D069A32F2056DEFF0C0E8C0EA3EB2,1,0,0,0,1,0,0.0,1
5919DB016D9B0E2DF7E5E2B035B5E4CE,3,2,0,0,1,0,0.0,1
E5D60C734EF5707FD6AE0E1EF2455641,10,6,0,0,1,2,0.5555555555555556,18
684E4F0A0FB90D2ACE822964B447911A,0,0,0,0,1,2,2.0,1
32B22961BB7001FDE867BA829817388A,1,0,0,0,1,1,1.0,2
0B1A026DF1EE470C33B79A79EBEC965C,1,1,0,0,1,2,2.0,1
4B27C4636A0111A0F6420F86D7FB3F54,7,0,0,0,1,3,1.5,6
C3507356CA2E2BD690B61C3E7257EEB3,4,0,0,0,1,0,0.0,1
60ACC539CFC3DB94C60921D5572C3A4D,1,0,0,0,1,5,2.142857142857143,7
3A2B5A9E433B9D46DC5879DCFC6246F1,7,0,0,0,1,1,1.0,1
3A2180BCAA45AB7675057130B18F8522,0,0,0,0,1,4,4.0,2
1B77FB1C92556A6ABC77D8A7B12CC2BE,0,0,0,0,1,1,0.5,2
5E0F6BC2CAF81114DB5F3FA425E41155,0,0,0,0,1,0,0.0,1
6469F635FAF09649D3FDCA6E8955FDFB,2,0,0,0,1,4,1.393939393939394,33
8A36D1D846123090C677E3E184B30614,5,4,0,0,1,2,1.0,4
2E5A753B9B9C879F22EE99213D8D22E8,4,0,0,0,1,4,2.0,13
4C3508B08DAE502EABB8ED35E2F46B80,0,0,0,0,1,4,2.0,6
14A1B4FCC57E0BAD032F0213A4BF8D78,1,0,0,0,1,1,1.0,1
9842E27FE3DF102CAC1B954D1D12B02C,0,0,0,0,1,0,0.0,1
426DCE5BE2FF9B12B8981D18DE56B87C,3,0,0,0,1,5,3.25,4
079D9DAA2E595693A77D1D2FE36E9004,1,0,0,0,1,0,0.0,1
06232C7742C77A60F6D378A633794691,0,1,0,0,1,0,0.0,2
13973DDE67C97A247BD21751100719A6,0,0,0,0,1,9,2.238095238095238,21
3E8E8958630E52B2D299D0F51576DE71,3,0,0,0,1,3,3.0,1
0AF862AFEB5358EBFDA7AFE3AC908844,0,0,0,0,1,5,2.083333333333333,12
0129188FE90E57C0A94813F1919AB27D,0,0,0,0,1,4,4.0,1
41384915EE7213010F8F666D062848C2,0,0,0,0,1,5,2.5,2
76912C494AAAED9ECF41D8955D61A611,26,0,0,0,1,5,1.4666666666666666,30
278F45BFDAAC6EA9CED0999482E5C93E,60,0,0,0,1,5,1.5061728395061726,81
1235BA39F8C700F0529EC1A33470BF0C,2,3,0,0,1,3,2.6666666666666665,3
0DE739456A348791EA4E586BEA319E4C,0,0,0,0,1,1,1.0,2
3BC9F810C2F518451CA5AC7C555D01EC,3,0,0,0,1,5,4.5,2
5B1254457FF2566750FA7789A4880BB7,1,0,0,0,1,3,1.6,5
09FCF0FC0E0F04B3DD8DFE96DA57DDF6,11,0,0,0,1,1,0.5,2
6EECFF551B4182A6E481B113CD8D5407,0,0,0,0,1,2,2.0,1
993B47A8FA94699ACDED39E98969C746,1,0,0,0,1,3,3.0,1
026A3B2474E5012DE1D5B0C6BE6B5107,0,0,0,0,1,4,2.5,2
0C727FE34B5653A78D2F9935174D588B,0,0,0,0,1,3,1.5,2
13AC12EF4C6A0EAF72795F720752AD98,22,1,0,0,1,5,1.4814814814814818,54
B16BFD535B0F9E011C6941BD1792881E,0,0,0,0,1,2,1.0,2
F6990003CD319DAE75CBFD590BA40CA9,0,0,0,0,1,5,1.4,15
DB70ED4E98B87DF126354C5D229265A0,2,1,0,0,1,3,1.6666666666666665,3
1269348DBAD4C30428A3CEA050AEA50E,0,0,0,0,1,0,0.0,1
BD9757EB4D43B182918CCA3C6042F52C,42,0,0,0,1,6,1.3846153846153846,39
1C9FE11104D8B61FADD4BC502B7B593B,2,2,0,0,1,0,0.0,1
B496AA5D6527CB529B76AE577207C8B1,39,20,0,0,1,4,0.9666666666666667,30
669A7F5B42DA742CA6BD9734ADEF09D4,8,1,0,0,1,5,1.4649122807017547,114
ECB382E28925842EF3E5285ACCEF9A57,1,6,0,0,1,4,2.875,8
9A2BB361858C8E33528890C8B747D335,0,0,0,0,1,1,1.0,1
2D9E9565AA343265EE7DB190F26379E6,4,0,0,0,1,2,0.75,4
68C75F5F97C185D05FBBF56D9522FFB0,0,0,0,0,1,3,1.6666666666666665,3
3E8531411BC635C642BB90FF7107C775,1,0,0,0,1,4,2.0,4
28546ED0BC464F5EB7C57BADD3027F25,1,0,0,0,1,4,1.4,5
34334A1F76389248AC7BE8891F8AF736,4,1,0,0,1,1,1.0,1
7828669F8CF78F49123282361488CF7C,0,0,0,0,1,1,1.0,1
87ECA0A89E5B2C7FAB151C679FE02182,0,0,0,0,1,0,0.0,1
5E758EFFA13F053081A31C64FB118214,0,0,0,0,1,2,1.0,2
2C99E7BA710F67E35D06CDC12FFE64AE,15,0,0,0,1,6,1.4500000000000002,20
4C60EB371CDB917C76F332EBAA8611C7,1,0,0,0,1,4,1.2857142857142856,7
46C897F59E6B7886CE1DD609DDC5297D,0,0,0,0,1,0,0.0,1
7A85F2041ECC509DEDAD05C9C09125FA,33,0,0,0,1,3,1.0,10
3F4C49B7D999DB0D286AA09BED5C04A9,1,0,0,0,1,3,3.0,1
A6522F1A3180B75F091CEB712356A375,1,0,0,0,1,2,2.0,1
37CAF54F757BC7EF0688398DEB6FB328,2,0,0,0,1,2,2.0,1
D8B8615DDE319FEBE0A2AC1364E2C2EC,1,0,0,0,1,4,2.333333333333333,3
85C5E1C84D968BDD727B8CDC2E24AAC3,0,0,0,0,1,0,0.0,1
561CF07F343E4FE1040459488BA6DD9A,3,0,0,0,1,0,0.0,1
817C3E590030EB56A11A38D56919B6C5,0,0,0,0,1,1,1.0,1
73F4404458C858BFF846E7235C7E8A74,9,0,0,0,1,2,1.0,4
9635236AF20F767026F4974060D2F680,0,0,0,0,1,0,0.0,1
E16960AF0F3701961C14898971B1997B,6,0,0,0,1,2,1.5,2
8F41FC08B49819D339D864572A1CA136,17,0,0,0,1,4,1.4705882352941178,17
4B05667C4794897FE8CC564021D796A5,0,0,0,0,1,3,3.0,1
CA32B18D8B197F1AB011B3115A6CC22D,2,0,0,0,1,1,1.0,1
1A0CA12EB7595B623F00DBFA2700EEB2,4,0,0,0,1,0,0.0,1
E895B3E36F911B1ADA1C93A648487F75,0,0,0,0,1,1,0.5,2
434DA60668D8413F52BE56AC58F10EE7,0,0,0,0,1,3,3.0,1
BF9484989EA43B0C4E88F4434CD2FC86,0,0,0,0,1,3,3.0,1
2BB1C46E7BC72893130A3F8D3FB9E9F4,3,0,0,0,1,3,1.3333333333333333,3
1386E5CC85E430BBC566EC1019DC3C32,79,59,0,0,1,7,1.3125,176
4D97C9503EB24A495AED1C0163E3237C,0,0,0,0,1,2,2.0,1
62402042F391117D481A9A618E54F84A,2,2,0,0,1,6,2.0,6
D50D60807F5347EB64EF0CD5A3D4C4CD,4,1,0,0,1,6,1.9166666666666665,12
456658D26CF1B27D2E9A6E8D96B3F32A,0,2,0,0,1,4,3.0,3
BD76FA48CAC77875E95CCF0E142E4353,11,4,0,0,1,1,0.6666666666666666,3
ED0AF1301B6404476B420A990B98ABD7,37,0,0,0,1,5,1.594827586206897,116
16E24EC3451DF08E9D323A3825FC7804,0,1,0,0,1,2,1.0,2
DB836EF3FD49715FF6C1A62E5C445EC2,0,0,0,0,1,4,2.333333333333333,3
260D4764BEA9F62CAE0849A1AAD16741,0,0,0,0,1,3,1.0,3
5D61E6AC342F01CDCAF3A20B02426C70,8,0,0,0,1,0,0.0,2
E7E12265425525C09F206D8D9FF69EF8,1,1,0,0,1,3,1.0,6
76DD93B1D905943C7B8889209E655488,0,0,0,0,1,1,0.5,2
C35834AD4FEC33E867DEA9F9B7C56EFB,0,0,0,0,1,3,3.0,1
54827B02505D08E40E29E608008431B4,3,0,0,0,1,2,2.0,1
06620D97BAC22D30DDE66F80BC5E7EA3,1,2,0,0,1,0,0.0,1
FAB66F3229CC381629D6C426F9171D24,2,0,0,0,1,0,0.0,1
B0302B4E64353E6FE773915E391FB897,0,0,0,0,1,5,2.5,4
B29745B420435984A30B6601B74648E5,10,0,0,0,1,3,1.153846153846154,13
8B404ABBCDCF859DB2E5ABE00B482621,1,0,0,0,1,3,2.5,4
43A3EE69D1AE08288CC4257A3DE0CD3C,0,0,0,0,1,1,1.0,2
F255783CD2D61DEACA4CC9E791E9CEC0,2,0,0,0,1,0,0.0,4
1BA1EBADB21847CD6EF97962F90B9B3B,0,0,0,0,1,1,0.5,2
1C7E72E80416273A0C8795D758A4737C,0,0,0,0,1,4,4.0,1
0724A88C106D372E33A95B3BE7FB9C51,0,0,0,0,1,2,2.0,1
A76E7AD617E94F560805BEAE0C2A33E6,1,1,0,0,1,5,5.0,1
2F46A6C4967D78CE3DE5C045D100BF24,3,0,0,0,1,0,0.0,1
2B26592BCDA787B355255964349FB061,2,0,0,0,1,0,0.0,2
56F6782A434125E52766881B3A9FCC7C,8,0,0,0,1,2,0.45454545454545453,11
BD89EE4DFD5C2DA5E18A67F615D62A59,1,0,0,0,1,4,2.0,2
512B15BD20611092FEA7BF165B6F8A08,1,0,0,0,1,0,0.0,1
2570B6BBED4A0580DF3950E6D71567DD,1,0,0,0,1,1,0.33333333333333337,3
A86DE18617049E3EB0FD59391B187355,5,0,0,0,1,0,0.0,1
CC6EF025B3387947F542B38158F22DE5,1,0,0,0,1,0,0.0,1
C946EF867B438B5F4ADB379D6EE0D57D,0,0,0,0,1,2,2.0,1
D27E632BC3D89CB6F92CE16F74CDAF3C,1,0,0,0,1,2,2.0,2
674596D11BCD454EDAD5BA5F519C2D83,0,0,0,0,1,0,0.0,1
2C5D01AFC06648C3E53351BEB37797E2,5,1,0,0,1,6,2.166666666666667,6
14C7B09208FB639F867F05DEFB6B988B,4,0,0,0,1,3,1.0,3
FD239DEE719F5BDDF4BC9381C6B84220,0,0,0,0,1,6,3.3333333333333335,9
6765178B5656222A7A81488977E68DCD,0,0,0,0,1,3,2.0,2
71770AF53DC5204BBCE3B7DB7EB9CDAC,0,0,0,0,1,2,1.0,2
83E66F1BEAC2F5ACD6ADC1DC56CD1EFD,1,0,0,0,1,0,0.0,1
78156344BA7E9E624D9228E8B4BC406B,0,1,0,0,1,0,0.0,1
5E31C67EB950831136927168CED00A69,2,0,0,0,1,0,0.0,2
95895C58CF160A9B37C75E2E8C7D43B3,6,0,0,0,1,2,1.0,3
357C6FA6170499AAC6FDC8A171A67C10,0,0,0,0,1,5,5.0,1
103817E1A95E6D1C99C60099220EAE6B,8,0,0,0,1,3,3.0,1
8AD0667F5E1906ED7F2171477EA1CCF6,0,1,0,0,1,2,1.0,4
628BD84E54E44DD7E79A60FB9102A985,2,1,0,0,1,0,0.0,1
5A329C088FCD2F024968581AB06AABBB,0,1,0,0,1,2,1.0,2
E41F819718B0E2C49D347493BFACA027,0,0,0,0,1,0,0.0,1
1E6348F7A97962E7EAA87C7FF638569F,1,1,0,0,1,2,1.6666666666666667,3
7BF597A11650FE351760281648C7A3F8,0,2,0,0,1,6,3.5,2
BF15C35350E21D5364B16948E57D25BD,0,0,0,0,1,3,3.0,2
3297C2299C605AF432D58338E8605876,4,0,0,0,1,3,2.0000000000000004,7
622D8009B18A1F37F93FA87BB8CBB0B5,0,0,0,0,1,1,1.0,1
1043C28A3DC504006CC45ADE96B95A96,0,0,0,0,1,0,0.0,1
A458DC3A0224487EE55D2A25F7C08E80,0,0,0,0,1,3,1.8,5
EBE661044C1949546986A852F35083A1,0,0,0,0,1,1,1.0,1
00D49153E0790E34D76523EEBEF459B2,5,1,0,0,1,2,2.0,1
4965FA5C2DC955BF49BD33BDB25EC127,5,4,0,0,1,2,0.2857142857142857,7
E6A59786740CDD5A7C385CB274654163,0,0,0,0,1,1,1.0,1
01049F67B5E5D233A627A968918ECD42,0,0,0,0,1,2,1.5,2
51B130949FD7983F1CF48C592B84ED1F,1,1,0,0,1,0,0.0,1
193D4BFCCCDED344EE4C2A2809BF685F,0,0,0,0,1,3,0.8,5
75A8BBF5A6592C70AF32878FEC19C401,5,0,0,0,1,1,1.0,1
313AE0F9B2F9E0927B8B74CF1D99720C,0,0,0,0,1,2,2.0,1
1B215ABE590D61009E7030CB7A74441A,1,1,0,0,1,2,1.25,4
94080C62083364718A968A2C2153C437,1,2,0,0,1,1,0.5,2
76839E76A80395289D9594044DBBF174,0,0,0,0,1,3,1.6666666666666665,3
58F1D3732E0E22B3D0491F96D0A63216,1,0,0,0,1,1,0.5,2
06E0067018E618AA31E60BB0F81B50AE,0,0,0,0,1,3,2.0,5
68CC76AC24391E4E93E95B33E0C50824,0,0,0,0,1,1,1.0,1
1264B73E0E5B5ADC238D405E0F8E07D1,1,0,0,0,1,4,3.0,2
9BBF0D5648C29FDCA25EF25F5F459C9A,0,0,0,0,1,0,0.0,1
1CF4635F6034EB147F361912D5F73268,1,2,0,0,1,3,1.6666666666666667,6
6DD9297B0E2084FD8EDC290AF65B7CB0,0,0,0,0,1,1,1.0,1
BAF65BC3AA02395D12D8A6ABF85B8007,0,1,0,0,1,3,2.0,3
DEB9F6F2742B9E73CDA222EBFA882DCB,0,0,0,0,1,2,2.0,1
E9534DAE1CD58D5F77C6308914A68D4D,0,0,0,0,1,9,9.0,1
BA20B7F219559193E7FF0E8A5C9B6A29,3,0,0,0,1,1,0.33333333333333337,3
EFFF54A1FEB4609E5E868DA5D73C34CC,1,0,0,0,1,5,3.0,2
4CB914DCBC845665FB12108A0FEEEBF7,0,1,0,0,1,0,0.0,1
C330D01BC4991F111CA0F4C72A2F52BC,0,1,0,0,1,4,2.3333333333333335,3
20351BCA452CD7AD883B0CEA63A99CED,0,0,0,0,1,1,1.0,1
13FD0373A422375367AEB09B571F187F,1,2,0,0,1,3,1.6666666666666665,3
687021C00392645E316DC132236935C9,3,0,0,0,1,1,0.5,2
06FB8A5FB89760E966E25498BDB59CB5,0,0,0,0,1,0,0.0,1
E9FA44E50F6D98C99729308AA14C0BD8,0,0,0,0,1,5,1.888888888888889,9
81E8AAAB3849696EA3540E069B3395C8,9,0,0,0,1,2,2.0,2
FE1AE0BECFED265B61163FCAF4EFF6ED,0,0,0,0,1,3,2.6666666666666665,3
4BC4D6665BE82903367E917BA4CE684C,0,0,0,0,1,2,2.0,1
4CE503AE5B4C4F67A00474CE380CCC39,1,1,0,0,1,0,0.0,1
7548E849537562672CF9C567B9C0EC87,0,0,0,0,1,4,4.0,2
721DA9AA5066A99EC7B7ACAE534ED5D9,4,1,0,0,1,2,1.0,2
9ECE81C526D4A7F85115B8D9C398AFC2,0,0,0,0,1,3,3.0,1
D7D1BA6ED11F3F862998ED8B8DB94249,0,1,0,0,1,3,1.3333333333333333,6
720BE680F69D58BD26EB4381D36F2B6E,0,0,0,0,1,1,1.0,1
0D05EABFC1DA51098487F5C027AB9EAB,2,0,0,0,1,4,1.6,10
1857669A1D474842D10E74B20FDA20CB,1,1,0,0,1,1,1.0,1
882F2F89130E309DF51C1FF173C6AE1F,3,0,0,0,1,3,2.0,2
88EED6A6EFEB31734BEFA3DBEBE32D3A,4,0,0,0,1,2,1.6666666666666667,3
62E3F060815633CC8C48375BC2D5D72A,1,0,0,0,1,4,2.5,2
26D0AA15653C81199105E08096C2E9E8,0,0,0,0,1,4,4.0,1
8A940BE13AD1185EF69989A712DE5DC8,0,0,0,0,1,5,5.0,2
20E6318A74DB55D2953059D9D9C47C68,2,2,0,0,1,0,0.0,1
A1102C7F5C64168869AD4E83CD9EB9EB,0,0,0,0,1,2,2.0,2
C106447E1993066CE6508C2C09460AF9,3,3,0,0,1,3,3.0,1
2E5676237782B1CBE6106C558AB9B639,2,1,0,0,1,3,3.0,1
63E186D163325EF9CA8D3272059D0527,1,0,0,0,1,0,0.0,1
50EA05AC0E3950057E9588AF9B361A0F,2,0,0,0,1,0,0.0,1
346CA8A816ECDF5226D821892E18B502,0,0,0,0,1,1,1.0,2
C77E351A1740BEE7A57B58DC5003A54D,0,0,0,0,1,2,1.2,5
B5D8ACA33A57FF52CFC01C59EBD0E9EC,0,0,0,0,1,0,0.0,1
763F4B6A71F39DB07C9AD1FA41746DE2,18,0,0,0,1,5,1.3125000000000002,16
4109514A07FD2A10C61DA26ED8F826CA,0,0,0,0,1,1,1.0,2
2A54F742901277A2F9848BB0166C3451,1,0,0,0,1,3,2.5,2
16D62BD70AF92911C18DCC5685F1B712,1,0,0,0,1,15,7.5,2
1C155E26EB64645A3D37C21B48603B7F,0,0,0,0,1,2,2.0,2
0E5C7AF3CE1F55C53D363B5F87FC67BC,52,0,0,0,1,5,1.3076923076923077,39
52201D8F9C0D8423DE6A7C7C50E01B8A,1,1,0,0,1,2,1.5,2
6CE5A30C5064331377A1B71E1671DCFC,0,0,0,0,1,6,2.5,28
240330E2483150F5C77DB21FEA37B0A1,0,0,0,0,1,0,0.0,1
8F1879A37D4A45B618D310F69BCFFAEE,1,2,0,0,1,0,0.0,1
5A4C33841266AD150DCD9AB075FCC4B3,0,0,0,0,1,2,2.0,1
5CBFAFD868621BAD73A10507D22105C4,2,0,0,0,1,0,0.0,1
3DF2D70B5C3E5DA6CCE82B37E8275632,1,0,0,0,1,1,0.5,2
AD320B324C199917BF86AAC4F89E23A9,0,0,0,0,1,2,2.0,2
71D48EBE5B5D35AD212FCB07379663E0,15,6,0,0,1,4,1.6666666666666665,9
03E05B9F728257B2F739CF0BB4497166,3,2,0,0,1,3,2.0,2
AFFCE36EB3E93A5383A1407B0CC41E4E,2,0,0,0,1,1,1.0,1
EB2F8494B0AA91D7F0E63077870ED2D2,0,0,0,0,1,4,4.0,1
3D01F29FF62523DD188D5431D714DD82,2,1,0,0,1,3,1.2,5
429A9E9B10C4120ED981C3266AE16DF6,1,1,0,0,1,2,1.0,3
34587F7996F20BE4CC7DDEB96753D110,0,0,0,0,1,0,0.0,1
C02F39C65F36DC7B1877254BE3888EE1,0,1,0,0,1,5,3.3333333333333335,3
438C80479C440F1F7D2F4F3F1AED99C1,0,0,0,0,1,0,0.0,1
056E739B4D312BF4EBB6B7ADA8CF24D3,0,0,0,0,1,2,2.0,2
9BCF204FEB7332261F870DE9EAD57DCC,0,0,0,0,1,4,2.0,2
D42E14385EA632BF749E328A201A3AE8,0,1,0,0,1,2,2.0,1
BC239DDC87EE8CC19354D4A67C92735B,4,10,0,0,1,4,2.1,10
9D1DFD3B46E37390B640CCDEF5B6B022,2,0,0,0,1,3,3.0,1
10ACB5430E0A9A8E2552C40BFA3E6F44,0,0,0,0,1,3,1.0,3
4549717C06BAFE84FB1FFE5DDBD7EB2E,0,1,0,0,1,2,1.5,2
031E8A6C7AA76CC5B954EE4229A5CF98,1,0,0,0,1,4,1.75,4
03915D9B9DC76855CC63C18E94C93760,2,0,0,0,1,4,1.25,8
12225CC7E9BF710AB6AD6EE9DE761259,30,0,0,0,1,2,0.875,8
8715F32A9C6E70EAB6895C0581400E6B,1,0,0,0,1,2,1.0,4
B55214B5A1824143E51A3977B2563A18,5,2,0,0,1,3,2.0,2
3F0075EF13AB5F4DF534BD5D00B8BFA5,1,0,0,0,1,0,0.0,1
7ED5AFB70761995E431B7BB6BE66BDCC,7,6,0,0,1,2,1.5,2
BC745267BE0F0A2C868809BE2C361A3A,2,0,0,0,1,0,0.0,1
97762D11E87493BECB39B93517D74C16,0,0,0,0,1,1,1.0,2
50AEC11809964611577802C9B90C90A4,0,0,0,0,1,0,0.0,2
BF0B8A33612053012B8CE62E57399C22,0,0,0,0,1,0,0.0,1
EDDE1D80FBD031C052DD624FF1A9446A,0,0,0,0,1,3,1.5,2
F24532E7D89C219FDF43AEFAF0B1F718,0,0,0,0,1,2,2.0,1
98B86BDEF58B4D640EC13B5190734875,0,0,0,0,1,2,2.0,1
90C3670F63B20F80034121404A9DF3A0,0,0,0,0,1,2,1.0,2
D77D42A6F7543597131BC27BDD70E117,1,0,0,0,1,0,0.0,1
A0EDEFE9E2CC092F97266CDF9DB5830F,1,1,0,0,1,0,0.0,1
F09FE67FD10A14FED0F12CA0FFF83DD2,0,0,0,0,1,0,0.0,2
358BBA4E42FB0A56A771D5A970A9ABE5,0,0,0,0,1,2,2.0,1
47FFEFAC7F5218B6AEC9B40FBE508617,0,0,0,0,1,4,2.4,5
2320A677307F45BB4941696EC7412120,1,0,0,0,1,6,5.0,2
152C2738DCE249CB59AC64A3C7EDC918,1,0,0,0,1,3,2.0,2
622FA3C49F915DFCFA3E0790EBEA2100,3,1,0,0,1,2,1.0,2
B2F772F0D926158EE1C7ABDA43100D33,0,0,0,0,1,2,1.5,4
21DCA7DC9C0479FEE7081E05188B6258,1,0,0,0,1,2,0.3,10
22A1A15FFCBA874ECDEEEFA46D558C75,1,0,0,0,1,4,4.0,1
4F78D8FDAC8011CCAB40816FED99403E,7,0,0,0,1,2,1.0,2
E66A9C40698370CAC85661E8C9C32265,0,0,0,0,1,2,2.0,1
0EACB4EF2C6B2798A047D3D84FBBF054,2,0,0,0,1,5,2.5,6
13A0FD78E38B2DE236E28E75187D10B1,12,1,0,0,1,2,1.5,2
DE23975D56482030BE3DAE17038899B5,0,0,0,0,1,1,1.0,1
3EB0C89AC9DE4A7752C5089089A7E55E,0,0,0,0,1,0,0.0,1
BB6C4D7A2D82582E250D1B1A8F859E32,2,0,0,0,1,4,2.111111111111111,9
1CAD6A905331533EBFFF8AE19B4943AA,1,0,0,0,1,1,1.0,1
962D8CEDA4DA4483D267CA769F142BEA,0,0,0,0,1,3,1.5,14
6827C9B43A9D317BA064931FE43648B1,6,0,0,0,1,1,1.0,1
1B24C7FF5C0782451176BE19DB47B3EC,0,0,0,0,1,3,3.0,1
7509209FDBB302306A1BD7B1C7BAE24F,0,0,0,0,1,3,1.5,2
177DA0D458131BC9CA84EAC2697BE14A,3,1,0,0,1,4,1.4,10
E0562323C1BAADE462D8D1BD783C75EA,1,1,0,0,1,0,0.0,1
F6755887D1F771EE018C8F4951B7AE11,0,0,0,0,1,1,0.5,2
10DD4C2B3060AB868E928AA66B81E459,0,0,0,0,1,0,0.0,1
9BD18547A5C8D9A4021D321D2F35278C,0,0,0,0,1,3,3.0,1
8C7A0CAF2B29D568268B8D331E37ABF6,0,0,0,0,1,4,2.0,2
A6C87EE4B7B875BCAB0C650365236072,4,1,0,0,1,1,0.6666666666666666,3
1B0397F7967E35746E7C3CBB652C0CE4,8,0,0,0,1,2,1.0,2
F47CF9AFCC314481CAF183DC6836965E,3,0,0,0,1,4,2.5,6
44A600997B9B6499325D518A19B51FEC,0,1,0,0,1,6,3.0,2
90D99AC8BC1551757037513287A3B8B4,1,0,0,0,1,4,3.5,2
1E829A6853724F89B436A122FE010198,0,0,0,0,1,2,2.0,1
C80CEE0983AB5B21D3F4B46089FDD9EB,1,0,0,0,1,5,1.5,4
7EC5747081079B40EE57873E49A96B28,1,0,0,0,1,3,1.0,3
84E491A60BE52A4C6A438A89FADE283C,23,0,0,0,1,6,1.4545454545454546,22
96161BF2E55C7E32ED5F411432875ECB,2,0,0,0,1,0,0.0,1
ABE5532A470836AEC9ABBAD3AFAB7759,0,0,0,0,1,3,1.5,2
964526CBEE730E91EB0A51E3E4B4BDB9,8,0,0,0,1,1,0.5,2
65022100826844F269F88416E2C4CD91,3,0,0,0,1,1,0.3333333333333333,3
DB9D0368B6DC1CD2E03CDDBE7060DE31,0,0,0,0,1,5,3.25,8
EEBCB25D5F056CCF59DDE654388ACD2B,1,0,0,0,1,2,1.5,2
852840FA94A137F420151349A064F0A8,0,0,0,0,1,0,0.0,1
DF7B1F6B6AEF483760B6439EF91BC26A,2,0,0,0,1,0,0.0,1
D1833630D8651D4489E046EE90FB602F,0,0,0,0,1,0,0.0,4
E54560AAE70AC4C5F3079C9C1CDC8DC5,0,1,0,0,1,1,1.0,1
AD99B4950F9D70E0FD5E8563F2A664FB,0,0,0,0,1,3,2.0,2
70A96DDF25DE22E23BC34F0F90F506D9,5,0,0,0,1,4,1.7142857142857142,14
CEDBD1D8122D3F01648A55E20861F399,2,0,0,0,1,2,2.0,1
93A7A5C31807490E878F4164A6418BFC,0,0,0,0,1,1,1.0,1
782CF1C08CCE9568816A007BEEC4E2F9,0,0,0,0,1,3,1.6666666666666667,3
CD4BA2C39BD29CCD0EAD9ACF7F788D5B,0,1,0,0,1,7,3.111111111111111,9
51E3331FF3F4C19DAAE92BE0C6230979,0,0,0,0,1,0,0.0,1
C3E3A07F707C612AA1542EFC47BAF0C4,0,0,0,0,1,5,5.0,1
0A57BC0F6D09549CED636C498A541EF4,0,2,0,0,1,4,3.0,5
E184AC674973905A779140DB528F25E9,0,0,0,0,1,3,3.0,1
847C41413ECD9C277B4896E786340891,1,0,0,0,1,0,0.0,1
3CCAE84789D53CD411FD32481C021CF8,0,0,0,0,1,4,2.0,2
AEC67B85D45E5829E15D10920700B39F,1,0,0,0,1,0,0.0,1
2A428A6C31F400C6233D2939737DDA2C,0,0,0,0,1,5,5.0,1
E737601C9F403CCA0448639382409F04,1,0,0,0,1,1,0.5,2
91947F965E04681AFE8C514D23DC09A6,0,0,0,0,1,1,1.0,1
BC581401E0914611177D7E1EB886DAD4,3,3,0,0,1,3,1.3571428571428572,14
AD6D8B56F1CD39195916862E8B14152D,1,0,0,0,1,3,2.5,2
C4F563CAABAF5774A637711C87FB5333,0,0,0,0,1,3,3.0,1
56684CB981585B72F8C479FA31BA9C7F,0,0,0,0,1,3,1.0,4
67820F8EAA8087726BD8BD7AB488FA8F,4,1,0,0,1,2,0.8,5
33C04C115CDB49A0A23F4CCCA62BDA40,0,0,0,0,1,2,2.0,1
DF2096F031084F933066E2A0CB1900D2,2,0,0,0,1,3,3.0,1
72E752D33E3C79FDBC5525C86DFD2A75,1,0,0,0,1,3,1.5,2
3A7553A2D2981A4331D5E0B3B558B18A,0,0,0,0,1,0,0.0,1
A83BC91437FF6DFD5F6958D05FCA0051,1,0,0,0,1,3,3.0,1
7F5A98B150498A2639AA491DD7A2CAE4,5,0,0,0,1,2,2.0,1
C28231099C78071ADF8D0BAEA7B9C1F2,0,0,0,0,1,6,2.4545454545454546,11
D9B1FEE987C38B61A090C1B54BEB5E92,1,0,0,0,1,3,3.0,1
7393E3E8A1D61F2A850CD562E6438814,6,0,0,0,1,0,0.0,1
B72C3DD50B9F81DBCED2EE06E08796CE,2,0,0,0,1,0,0.0,1
97D262F4A555FF9ED3193CFE500FC695,0,0,0,0,1,3,2.0,4
2C6B6390B8227E00E7CEA32D8E108025,0,0,0,0,1,2,1.5,4
E080719BB47D2A7A842EDADDF82AB779,5,0,0,0,1,2,1.25,4
E575368C7623810A0ED938053E8EA8DD,0,0,0,0,1,3,1.75,4
8DD9EE9E89281B74B0CF63B5614189E7,0,0,0,0,1,2,2.0,1
D5F162E063EF1129BFE585FD4C4DCB17,2,0,0,0,1,5,2.0769230769230766,13
B6583219D50D4B342A797369873FE31C,1,0,0,0,1,3,3.0,1
CCADFC0ECC097AA5DA4FD3917D517022,0,0,0,0,1,1,1.0,1
0ED6BC1D319AB5BD1F245628EA47EDBB,0,0,0,0,1,5,5.0,1
10874B9010504A31141CD4BAF870441B,1,0,0,0,1,2,2.0,3
3A58859E074B02E8FB1CAEA291636112,0,1,0,0,1,2,2.0,1
BE8597B6002834845C3808FA06C35D07,1,2,0,0,1,2,1.2,5
4FD0A7F9543B9A6312205BDF6D83E6FE,2,0,0,0,1,3,1.7,10
56ADEEFCEAAE0002748136B88189DF82,0,0,0,0,1,2,2.0,1
83EFFBE2A886099EC75684F250041DB2,0,0,0,0,1,4,1.1666666666666665,30
8E9AF5710AB209EBDB86A9E3263EC24F,1,0,0,0,1,6,1.6666666666666667,6
5084404B20C28F779E367453A14D26EC,1,0,0,0,1,1,0.5,2
F5D1CED2E81A0964964512939575C5C8,0,0,0,0,1,1,0.5,2
777B69AA512923F3A38A7B635EB97ADC,8,0,0,0,1,0,0.0,1
393D5E8984FF5ED9AE94EDE1660E05FF,0,0,0,0,1,3,1.75,4
132DFC9DEB26981127A36DCB0349536D,0,0,0,0,1,1,1.0,1
46BC6E857283A25AC5BDB2A1553FB7DB,1,0,0,0,1,4,1.4,5
25BA4E903C1847E2AF299FD2B8672DEC,0,0,0,0,1,0,0.0,1
A3C135B7380511F4BD6BD82D88E72C74,1,1,0,0,1,0,0.0,1
D6CC18354DA88C5DF912FBF20422ECBA,1,0,0,0,1,1,1.0,1
19A264DF9F0146EC65ED00DB01885E6C,0,0,0,0,1,5,2.5,2
329B10F5E486321AB42FF56710B88053,0,0,0,0,1,0,0.0,1
6C7BB9077DD8569EDC4D4FDA0634FFDB,0,0,0,0,1,1,1.0,1
E9AE54B0E6927E9E1DD0AD3AAC87107E,1,0,0,0,1,0,0.0,1
0C611C1398A0F44AD6ED17C123271BC1,0,0,0,0,1,1,1.0,1
E4476E0B3A9169FEF1C40A95C2E51C21,0,0,0,0,1,4,4.0,1
928A0B1ED48408A57032F408CBAC16FC,1,0,0,0,1,1,1.0,1
C94C460575660ECD4EF109457A0A9A73,0,0,0,0,1,0,0.0,1
D56D7CF970E38DD1E5F3D515D9E2D75E,3,0,0,0,1,3,1.5,8
25D0E6C77B170FE82258520015446DF4,0,0,0,0,1,0,0.0,1
8D6FB6C826C48AF89EB861DCA5F7DDFD,0,0,0,0,1,2,2.0,2
D421E51FE6DBCC2D91906B185509AB57,1,0,0,0,1,4,4.0,1
98593396FB382E58809F59B3468025C9,0,0,0,0,1,0,0.0,1
F34FF1C9F0C022B684BC885BA1DDC260,0,0,0,0,1,4,2.0,3
E48A64DA907583189751D6FF988D14F6,0,1,0,0,1,2,2.0,1
A77A5F550E7075434642D47ED17A9883,4,4,0,0,1,0,0.0,1
AE60DDF6BD9CDA9BD6C8FF76801C9824,1,1,0,0,1,3,1.5625,16
396B4723684E4651A705BEA97481358D,4,2,0,0,1,5,1.857142857142857,14
D47DCBB00B2B462C916A5A07DCFAB039,1,0,0,0,1,0,0.0,1
52C3C7B10F490F86F09B45F9645B1800,0,0,0,0,1,1,1.0,1
DB061191B02E2E5F1BCA2F38E942DC44,0,0,0,0,1,1,1.0,1
3C617E88F7615D0FA6C7EE4CA4AE1F92,0,0,0,0,1,1,1.0,1
09FE9D1E47E81730CFB4F1579D7420BF,0,0,0,0,1,3,1.25,4
C3E24B31253C0BB650F50963F4A7D7E0,5,0,0,0,1,1,0.6666666666666666,3
BC0248EB510B73CEC7D40C5680009F6D,0,0,0,0,1,0,0.0,1
D9600F208EF13CD3C682A7F935A1E68A,1,0,0,0,1,7,7.0,1
256028D21EB038A0A85DE9493DE1A3E2,1,0,0,0,1,3,1.5,2
AEE55DF732A80B40F83E3A300261F501,1,1,0,0,1,4,2.0,4
9D92F586E92924C8746D5E6E5444C4F0,0,1,0,0,1,4,4.0,1
71ADE43C38140B68C1DB01D21AEDED9D,3,9,0,0,1,3,1.7777777777777777,9
E184A4B4ED5FAFEDD19266FB429F3765,3,1,0,0,1,6,1.84,25
E6FEE8B98E75EA5311FE004F98559A27,2,0,0,0,1,5,2.142857142857143,7
1CF315BC6864E7A71A81E47925E18A61,0,0,0,0,1,0,0.0,1
F99CC3598522ABE54B9DCAC2969179CC,0,0,0,0,1,3,3.0,1
88A41BFED275BB69125BE1F5524F3B42,0,0,0,0,1,0,0.0,1
4D33ED6DCCD63BBED146B6060B307CAF,36,0,0,0,1,5,0.8235294117647058,34
2D52FA86D9A54141E34BC8B0719E646E,1,1,0,0,1,0,0.0,1
0CF1172485E8FC12110F04AB2374B308,10,9,0,0,1,2,1.8,5
E4A4D2350BC36AD81097632D79932A4C,1,1,0,0,1,9,3.166666666666667,6
4BDC831A6940071E2461D0B5293A329E,2,0,0,0,1,2,1.3333333333333333,3
CC9FB365566109254204FC36DCE68D3C,2,0,0,0,1,3,2.3333333333333335,3
EAACE305D6DB2E8D80CF1E2932AE5CF4,0,0,0,0,1,0,0.0,1
D842320AECB686B41C2F8E8876794D34,11,0,0,0,1,3,1.3125,16
F59BEAB1339F76DE62083BE31C73AF1B,0,0,0,0,1,5,3.0,2
ADDE80C89BB3F6190538E50E541BACD5,0,0,0,0,1,0,0.0,1
8ACF1022CF1343E5A8CEE4F2394724C4,4,0,0,0,1,2,1.0,2
8BD465AC77DC9D8B4C597BF35950FDA3,21,3,0,0,1,5,1.3529411764705883,17
B87DAB32D92C9A71F45E3DDE2CF02F93,0,0,0,0,1,0,0.0,1
4EF964D59282E5A2C8692D30F011256B,0,0,0,0,1,7,4.555555555555555,9
FA0006E6C091BD0935B153D4E916C046,1,0,0,0,1,0,0.0,1
97FD8D0799D5307D9E6FB72A5ECB8485,1,0,0,0,1,5,1.4545454545454546,22
62DD70123C14207F97E6515DDE77D76D,0,0,0,0,1,4,2.6666666666666665,3
B458770ED6E295374FEEB3A68902CC28,1,0,0,0,1,1,1.0,1
40BA3CE848E99626DACC46BCCEE3E568,0,0,0,0,1,0,0.0,1
8C0E545B95C137034121D024CCF1D59A,8,0,0,0,1,5,1.7142857142857144,42
ABC82B9A41FD293AB7945EB13B5DA8E2,18,0,0,0,1,5,1.3793103448275863,29
2892CC7C7FF6207D4AC1F5D1ACFA37F7,3,1,0,0,1,2,2.0,1
6F184679591E22799A19D089529CEC85,9,0,0,0,1,6,2.6,5
46BE6557334E701C5036F6762A32E18E,0,0,0,0,1,0,0.0,2
A8042EA2593E767F2EF5EB6367677789,0,0,0,0,1,3,2.5,2
36B5DE53943D3C47F17C39C35E755CE4,1,0,0,0,1,4,1.6666666666666665,9
B3A9A38A561B3648D280614B8E2D8E07,1,0,0,0,1,1,1.0,1
7841ADFC1D9068C1476F07B9CFA40F68,1,1,0,0,1,4,4.0,1
217732C20FF3F5F02EFDCA2BD1CE5220,7,7,0,0,1,0,0.0,1
B51FED7F1C67B068DDC84959FE0E14DB,0,1,0,0,1,1,0.5,2
6158C7CD861E2F83D6AA22CCF92AEE97,0,0,0,0,1,1,1.0,2
0808B3380E616BDF15E6F2FBAF38147F,4,0,0,0,1,1,0.5,2
27A6DC877B215E8E18546CAAD5B150B4,0,1,0,0,1,0,0.0,1
BD2522100FDE854404F8DF2555188670,1,0,0,0,1,6,3.5,2
8C2F7E36E43B986779452495F7536DCC,0,0,0,0,1,2,2.0,1
57B1AEE95C1B66101A604ABA81AE7A5B,2,0,0,0,1,0,0.0,2
A0A8595A96948961A44E2B1CC5859CBE,1,0,0,0,1,0,0.0,2
E8950841C7635FFAE97EE03DE2A92072,3,0,0,0,1,1,0.3333333333333333,3
5D82187C741C813547E1333574E32712,0,0,0,0,1,2,2.0,1
8380BEB3394A43E505003A430F644517,1,0,0,0,1,0,0.0,1
477289D002C397BEE46F09CA0B9E72E7,0,0,0,0,1,4,2.666666666666667,3
FB038B1647754ED4E3E7CFEABFC553A4,0,3,0,0,1,3,1.6666666666666667,3
2F2B5C88B72A5253AAF448B1E29333F5,2,3,0,0,1,5,4.0,2
75DD2382B6FE2A38F4BF08BC18746D5A,0,0,0,0,1,2,1.0,2
68149A4353C4E6C2AF49CF5F35FBB78C,0,1,0,0,1,1,1.0,1
2F48607C41ECC4015FA296500F0A2C4B,1,1,0,0,1,2,1.2857142857142856,7
1E9F6BA9BD8C45633C26F42995A77775,2,0,0,0,1,4,2.0,5
3E93BD8736E93E33802DA0B68F47F04D,9,9,0,0,1,1,0.5,2
3D9A1566A6D35AC1D20B7D125637B637,0,0,0,0,1,1,1.0,1
004D2DFEB866BFB00427DB2F530C1F3D,15,0,0,0,1,5,1.9200000000000004,25
3E14E34FCCAB1D2D4917BD264F03594D,16,1,0,0,1,4,1.6923076923076923,13
5C0B5019D09A484ECA0AF6E636D4205E,3,1,0,0,1,0,0.0,1
2B8DDD1A6E2A314B0D453510B7EAC83F,3,1,0,0,1,5,2.8333333333333335,6
8509C4405CF895E0D92FC0BE5E31DEA0,3,2,0,0,1,0,0.0,6
27F7286D26548767C2278621C13BDC6F,7,0,0,0,1,2,0.6,5
9650828AE07E9F8DE3F11C0D01D3BB79,2,0,0,0,1,2,2.0,1
6D24F421B34B2CFDCF3A9983CF63D647,16,0,0,0,1,3,1.25,4
88AC5D5379748629C9D6B24B8F1A43A1,23,0,0,0,1,1,0.6,5
76D08FC682BB0E757CB3895297B82844,2,0,0,0,1,0,0.0,2
2004A0254FB62CE8B950D8E45557138B,0,0,0,0,1,0,0.0,1
392D0E63B14710BD0F033A6713916FA5,2,0,0,0,1,2,0.5,4
372D9BB5088C4E9000C65B06459B403A,16,0,0,0,1,4,1.4545454545454546,11
6D932377481D0477E3C4ED9EA79EE410,0,0,0,0,1,4,1.3333333333333335,3
6A27ED36AE8997E4B1F5827CABFE6C5B,4,4,0,0,1,1,1.0,1
4CF77B204CF86EE046468C6E02DFFE94,0,0,0,0,1,0,0.0,2
60E45BAEEDDE82230D5F3D658BC4957A,0,0,0,0,1,7,4.0,2
5241D8D2898A6A6784C15316B501EEB0,1,0,0,0,1,0,0.0,1
053257434A232D4F015DABF095D2509B,10,0,0,0,1,5,1.6153846153846154,13
2FB8F8AAA14810F7E7AD65238004061D,0,0,0,0,1,0,0.0,1
372F00ED8DD7584EE3296800C74B4CB5,0,0,0,0,1,0,0.0,1
1748CF87FC0F4E9B3997E2D8AEB022E9,6,6,0,0,1,4,1.5161290322580647,93
2BC0A8AB8C936715EAFEB8D0A3D624AC,5,0,0,0,1,5,1.4615384615384617,13
825D36CBE9A65B6D3BBFACE4C8C3EE60,0,0,0,0,1,0,0.0,1
5ED8424DACCF2E0BF27B9A8AF57FC9F0,0,0,0,0,1,1,0.33333333333333337,3
33E5EA9FE1E29AC3127D975A5494213D,1,0,0,0,1,2,2.0,1
7F39C4E745C538FAEA192DE4CE2F5BF0,0,0,0,0,1,1,1.0,1
136C3AB6E42E34223C8A7503EE355E12,0,0,0,0,1,3,3.0,1
01E9751DCEDC543FA5B34479BBAA97BB,0,0,0,0,1,1,1.0,2
0468A3491A70948EFEBE92DAA699F4CF,0,0,0,0,1,3,3.0,1
82B5DB000108639FF0D38F39D7AC46FD,0,0,0,0,1,4,2.5,4
2DE704D95E246E05D8C9283717C11F94,5,0,0,0,1,1,0.5,2
2D478AD4B8FD8BCC2D03256EE5DDAE63,1,0,0,0,1,4,4.0,1
47D5BBC5FFF450A5A5F89B36431532A7,1,0,0,0,1,2,1.0,2
7091337C7AF39283F3FEA330F68551BF,0,0,0,0,1,2,1.5,2
7392DD4A7E544737A716D9CD889DF86C,0,0,0,0,1,2,1.0,2
885E82D6963162F569C26BB9D9B3AE28,2,0,0,0,1,4,4.0,1
112A3AFC009A9F387BD4DECEF3D8D722,0,0,0,0,1,5,4.5,2
9287CB426ABE110081821B40244EAE98,0,0,0,0,1,1,1.0,1
465BCF9F2DA992A7FF642326A8024A00,12,0,0,0,1,4,1.4347826086956523,23
7A1AFF03DBD16FE6E25C5CDFEDE614CF,1,0,0,0,1,3,1.8,5
77D3FCCB675A538131CF1A3F131BEA53,1,0,0,0,1,1,1.0,1
396AEDC436D9606D351622779EE0EEC0,0,0,0,0,1,0,0.0,1
60447643194E78F2D30F93CEC4EF967E,0,0,0,0,1,2,1.0,3
176303D3809058BEA84AD4B59E6B6AF5,2,2,0,0,1,4,1.7142857142857142,7
8211CABE9A3F1FE1BF3154E0C8D30368,0,0,0,0,1,2,2.0,1
99C20F2D20C197C5E106DE31C5B48277,3,0,0,0,1,1,1.0,1
6A786F96D2F73DD75880684E6EE283F2,1,0,0,0,1,6,4.0,2
3185273F953C7915CC1A931A8B45B662,0,0,0,0,1,3,1.75,8
97073CF2DDB11AA6671A94D0729079EB,0,0,0,0,1,3,2.5,2
650DAECE0EDA7DE94208EE87E3EA9A9A,0,0,0,0,1,1,1.0,1
5DE85FEEED8830DEEB31A569E05830DC,0,0,0,0,1,1,1.0,1
F8872DCEB31C5B4844CE378BFD161F58,0,0,0,0,1,2,2.0,3
5F824D23AE3CF750894A96098818E789,0,1,0,0,1,3,3.0,1
FFFE80A7B9667187D501CE6037876955,0,0,0,0,1,2,1.0,5
9CD32E150A48D09944338963BBE1EA18,4,0,0,0,1,3,1.3333333333333333,3
5ABAC6ACBB5B636AB93924ED9769051F,1,0,0,0,1,4,1.6666666666666667,6
E4BB66A18C35851A59539E29EBBC0247,0,0,0,0,1,3,3.0,1
6130F7FB362C26C07F21AE9A627E029F,1,0,0,0,1,0,0.0,3
8EC575DD51CD49F716CD3989FA71D725,2,0,0,0,1,0,0.0,1
A280D8AFC3B8FF9FCCEBBC042D9EC548,6,0,0,0,1,3,1.25,4
CF2B79B450D348AA9990BBFEF0239B90,0,0,0,0,1,1,1.0,1
E59C013E06CD767FD8A536E288DF2780,7,0,0,0,1,1,0.5,2
23404AB86E37695CBC9AD25FFDA671EC,0,1,0,0,1,7,2.357142857142857,14
DF4FB6AC18F74CD7E2F8FE443F6317ED,0,0,0,0,1,2,0.6666666666666666,3
52E08E4A2847DA44180FB6E41E91503D,3,1,0,0,1,1,1.0,1
2B085FA1A52991A730A32F0C87F474D6,7,0,0,0,1,0,0.0,1
86351452DC4746F0D4ED2A87D528D915,11,0,0,0,1,3,0.8333333333333334,6
0D6B070B5CBD50C768D930776363DEA5,30,15,0,0,1,2,0.857142857142857,21
8159E5C542BE0165C5C9848E67E6BD29,0,0,0,0,1,1,1.0,1
AF456A457ECE410E75A07D459FB74023,4,0,0,0,1,4,1.1875000000000002,16
5EB71EF8D3A55742EAC490AF5B0764D4,0,0,0,0,1,2,0.5,4
1F2FB27DD07C5B93ACEEF2842DAEEB9B,0,0,0,0,1,3,3.0,1
0A0B3A969C027FAED144D9E15F0A2375,3,1,0,0,1,2,1.0,2
0419B02595AE3DC9BBBEE618017DAE32,0,0,0,0,1,2,1.0,2
ECDB424F7CB9C379CCF9D380EF11ADAB,12,0,0,0,1,3,1.0,5
B745605203DEDE5CB888F723828ECF5B,0,0,0,0,1,1,1.0,2
6CD2676098B3E076AD66D10BF4565BFA,1,1,0,0,1,1,1.0,1
2411A5E8B9616257619702DF7251DADA,8,1,0,0,1,0,0.0,1
F0192BFEC0959BEE0FB12685539F4131,0,0,0,0,1,0,0.0,1
E69686EDFDC1F3AF3E2E3E4A6DD869E7,1,0,0,0,1,0,0.0,1
B2046B06383F1579DC1B82B51DED647C,0,0,0,0,1,5,1.925925925925926,54
3E36D2C0A6575D4EB64EA177E2A0EFBC,1,0,0,0,1,6,6.0,1
91D637F0D9FB259AD52773B1B20151BE,0,0,0,0,1,8,2.090909090909091,11
D5DC23095804625CE1E4D293E2BA6F92,2,0,0,0,1,2,0.6666666666666667,3
A0616D4E494DC3BCCB94B8B6E5B48380,0,0,0,0,1,4,2.142857142857143,7
8D5C126BA81B46E50F3BB9FB323CCCC6,0,0,0,0,1,3,3.0,1
31D7BB4CF721D8676B85F73077F4304E,20,0,0,0,1,7,1.2625000000000002,80
D2E96FD48F406C57BD9B474A228FA0B4,0,0,0,0,1,1,1.0,1
217E80A716487C58BC1C1BD6EE6573A2,1,0,0,0,1,1,1.0,2
0FF8564C8A8D00C240B915776E574152,0,0,0,0,1,0,0.0,1
EF5251E1700D0283DDF3538BC27BB932,1,0,0,0,1,0,0.0,1
7985246BD5745B2B4E04B5356903FAD0,1,0,0,0,1,1,1.0,1
1BDCB994173E8A509680B6351EE6A3AE,1,2,0,0,1,5,4.5,2
DD655E95937C4F48F6453EF96A42277B,0,0,0,0,1,2,1.0,3
65B170FCF4DFCFBF10BA20E0560012FD,0,1,0,0,1,1,1.0,1
56275C50A29186725083DD9A9AE69338,0,0,0,0,1,1,1.0,1
86860125992009F7C7BC2944575FD219,0,0,0,0,1,2,1.5,2
1F0A4A1733C711BE1771DDD7A5DE9FDC,0,0,0,0,1,2,2.0,1
60A5AFB3E5987DB2FA0430A345C83DD5,0,1,0,0,1,1,1.0,1
65E99DE1F03A05E9E2D35C33E0DA7FDB,1,0,0,0,1,2,2.0,1
30C9F1FCEBB2E40593350BBB662344E7,2,2,0,0,1,2,2.0,1
B9DF3733E51CA1BB9A845EE00B36D1FE,20,18,0,0,1,4,1.1176470588235292,17
5CCA9D47ED9C203042228E21E59470C5,0,0,0,0,1,3,3.0,1
4D084D38156128AAA060303AA91E689D,0,0,0,0,1,1,1.0,1
FEFB49D4C897ADED3F55BB784BD12AE6,0,0,0,0,1,3,1.5,2
3DC1C89C927D2FC9D264FBC21E401E5B,0,0,0,0,1,1,1.0,1
3F8706FA6FB0D3F8EED88DE2E2C7B8A2,0,0,0,0,1,0,0.0,1
0AAA02628D6A75EEC75D37DA84D04426,0,0,0,0,1,1,0.6666666666666667,3
A40CBCDA207FECA2CF21A0E0C871ABE1,0,0,0,0,1,3,1.3333333333333333,3
7F811674D65C2E02A6A705E97799E372,0,0,0,0,1,8,3.6666666666666665,6
8FA82E7952616AA4904B29201BDC06FB,1,0,0,0,1,3,3.0,1
DF2C3B7E8FB37490F6F265867863951C,2,0,0,0,1,2,2.0,1
33BF9E22252B200D0FEAE9AF6D498CE7,1,0,0,0,1,0,0.0,2
C3326C2CCF5D46173E4973A13512B163,2,0,0,0,1,5,5.0,1
0D9DE32D08364277A3406C8107F5763F,0,0,0,0,1,1,1.0,1
EBB30E8C806A423B024E51AC32021A6A,2,0,0,0,1,0,0.0,2
88BA2493921D796D2E246973E3E9774B,0,0,0,0,1,2,2.0,1
60603343AB8FEECD78B1009C957D193D,8,11,0,0,1,5,1.5555555555555556,9
920DB84FCC0F4421650B9E257E33180B,0,0,0,0,1,2,1.0,2
3C755BCE66B0F764EB7051EA03941F77,3,2,0,0,1,0,0.0,1
41CA0FA528C7227EA1E592DCC4733C40,2,1,0,0,1,3,1.0,7
41F6537F5D6EB1798536910D0722A344,0,0,0,0,1,2,2.0,1
148AAE2C85735FF43C7590EC37054C17,0,0,0,0,1,1,0.3333333333333333,3
4464BB5087805758F3AE67E24CF932C9,0,0,0,0,1,4,1.5,6
04311C56F5F87F352C135466C7087618,0,0,0,0,1,3,3.0,1
4A8AF38A53D29427AC338F2EAA0376C2,0,0,0,0,1,3,3.0,1
855FCC6B34DA3D2E3FBC6C9550993FF6,1,1,0,0,1,1,0.33333333333333337,3
2D50A659D8975476CC4E7FE71B614852,0,0,0,0,1,4,2.5,2
2FFE5F3D675C72575C64971194A9482C,16,0,0,0,1,0,0.0,3
5D7D64BE215950357A4D9F35ABC393AA,4,0,0,0,1,0,0.0,2
127B1250B9DD68F6A6E945130203DD98,0,0,0,0,1,0,0.0,1
0710AA99A0D55BAE0D2A06A0D67D92D0,0,0,0,0,1,3,3.0,1
0DDF5A6BC5FA004AF06FD055EE6F635D,2,2,0,0,1,0,0.0,1
3AA183F0E31F0492E928BEF50FCD8A9E,0,0,0,0,1,4,2.6666666666666665,3
4ED41C0527A63A25FAF988181C8F4C24,0,0,0,0,1,3,3.0,1
008B3F06DF8F2C762B3A22478E386370,4,0,0,0,1,3,1.6666666666666667,6
6972CA4C57152030A900358753982EBB,0,0,0,0,1,0,0.0,1
751F1516AC974AC343F62070D3BA39F5,0,0,0,0,1,1,1.0,1
890D9DD57FD110C8E699A40B27512083,0,0,0,0,1,5,1.9999999999999998,4
9A15AB6FEC8529E6F653FCB7706D0B29,31,31,0,0,1,0,0.0,1
24A3E96E8C3A0FF9DCD73A11AAF9DAD2,2,0,0,0,1,0,0.0,1
20CCD233668F07A49BB4F88AC16888E7,0,0,0,0,1,5,5.0,1
6FB9BCB8E8AF19F242F29E63538BC37E,0,0,0,0,1,1,0.5,2
761073BE916F102AED65E5112BDB2012,13,0,0,0,1,7,2.32258064516129,31
24CE74A98D81088E1BB0B33517E3CC00,0,0,0,0,1,2,2.0,1
3D4D86AC719A6FF6D461DD5B3A82988C,0,0,0,0,1,3,3.0,1
AAABB545297A09EA6D1B910FFAEE482C,2,1,0,0,1,3,3.0,1
F0BCB66A511AC6CDD0096DC548D288F9,0,1,0,0,1,4,4.0,1
56B0F898D0984CB6F65AF48255E94C10,1,1,0,0,1,0,0.0,1
8CAFFDCB04FE0027030136391709945D,0,0,0,0,1,3,2.3333333333333335,3
19682EA2300D1B6326F14D0BAA1C1340,8,0,0,0,1,2,1.4,5
C0A10471D0E2C313C537F256BF23CFD7,2,0,0,0,1,4,2.2,5
4902FA9E64086B509F29E756D7B33406,1,1,0,0,1,1,1.0,1
A8DC644112858EF6E52078F7405F88FD,4,0,0,0,1,3,1.5,2
1C65943AF5217570A2E4D9B58B6E6FC4,0,0,0,0,1,6,2.2,5
2DC570098D091F09F14BA6DE10209575,0,0,0,0,1,2,2.0,1
3C6F67B8DD623BB301D3FD7A2E7675A8,1,0,0,0,1,4,1.25,4
D772EF33C2A8378D9B9F4EDCF9710B50,0,0,0,0,1,1,1.0,1
B9EECE1AE27B3120715D959C3560BFD3,1,0,0,0,1,0,0.0,1
C464722AE0E9423DE721E72B8A524141,4,0,0,0,1,4,2.0,7
9F5F895A86C3F594339330FB7275EE6D,0,0,0,0,1,0,0.0,1
5E316975A9F0FCFD2E4AD4967A06C260,1,0,0,0,1,1,1.0,1
782A0F243E58A79260C76789CDD139AA,0,0,0,0,1,2,1.0,2
C4D21EF78D8A4B00805216847EBCAFBB,0,0,0,0,1,1,1.0,1
296D4A7E8CCE744FEB66F7B5B9B7BD25,0,0,0,0,1,1,1.0,1
02D40571ECB28F7EE31F8E3EA65EA68E,3,2,0,0,1,5,1.7,10
C2CF8DC404DF45C8C1BF0E0134966C94,0,0,0,0,1,4,3.25,4
DA0D191BB51F2320266029F5AD5F0D7A,1,2,0,0,1,5,2.285714285714286,7
96D78D93EA38723BCFD4AAAEE9DC6ACD,2,2,0,0,1,4,1.9375000000000004,16
B49A351B1E8B5EB26B02B4D29AF7DAC2,0,0,0,0,1,5,2.272727272727273,22
2CCC2C66F8409A59FC7B5E2EE0B07123,0,0,0,0,1,4,2.0,6
46CAF574E4F98302ED5E559FED2EA454,0,0,0,0,1,2,1.3333333333333333,3
8AD990E38CB93D1E8BEA4FF2DBB5AF45,0,0,0,0,1,3,1.5,2
37B0D1541CE3510AAEB4693829DDB671,1,0,0,0,1,2,1.0,3
AEB2EAF6FFE818780FBA17115D94228D,1,0,0,0,1,2,1.3333333333333333,3
8784FFC3E4B12459529F4E9E04E277BF,0,0,0,0,1,2,2.0,1
5002015381342F7B1BED810BB664801D,0,0,0,0,1,7,2.75,8
4AEEE533D8FAED4AD0A9227618CD296B,49,2,0,0,1,6,1.2820512820512826,39
1954CEDB269C01AD957EE1DBCB9BF812,14,0,0,0,1,4,1.0,12
D61EA31FE5CE8037DC5DC8FA6B7AEF9A,8,0,0,0,1,4,1.3333333333333333,3
F4701F37C85F5DBF80DD5058BD6D27CC,1,0,0,0,1,1,0.25,4
9DD5E7D8E5E108DA9216ED1F65527ED1,0,0,0,0,1,2,2.0,1
E3384AADEEAF8E2AD50A81BC0CD8E0F9,0,0,0,0,1,0,0.0,2
9EB1C28A93CD9FE6AC6057985CDF59C2,0,0,0,0,1,3,1.75,4
B3EA969B581C164FCFECC937823AFC12,0,0,0,0,1,3,1.25,4
608CEA53C39E0A3EAB36C8E8B075F161,1,0,0,0,1,2,2.0,1
9F4D110D6ED476B6CB3B8C8F3031B9AC,2,0,0,0,1,0,0.0,1
C6F604A5440C577D8730E63F0A1422A1,0,0,0,0,1,0,0.0,1
435353FE063FB532903DA82A31B5C0B3,0,0,0,0,1,2,2.0,1
422E6C1BCE883C3046E714BA96CB9C72,0,0,0,0,1,5,4.5,2
F03F43E2B51C7E59E3AABB0D224B8B65,11,8,0,0,1,3,1.6666666666666667,3
96D260425F451E90979EA7417C72A09B,1,0,0,0,1,3,3.0,1
4B685109746904E9090CB41DE88508FD,0,0,0,0,1,4,4.0,1
3612F40FD40263F706EBB69F989A68D0,2,0,0,0,1,1,1.0,1
7F089F4710219060252DB2AEF508A662,0,0,0,0,1,6,1.7978723404255321,94
38D4084307B6D1CEA37A48981753428E,3,0,0,0,1,2,0.75,4
AE920B86560554C0BE3F888EDBA2BBF7,0,0,0,0,1,3,3.0,1
664F913ED3B54941B5F0886D94E01623,1,1,0,0,1,0,0.0,1
F2A1FD8B142EB4C6CAAE415FA1917F50,0,0,0,0,1,9,4.642857142857143,14
DDF187DB0391034487C7D3B8C681E0B0,66,2,0,0,1,4,1.097560975609756,41
CF47EB1BF0FD3A0CF7AB508DBC4DC30F,1,0,0,0,1,0,0.0,1
93C2529FAD40263384413CE9630B308E,0,0,0,0,1,1,0.5,2
D20995C484803665B9055502EB73F8A9,4,0,0,0,1,4,2.5,4
0CF5644CEE7E80B439341E3C74DA73AB,0,0,0,0,1,4,2.5,2
9D5DDBF502AFB715D67499B417ACCAB2,0,1,0,0,1,0,0.0,1
8F51F2244F2D0D4DD296A0B9272905AF,0,0,0,0,1,0,0.0,1
49E983E1361F11F5205CDA4289B71003,0,0,0,0,1,5,5.0,1
BC575A719C37E1C2237B79FE7FD3F7E1,1,0,0,0,1,1,1.0,2
9D85589429925C621CFC1E7E25B89C74,1,0,0,0,1,4,2.0,3
41B26A7C4962FB21B5C09FE3E7A9EC7E,2,3,0,0,1,0,0.0,1
4B051107D260E254731C0A7CCBF358BA,1,2,0,0,1,5,2.0,7
186EF14CC97E86390BAE614FDAF4119D,0,0,0,0,1,1,1.0,1
4DFCEB793BF462B00EBF1FF5FF511421,0,0,0,0,1,2,2.0,1
BDF9AE665E55EBA1D92D6541B5DDE87C,4,0,0,0,1,5,1.5454545454545454,22
6080ACBD76F27089523A73026969036D,0,1,0,0,1,2,2.0,1
2290EA553EC327ECB025B28378E4711B,0,0,0,0,1,0,0.0,1
6CD9F56991BF6AAAF7475E0D658529CF,4,0,0,0,1,2,1.0,3
BED6B15D12A55BD7DE57D5B716419D6B,0,0,0,0,1,4,1.6666666666666667,12
AEBD9AD786D08DFF0B862FF87C9E9BB9,20,0,0,0,1,1,0.5,2
9623729F5E2166A2474FE3C3BAC11829,0,0,0,0,1,2,1.5,2
E85267BD443B8E106E9B90FB1E443AED,4,1,0,0,1,3,1.0,8
54A66ED7D85D0CEB32DC505E127F3266,0,0,0,0,1,2,2.0,1
9DD5EEFCD25105E6EF9322F1E75C93A6,0,0,0,0,1,6,1.8571428571428572,7
198034282E5DDB7623949717B1D65908,1,0,0,0,1,3,3.0,1
BE2CD71418F84CF52FCB144658DFCBAC,0,0,0,0,1,1,1.0,2
4DF1F345AAF4818C3A9B3ABF1C63B769,2,0,0,0,1,2,1.3333333333333333,3
44A7AEA599FD40907CFB969FA22FD9FB,0,0,0,0,1,3,2.6,5
590978642BAE785BF21D838F07ED519B,0,0,0,0,1,1,1.0,1
8BF1C5D95C6295C583F5E84D70FDDEA9,3,0,0,0,1,5,2.666666666666667,3
A4F7001FCE66620B2F32C4898C8236F7,1,0,0,0,1,4,4.0,1
5288DFC2CCAFB2A0B5581A011904410A,1,1,0,0,1,4,2.25,4
FB06AF1BD3F3737D1FF77A949823A580,1,1,0,0,1,3,3.0,1
F4634EFF4D9470DCA00051E3304B81AF,4,0,0,0,1,1,0.5,2
64E0FD9C312050443BC49B08C2AAB070,0,0,0,0,1,3,3.0,1
C2B541CA130165D03BA9BA7DC0E79273,3,0,0,0,1,3,3.0,1
89787625DC590074DD5067BE1C947527,0,1,0,0,1,7,3.6666666666666665,6
03014F0F3CACDFC713EBE5C066E6ABE4,0,1,0,0,1,5,5.0,1
E250A66AE9FB2218AEC592901A8C78C8,0,1,0,0,1,0,0.0,1
66EE0DB049AA1A3B92B41375C1263B05,0,0,0,0,1,4,4.0,1
AD85E945EC909FEF07A21ECB3EFC0693,1,0,0,0,1,3,1.3333333333333333,6
F6EB4832FA8E8C989D1A6EA0A15312FF,35,32,0,0,1,5,1.35,20
301F195A323A825ED893DAC478C3B919,0,0,0,0,1,1,1.0,1
08D4EA6E28556A1A6F6C5E3C03E7FE50,0,0,0,0,1,1,0.5,2
710DDC270EF1CB31E7007339BEFB5894,3,0,0,0,1,3,1.5,4
54A9A3ADA0D380EAA8A027D4C1FE310A,1,0,0,0,1,1,1.0,1
625CF86657E00A4629BCE49F5B31A144,3,0,0,0,1,4,0.9444444444444444,18
7B3D084640EA54A2EFEB0384EEB97496,0,0,0,0,1,2,2.0,1
3DC258E32531148709A4BF575C0F076E,0,0,0,0,1,4,3.5,2
7E87B1992D1C823D0C3B306AC4DC6647,0,0,0,0,1,5,4.0,2
0E25ECB1F1559F75D7580AA9914F53DC,1,1,0,0,1,1,0.5,2
748BAA91A1AD8E7BEBECED67F927A2DD,17,0,0,0,1,3,1.1428571428571428,7
7EAB3B95428334BC943B7846F046FB9B,48,0,0,0,1,3,0.75,4
1D8F1709BE6064619E6D103D9ED727EC,1,0,0,0,1,1,1.0,1
12E0B4930ADE724AA2AB2D85354E53E8,3,0,0,0,1,6,2.0,3
2FCCCFFC5B260063B58DF088A7748617,0,0,0,0,1,2,2.0,1
5B631B57BD6F4FE7DA2A6F7845B9626B,1,0,0,0,1,2,2.0,1
5515F3806286981E26567824971065D6,10,0,0,0,1,3,1.2000000000000002,15
8E72B7171A787157B237F68825019853,0,0,0,0,1,0,0.0,1
4890A6C3C24162FECDE573B87FC27022,5,0,0,0,1,4,1.6666666666666667,3
51170CE9AA0C7BEB2DF19E884CE1AB9F,3,0,0,0,1,5,2.25,4
1148BE774CF0786D864A8DC4A1027F50,2,0,0,0,1,4,1.2857142857142856,7
121F942791F0082A6F10BF15C814165E,1,0,0,0,1,1,1.0,1
2C6327E473D23AB59EA09CBDDB925C23,0,0,0,0,1,2,1.3333333333333333,3
D18368FC768098F08B6D28C706107F58,0,0,0,0,1,6,4.0,2
1D078204C2C47E3A7B118A006879A38A,0,0,0,0,1,1,1.0,1
99B087C0065844C7D074B97881A55F37,0,0,0,0,1,1,1.0,1
4870CFA6BBAE34156F6D77795527141A,0,0,0,0,1,1,1.0,1
B0A4D23B6E5417E18B347D9384F359A0,0,0,0,0,1,1,1.0,1
0382C91508208943B96471068D9D3E78,9,0,0,0,1,1,0.5,2
82CB02A4405C8E43D09D588B35E9354F,4,0,0,0,1,3,0.8999999999999999,10
C7548F9F73553403160A109D7B37C497,0,0,0,0,1,1,0.5,2
A8610CD5FF7687B4AA60141775E0B580,1,0,0,0,1,2,2.0,1
E0F91AA200D6F12DBE53B0D166AFD87B,2,1,0,0,1,2,2.0,2
D182B4F9F81C0FD573A703FE9DC30259,0,0,0,0,1,1,1.0,1
C5DCA2292596A382EA616396AF69780E,0,0,0,0,1,3,1.5714285714285714,7
3A24D6AF7A8B95BADBA8DABFAC039DAA,0,0,0,0,1,3,1.5,2
ABE28FFF3F8B3F0E1AFAAEEE2FD0105C,0,0,0,0,1,4,4.0,1
A06EFB9803C681850A308825BA97FF1C,5,5,0,0,1,4,0.75,16
8D69D45B590556225AA4325D785CA806,0,0,0,0,1,2,1.0,4
97AE21013B40102FA8C6863CCF0D32B6,1,0,0,0,1,1,1.0,1
BC7EA6EAB18533AF121D4115DDB03673,1,0,0,0,1,0,0.0,1
5E694DE02688C2FDDEA38A6946A4CC3F,1,1,0,0,1,0,0.0,1
862D1EA1E527BC31E1925A24FF112EC7,1,0,0,0,1,1,1.0,1
DA48D36D07835B1918BDF831AF83B5EF,3,0,0,0,1,3,1.6666666666666667,3
377303AA2F5C5C80E5AAAD26C029BD5A,0,0,0,0,1,5,2.0,19
2ED44327BE1F5C32215B4047BAA74E72,1,0,0,0,1,1,1.0,1
B95F07D72DCC2AB88186CEA9BA95D5E9,2,0,0,0,1,4,2.047619047619048,21
DCF02493CA8559E632F3E2FB070DBEF0,0,0,0,0,1,4,4.0,1
C588FBEB94814F270FD98EE558C04462,0,0,0,0,1,4,2.8,5
1851B906579B2899837742EA924C7280,0,0,0,0,1,4,1.3333333333333335,3
54910D41164C569B481C59123DE158D1,2,0,0,0,1,1,1.0,1
6F2B2BE5FC969A12C2C1654F32B97164,2,0,0,0,1,2,1.0,4
D71B081C79A05B0E54117DD4B5723305,1,1,0,0,1,4,2.5714285714285716,7
BE157724A9BA8169E28F31E69A568121,1,0,0,0,1,2,1.0,2
7813A59EE53E8B2646FC8EC6C179B3B1,12,8,0,0,1,3,1.6666666666666667,6
9BDB9811AD84210614DBC341A2E5D0F9,0,0,0,0,1,1,1.0,1
2C3A2B86472D14F6A974C092164C3ADA,4,0,0,0,1,3,1.3333333333333333,9
81F6B3A29EA6DA10037F9E4BC0A7EAAB,2,1,0,0,1,7,2.434782608695652,23
118590741147E0FE292B40BEF813F7FB,0,1,0,0,1,2,2.0,1
CD3219967F4E32BDF2F255E4D1330721,2,0,0,0,1,1,1.0,2
AC1FBB6D002278232DEE1F1656C495ED,0,0,0,0,1,3,1.25,4
CFE3395C48FE0762451B7625099F5FEE,0,0,0,0,1,0,0.0,1
7D8B5214F47739B5EE820230DCD22296,3,3,0,0,1,0,0.0,4
F7A6EA01BEC95B8BE74FEDE033AD515C,0,0,0,0,1,3,3.0,1
5C49F012A7C6729B55DD78A2306D481C,0,1,0,0,1,3,3.0,1
32DBA590E3515F301CC7B6B749FB4F21,4,0,0,0,1,5,1.2941176470588236,17
2039439F42FBFE73F7FFB4B1637776D5,0,0,0,0,1,4,2.111111111111111,9
BD7E7E24CAAE6B3D5F27FAB47DE6BC6A,0,0,0,0,1,0,0.0,1
3F00AD457A4753DA597940E359E9DE99,1,0,0,0,1,0,0.0,1
C42626E9C1611FFC47C5D85A4F1423D2,4,3,0,0,1,1,0.5,2
CCA3B63BDFCF5B859451E8F5645DD794,3,1,0,0,1,0,0.0,1
FAD6D4D1002F441FF9451650EE4201C2,2,0,0,0,1,0,0.0,1
FB1429D8489DD7EA06655BC7581A3E18,7,2,0,0,1,2,1.5,4
CFE57B8ACA078C7618E2E477955404CB,3,0,0,0,1,0,0.0,3
3BB49B824A253E66FC4A3C47A32D980B,0,0,0,0,1,3,1.5,2
5842B49852658774CDFCD7372B44798F,0,0,0,0,1,4,1.75,4
D0CCA371A318DA644C3926AF6D1FF4A2,1,0,0,0,1,3,1.3333333333333335,3
ADEBAABD549B76AEE5014A83167EA7B3,0,0,0,0,1,0,0.0,1
193A3B81E7CF790EB9B6660AF39633B4,2,1,0,0,1,7,4.0,2
1B728EC13C1064B3227D89EE75DBD716,0,1,0,0,1,5,3.5,4
1C6A9F02E05398B13FBB2C403A1E1B0F,1,0,0,0,1,3,3.0,1
EA94BAB47E100BD9B85264CEC6A0C8EF,2,0,0,0,1,4,2.0,4
4296A8AD0036594DA6A1233E079BEEA1,1,0,0,0,1,6,4.5,4
22556769652F50896F1DC9ED201A28C0,1,2,0,0,1,3,1.3333333333333335,3
46C73D31CCFF85FCD1DF343F8458FA10,1,0,0,0,1,2,1.0,2
0EDFEBB41805C193F09D00727197F0CA,1,1,0,0,1,0,0.0,1
8C5641397426B0F1F0426853D7B2CE1A,0,0,0,0,1,2,2.0,1
EB99C89019A942D2EB163306B7EC89EB,4,0,0,0,1,1,0.33333333333333337,3
533E79DF88C5D3B27AB10A32F8185503,4,2,0,0,1,4,1.3333333333333335,3
F9D11CF4FB7EEF700D4B71A641E4EFA3,10,4,0,0,1,0,0.0,3
33544E9CEC0874FB3EB8759352A455ED,3,0,0,0,1,1,1.0,1
99AD09BDB4F88CF90866DB5050DCB419,0,0,0,0,1,3,2.5,2
F579D7C88C4D8CBC16B54FC3F4B42EA4,0,0,0,0,1,0,0.0,1
D84C3BFD237D79D5FA1A8189F7DC6845,2,0,0,0,1,1,1.0,1
7B4884B8AA78518C3EC6B4B3FECD526E,0,0,0,0,1,1,0.3333333333333333,3
36071BFC3B9E3B75D1AB231604E13E43,0,0,0,0,1,1,0.6666666666666666,3
4AF29902F33FD278C90D778772C6FDB2,0,0,0,0,1,0,0.0,1
7508319FF1237C6977232CE091AA0B61,1,0,0,0,1,6,6.0,1
73B7E7D78CC5D87FD30CDB712D9DA9BD,2,2,0,0,1,2,1.5,2
260D74B8D7F12AE65482FFBB3671F210,0,1,0,0,1,2,2.0,1
EC6B81F288F985F679CC183051E84B72,0,0,0,0,1,6,3.3529411764705883,51
5EC3DE5586464BDF0309EDC67C8E984D,0,0,0,0,1,2,2.0,2
4AE3A61F6A44766EB6C31338088B1573,16,0,0,0,1,3,1.4285714285714286,7
1DFEF3E01BDD41E8670397713CF3380B,0,0,0,0,1,0,0.0,1
B018BF69C3590444673CA3141BC263D7,0,0,0,0,1,4,2.0,5
4C850D5FB94EA217AE1743159964D955,4,3,0,0,1,3,3.0,1
2C5DB1241440643A63BF3134561AA125,0,0,0,0,1,3,1.6,5
3798C5D9010AD4EF3C1192D447C14FAD,0,0,0,0,1,4,4.0,1
EA2466D99A238BA678E4DAAC7E87EBBD,0,1,0,0,1,5,2.111111111111111,9
671D368E166F65254FA1568425E5D8C6,1,0,0,0,1,3,1.0,3
6B1906ED0752329228E159D114C01949,1,0,0,0,1,2,2.0,1
B743E27EAEE69B2DD8730CBC77BEC072,4,0,0,0,1,0,0.0,1
1956E77F32295519C4828352F607C573,1,0,0,0,1,1,1.0,1
4E5647A455805C83E587D11EFC1EBAFE,1,0,0,0,1,2,2.0,1
EB209898389732AD6C02476B9F4F0D38,0,0,0,0,1,0,0.0,1
A7FC7B2053B196DB7EA799033E01C83A,1,0,0,0,1,2,1.0,2
F9D3EF8F15C47548DE58055F0EF286BB,5,0,0,0,1,2,1.0,3
6AEAB6AB67C14316114254196A710B69,1,0,0,0,1,2,1.5,2
6264CB633D890A19B44AC69B7E62416F,0,0,0,0,1,0,0.0,1
B448CD6AE12F24E1E123EE64DD38677D,0,0,0,0,1,4,2.5,2
D84FB28F937D430814D567D6895DC5D9,1,0,0,0,1,2,1.0,2
78510CA2B9355AEB78FF0A52A7811B79,1,1,0,0,1,0,0.0,2
F5C689651A3D683520219C4CD5F1BCEB,4,2,0,0,1,5,3.5,2
1D12DC626109183EECC6EF5468BC54AE,2,0,0,0,1,2,1.25,8
61EFA39AAF762A2AC3F4A31D6E23C892,3,0,0,0,1,5,2.5,6
2223033CF9964E05E4045421FFFC8918,0,0,0,0,1,3,3.0,1
87DDB21930F29669C901E7CA8732F0DF,0,0,0,0,1,1,0.5,2
F2D468D41FB8611C8741B01EA2E1F0EA,0,0,0,0,1,3,2.0,2
5BF531D61D95E5A0A10543BCF2EA333E,0,0,0,0,1,0,0.0,1
7E74A2BB6BBF4746DEE15F957B315401,6,1,0,0,1,2,1.0,5
63C7B5FB2E9A6BE95A7C6B0D22EA05C3,0,0,0,0,1,1,1.0,1
D0E0844591C7388CCF46C0D6968A58C6,1,0,0,0,1,0,0.0,1
0597C8E39ECFBDFB2C6289471B52B974,1,0,0,0,1,1,1.0,1
20C097179BA0E3850387CAEEC9FC975D,1,0,0,0,1,0,0.0,1
54CA0B1CD95413DE6A18F9096B63FE1F,4,2,0,0,1,8,4.0,2
E36C1A5299789BD1C3794ECBCC0BB2FC,2,0,0,0,1,0,0.0,3
8AB276B80B01A635BA7EF9C2071C0231,0,0,0,0,1,5,3.0,7
63008B9A7C321AAEB04D9B8C93D4871A,0,0,0,0,1,2,2.0,1
A279C431ACB82BFB2B7A234A6707BCFF,1,1,0,0,1,2,0.8333333333333334,6
A72750663D0181C7817F61B3DD2CA656,1,0,0,0,1,0,0.0,1
ECB676BED33FDF42E1B0DCF234E1344B,0,1,0,0,1,4,2.5,4
E80F02707BFD1622E0AEECF289B9F44A,0,0,0,0,1,1,1.0,2
3F24D212C1FD176677B44A8B05A1885A,3,0,0,0,1,1,1.0,1
3D51962F2F5D97113E106C9C25805504,0,0,0,0,1,0,0.0,2
CB9C865569032FFF72653A51454E1457,0,0,0,0,1,0,0.0,1
18902E6178194836D2B14C84455F09F0,0,0,0,0,1,0,0.0,2
19BF157071A18251F6D6FBEC3D537207,1,0,0,0,1,3,3.0,1
BA8CE9E65A26261B5E42CA260FA5353C,4,0,0,0,1,2,2.0,1
C1B7E16784DF6CD853196012A73363A5,0,0,0,0,1,2,1.0,2
1FEB41A72F244D352EA79982CC259EA0,5,1,0,0,1,0,0.0,4
9816432E2C8E43107A6049AC0C33CF41,0,0,0,0,1,2,2.0,1
82E3E21902A92261A2C75FDA2A49D7B5,0,0,0,0,1,0,0.0,1
9B7280F969D2C28482C07B24BD405529,2,1,0,0,1,3,3.0,1
901824488E5C49BCB4D19613F3E5892B,5,5,0,0,1,1,0.4,5
3B7E8F870CDE1AB43BA70658FFA68C5B,1,0,0,0,1,1,1.0,1
3EC7EB9DC1E671766B10C00C9E81796E,3,0,0,0,1,0,0.0,3
F7CB7FD4E78B203FB518F703DA8C7662,5,0,0,0,1,0,0.0,1
1FE50A6CA34A37C71F78EFAD2B2B728A,1,1,0,0,1,2,1.5,2
85D517E74626EAFE0E5701CCDB060841,0,3,0,0,1,4,2.5,4
5A06B4FB19BFBF838B73B57297121379,63,0,0,0,1,4,1.1304347826086958,46
11AA716E68C3872AAB30AA4BFDE0A385,1,0,0,0,1,0,0.0,1
F514BDD3E5A90FBB9718C37E6548AAB2,0,2,0,0,1,2,1.0,3
9AFF07DCC4DC8276854BC916473FEDDA,20,0,0,0,1,1,0.16666666666666666,6
872D00596B23440D94EF645F4A812EE0,0,0,0,0,1,1,1.0,1
90B65F7EC3DA00D3F662B4DCD3E36027,0,1,0,0,1,3,1.5,2
A6F93D542BC785A045FD8B94CC3CFEC8,0,0,0,0,1,3,2.0,2
3D7D56585B77371FFC9C75D8B710332F,0,0,0,0,1,0,0.0,1
C9D934FABB6818E5CBE5B1141D60DEAE,2,0,0,0,1,2,1.0,2
75C00378B3BA26B12559020A83A74355,5,0,0,0,1,4,3.5,2
038ECB9DA7C88F11088134C7FFB99DBD,3,0,0,0,1,5,4.0,2
3376C102EBF491B5CB84B43759FE3433,9,0,0,0,1,3,1.3636363636363635,11
203F6C5E746A51C792DC969B4B26193F,0,0,0,0,1,0,0.0,1
69CD786C9BF27CADDE88D1CF210901BA,1,0,0,0,1,1,1.0,1
73E0681C593539E9130709EC67517659,4,0,0,0,1,3,0.8,5
8792D984D07731C4EECF4F76B2B9A774,0,0,0,0,1,5,5.0,1
64C7ED52E7EB9AA2F72F32C34E337760,1,0,0,0,1,1,0.5,2
77F5E9A5630151C9E831156AEAB4DA11,0,0,0,0,1,1,1.0,1
231DC3E744AE700BFAA4916520370730,0,0,0,0,1,0,0.0,2
0585855413F43F4BF7660F7C2DAE913A,0,0,0,0,1,0,0.0,2
9F5E3D164A013A81FBA81CB52FDDB7E7,0,0,0,0,1,2,2.0,1
424C01CD3ACB4454BB6B2D2899511997,0,1,0,0,1,0,0.0,1
293A3E389B97032D6DECE74087B1AF84,3,0,0,0,1,3,1.25,8
B390E09582A6DEF9545267A37C78B809,0,0,0,0,1,5,4.0,2
E75EF199A45513454ECC834C545EAC75,2,3,0,0,1,0,0.0,1
7A1371C7EAD50DB944A44ADC0351CB7B,13,0,0,0,1,2,0.5,6
FCE87FAB4008BB95845192C9DE2B4BB6,4,0,0,0,1,0,0.0,1
6EDEC26E3CD2B1484254B15917E9F19B,1,1,0,0,1,4,2.666666666666667,3
F909F0B27E49138A93535DAE4B792C1C,7,0,0,0,1,5,1.7692307692307692,26
CCE87039B10E7B183A85309776D7400F,1,0,0,0,1,2,1.0,2
626EEA283BFB52F1D87FA6F768195648,0,0,0,0,1,0,0.0,2
2F23173B0B3434BDA506F7BF6C25D794,4,1,0,0,1,4,2.0,4
C5BDF2D7CAF44EDDC6F275AEC72A0B38,0,0,0,0,1,3,1.0,4
E116C4009A678848B20EB39CBD2E529A,0,0,0,0,1,7,3.75,4
5BE912C5A6E93496F8590EBBFADFF617,0,0,0,0,1,1,1.0,1
BD9B7557912415651BBBDAAE9606E3D1,0,0,0,0,1,2,2.0,1
5FED8FE4B11878AAFC4E53BDA3FBB56D,0,0,0,0,1,5,2.333333333333333,3
AC31184536F28AD520C398EC582A3537,2,0,0,0,1,1,1.0,1
0942B6C3D9412C402143A851B41D45C8,0,0,0,0,1,2,2.0,2
FCD6F7AB04CA01A20E797BA408AC3248,0,0,0,0,1,2,2.0,1
570A8F4C826664E326A211056E2F123A,1,0,0,0,1,0,0.0,2
4BF2039D50C13271622524683CDE549D,1,0,0,0,1,3,2.3333333333333335,3
113A5F82AC7616BFF6FA4B4CCE9A3C9E,0,0,0,0,1,4,2.0,2
DA924796CB7B5F19DA1E8FFA4C2AF328,0,0,0,0,1,1,0.5,2
B3450B3ACEBD4F5888BEB09E1C51A526,0,0,0,0,1,1,1.0,1
9AE5AE2D3CA9AFBA14F1CF6DDF1F6FF1,3,1,0,0,1,3,2.5,2
DE640961D74DB96830C03475A1626388,0,1,0,0,1,1,1.0,1
535852E6378668E758A59C4FD24F14D4,0,0,0,0,1,4,4.0,1
DA534A42414330FBADC1AE6777F86EB5,8,9,0,0,1,0,0.0,2
2FCE7953338FCFFC98455FAF0A181830,0,0,0,0,1,3,3.0,1
6DC90DD09DF860E7C60C00BF36906CB3,0,1,0,0,1,0,0.0,2
B17655AFB3FBA234EFC9DB496DDFA278,1,0,0,0,1,1,1.0,2
6EDF43D6306C4F1CE0500424B27F6411,1,0,0,0,1,0,0.0,2
976BB56C06EEE11F68C3DC740E155049,18,15,0,0,1,4,2.0,3
013F9400F09D08290A0D0F370CD278E8,0,0,0,0,1,2,2.0,1
1C944256B5B1475B0E062EA5995EE14A,3,0,0,0,1,4,1.3333333333333335,6
A82D23EDA2062FD9344E116B882CB957,0,0,0,0,1,2,2.0,1
1A1520CEE9527E13CBEF94AF64232DFE,0,0,0,0,1,2,1.0,2
9FE7CF3C966A5B12F0D8713907993B75,0,0,0,0,1,2,2.0,1
5523B8CC76961CF7DE5B3072A514E11A,7,7,0,0,1,0,0.0,1
A07BFF1DF1E40E09C2FBCF6770D5E993,1,0,0,0,1,1,0.5,2
BDFC43616AA44D25597C8298BED2C9D6,0,0,0,0,1,3,3.0,1
26F6F9DF08DEA5D8C76FB78394F3AA32,0,1,0,0,1,2,2.0,1
11A8D6037368A4C4508B11ADB4353BC4,0,0,0,0,1,4,2.5,2
48C4DC2896012DF4D116439EC39A3C4C,2,1,0,0,1,0,0.0,1
4789C778386485B99F4077B97DFE34E3,13,1,0,0,1,4,1.6969696969696968,33
3821A0B09BAC34B3E95C441353556924,0,2,0,0,1,0,0.0,2
667A8D0FDB2FA1BA819DAB6C0F5C7BC4,0,0,0,0,1,2,2.0,2
15BC89CEDBE209BA782F5A9E634CD96C,1,0,0,0,1,3,1.5,2
096C23E69254818F7EE03C1239005F2B,0,0,0,0,1,5,3.0,2
7427672CAB6B79DF8620FA6D9E1D26DC,5,0,0,0,1,4,1.0,11
804E81754B148AA8A9CFB52FA2DCC120,0,0,0,0,1,4,3.0,2
680350A39A4844BC7426A9B5FB819CA6,9,0,0,0,1,3,1.6666666666666667,3
7CC5D6999C7600E696FDA728390B866A,0,0,0,0,1,3,2.3333333333333335,3
0048799041F12675C9FAE45E92FA97E8,1,1,0,0,1,2,1.6666666666666667,3
422475C142952DA30626339424E5C904,0,0,0,0,1,0,0.0,3
8B77386B4E71607BEB7EB1D05E369DB5,19,18,0,0,1,3,0.8461538461538461,13
59F6BEF625E630452B2BA0F38D7414B2,0,0,0,0,1,1,1.0,1
5FACEEFE04E21B9EBBCC98318C52E6C4,0,0,0,0,1,2,1.5,2
9DC28C78E7DD65F3CC6CB6C950EC7C7F,2,3,0,0,1,4,1.5000000000000002,28
5D92C10E5AF97AB839233E59DD9BB047,2,0,0,0,1,5,1.75,12
4F8EFC8E118757B3092CF7E7CD242EC6,0,0,0,0,1,1,1.0,1
7A287E8E93B71D821F0126E7B45F247C,1,1,0,0,1,2,2.0,1
18F1D088B1EB9D132DAD6A89E50EB6B0,1,0,0,0,1,0,0.0,1
5D1CAB6EC6E57DE08416FD957BF8CFFA,1,1,0,0,1,1,1.0,1
3745F700BAD39C72B06F4C4B82F2B509,0,0,0,0,1,0,0.0,1
01584C13B91809E976B16BC90DBC11C8,4,0,0,0,1,4,2.0,2
9868E9532ED12A62FE64314FF8021BE1,2,0,0,0,1,2,1.5,2
0B6E404410BFA800282513BDBD639445,4,2,0,0,1,0,0.0,1
175F58EA73BE3629EF1D1C65A85BED45,0,0,0,0,1,2,2.0,1
5BF7AFF8FACA9401CB5E0D7354479441,2,0,0,0,1,1,1.0,2
545182C3DDA3B8F17547979958C0CC01,1,2,0,0,1,0,0.0,1
752946614C0220F566150D50BF202292,0,0,0,0,1,1,1.0,1
95B590F12E8E14749D6634ACD4AF518F,0,1,0,0,1,0,0.0,1
24481A9B27DC3C7CBB85205A6F8E395C,0,0,0,0,1,1,1.0,1
9556C9CA087D6F1F8CEEB93600B40C44,0,0,0,0,1,2,2.0,1
20E588F3F11F528ADD0B62CA75970AFE,0,0,0,0,1,2,2.0,1
DAB6E77571E27FA5EB2BF9372A3153FB,1,0,0,0,1,2,1.5,2
7331597E5500811253BA85AF851A193C,0,0,0,0,1,5,1.4285714285714284,14
879503A3ED5F2DCB6592E99C42E1BDFE,18,1,0,0,1,2,0.5,4
33443052ABE335E361BACA959B64F9D4,1,0,0,0,1,0,0.0,2
4DC9F697BC804EF01DE54450058C94DD,1,0,0,0,1,2,1.2,5
3E9E5F8973DBFE3B3E8B010418AE96B7,0,1,0,0,1,1,1.0,1
54BCF572C10B4EAB7039E5CBE4BFC9AF,1,0,0,0,1,2,0.6666666666666667,3
72946F932EBBBFA6C72D662874D2E4D5,8,0,0,0,1,0,0.0,1
44CB977CB944DE7FD71943CE9A304F9E,0,2,0,0,1,0,0.0,2
0D352ACDE1D7322582DA190A12324AC7,0,0,0,0,1,0,0.0,1
547B302F4867706CB533F646E8C6DB76,0,0,0,0,1,2,2.0,1
69DACCA0B6DC1881F25891A11D8AA1CB,0,0,0,0,1,1,1.0,1
D6C62D17A18603EEE645F28835D54DEA,4,0,0,0,1,5,1.75,4
EEED36297DE224E3E34468ECB0BA7AF5,1,0,0,0,1,4,2.0,6
74F8D02C43FE7F37B171E58F271EBDBE,0,0,0,0,1,0,0.0,1
A309E91EE13627150CD983A9AB8E4689,0,0,0,0,1,0,0.0,1
0DDD1805E6816ACD3C1872DC5CABCEB7,0,0,0,0,1,2,1.4,10
BFF1A19920227E02D472A1BE39FDB719,2,0,0,0,1,3,1.5,2
E92E2C4D69F2105354734304818059B6,5,0,0,0,1,5,1.5333333333333334,15
31CB8094B5BB97C4EEA1D81E83F7EEFB,2,0,0,0,1,5,2.5,2
A06AB1896BDD0399E5BAF0FC21545C7C,0,0,0,0,1,1,0.33333333333333337,3
54FFED2C07FB4EFEE9507B33DCE6C9D8,2,0,0,0,1,3,1.6666666666666667,6
2A34EECEFBCD989C596548A449EAFFB6,0,0,0,0,1,2,0.6666666666666667,3
1C5852C0158D85B4C14E6AA1FF9E7BCD,0,0,0,0,1,3,1.0,3
F48068D48F128396D10068654BD1CB74,17,0,0,0,1,1,0.33333333333333337,3
5D28830C352D6C4948D17DF0869A1D3F,0,0,0,0,1,2,2.0,1
45C1FCCA43D98B1AB48FD3AD848A7C6E,1,0,0,0,1,2,1.3333333333333333,3
FD14331D2CF05B22B231894A3A66B276,0,0,0,0,1,2,2.0,1
3045F09907697C3482EBF0238A929C2E,0,0,0,0,1,2,1.6666666666666667,3
A00FF1CAD02B5285B41A496690A51D5F,8,0,0,0,1,5,1.3846153846153846,13
CBA37B8C40516BB0ADDF8F733C6DDEEF,0,0,0,0,1,0,0.0,1
475B281839C403CCF826D0D44890BFA5,0,1,0,0,1,0,0.0,1
FCCCA96FC69F9ABD2CE486E809665499,3,1,0,0,1,1,0.5,2
5E93E43C911DE1ECEA0A7C50390C57A9,87,73,0,0,1,7,1.3026315789473686,76
AC4D3AAC3EDAB6120884230F25A8C566,0,0,0,0,1,2,1.0,2
B563CCAD7F0812CFC2FE5A008AED7235,0,0,0,0,1,2,2.0,1
C4D1C99D17E5D947C84BFA3891A51114,0,0,0,0,1,4,1.3333333333333333,3
21800364E4A96B779C0E2ED76E4972B4,4,0,0,0,1,3,0.75,4
92A89E9510CF4A3A7E113A3DD9088798,4,0,0,0,1,2,1.5,2
1DF0F4E1CE4120E992308FCDF255132D,0,0,0,0,1,2,1.5,2
C448E6809C5FA2007C8ACC2CCC189899,1,0,0,0,1,0,0.0,1
D3C99E5B1BE571F067B6F98538A6EDBB,0,0,0,0,1,3,2.0,3
3EE6BBFF15854DF1D45D72823E1EE1F3,0,0,0,0,1,0,0.0,1
F41E5BD58215099E0B31A375888C03F1,0,0,0,0,1,4,2.0,3
A5D2D3E1A07D15963BE22DEEEB5A5D14,4,0,0,0,1,1,1.0,1
3ADA67C233E5339F3E2A2D257B8FDF3C,1,2,0,0,1,0,0.0,2
EA5BB7E5523551263BB02DB93394B96F,0,0,0,0,1,1,0.5,2
ED2314D19E295AB82F96282D3CE4410F,6,1,0,0,1,1,1.0,1
13D184B141FD0B65D3D4A228C32224F1,0,0,0,0,1,3,3.0,1
8D86121A671969882C35F9E4C325EECE,3,0,0,0,1,1,1.0,1
973CF88EB3D0546B01FF74D5C60ADFCA,4,0,0,0,1,0,0.0,1
69E6198BD415FAE3B7776070BD41238B,1,1,0,0,1,0,0.0,1
587B7361E91394D3BB6B8214672C4B91,0,1,0,0,1,0,0.0,1
87BA8BABDD856947ECA2C775C8A49EDB,0,0,0,0,1,2,2.0,1
41CB6D216198324FB661BB63F77D9444,0,0,0,0,1,3,3.0,1
87AED76202B40E00ACB495236C4E04A5,5,0,0,0,1,2,0.6,5
1D1DE937C56D8B8E818B6E1E2CD18001,2,2,0,0,1,0,0.0,1
287E54E8B78C6AD1B44D6A07EDD6D5EA,2,2,0,0,1,0,0.0,1
562EF51CF6EE065F24314478D6D8A722,0,0,0,0,1,1,1.0,2
72CBC4608FF399EA3197358671935853,18,0,0,0,1,5,2.3000000000000003,10
22C21FF06F4332EEEA0BC335EBB140EF,0,0,0,0,1,2,1.5,2
92166813D5CA0396CCBA9B7DDFFB532E,0,0,0,0,1,4,2.0,2
4D9C998A69EE0B5C39990F9D512330BB,0,0,0,0,1,2,0.6666666666666666,3
27B049DE30435E4EC72D3A394AF2617F,0,0,0,0,1,2,2.0,2
574B7EBFD4F590AC6F9BD8FFDC9B45C4,1,0,0,0,1,1,1.0,1
0C56C6D468327A2EA79ACA93B120119C,0,0,0,0,1,4,2.5,2
2F512AF9E9263BAF303E7010B29B222C,0,0,0,0,1,0,0.0,2
44FD30BAB40D4707F787C08D6F67917A,3,0,0,0,1,4,2.25,4
37DDB3680762B550822DDB952BF5F8C2,3,0,0,0,1,3,1.6666666666666665,3
1CC6149DC59EC6D8FC8B08CFD7912987,1,0,0,0,1,2,1.5,4
A916476A0047CB47A1B13C19B10A8866,0,1,0,0,1,4,4.0,1
64B3DEDFD3F788EA434899192AEF5F36,2,0,0,0,1,2,2.0,1
5B39583E86BB0619B0BE66C597BDB9F1,2,0,0,0,1,4,2.75,4
8C2AA846C83B1608DD8DF6428B90D64D,1,0,0,0,1,0,0.0,1
2B6E70EB94B34CFD3C7A98F20505DF0F,0,0,0,0,1,1,1.0,1
C1327B694B124442335CFFD6FD3B15EC,6,0,0,0,1,3,1.75,4
1328725B72E37B343BC52191BEB5710E,4,3,0,0,1,3,2.0,4
4AD42EA69A2943E24B630CD58571CB04,0,0,0,0,1,3,1.5,2
38DEEAB5F723A89A66CF180A175808D5,0,0,0,0,1,3,3.0,1
B4E80A7992C6F1E4EF163BAA3A54041A,2,2,0,0,1,2,1.25,4
2F5BBABE9DD0271DCD62E501F76DA736,2,3,0,0,1,1,1.0,1
4E0D2F7E40746B90029E4F4241F9ECA9,0,0,0,0,1,1,1.0,1
7A28733F84010818643F55D68DEBE03F,0,1,0,0,1,1,1.0,1
F7440C5660BC904383AFC518162113D0,1,2,0,0,1,0,0.0,2
774D5FA1F1BA99B7BE418D1BFF980B23,0,0,0,0,1,1,1.0,2
34A4A582304A863F382FCAE932138058,2,0,0,0,1,2,2.0,1
05B5E4EA8ABA0B2A4020DE6309DC183A,29,11,0,0,1,4,1.1111111111111112,18
949DC369B1AB32FCB10B9D6E4B367DE7,0,0,0,0,1,1,1.0,1
098DB0065C9C20492CB3DA17508D4A25,2,0,0,0,1,1,0.5,2
3ECFC6975EF5198AF9557A4D7A172BBD,0,0,0,0,1,2,1.0,2
6A5EFD85690E932E4C31B35F22CEDF7C,2,0,0,0,1,0,0.0,1
126A99C543C81E78041837F33D37CE43,9,0,0,0,1,0,0.0,1
9B454A2CBF8F063C573353753AED590F,0,0,0,0,1,1,0.5,2
21823EDEBD661D18D83511A92BC1CED2,1,0,0,0,1,0,0.0,1
2D7A20839A8B9314F5F8C16676591A76,0,0,0,0,1,5,3.5,2
6FDC6FEEB3322E8A4DBF35E48178FB45,2,13,0,0,1,6,1.8750000000000004,16
5EF06C7906632F51D56DD10289191BDA,0,0,0,0,1,3,3.0,1
8B47681C5D1B19C3927E92404548290D,4,1,0,0,1,5,3.0,5
61CADB51B3B77EC78DFAA937B3FF8230,4,0,0,0,1,1,1.0,1
43EB2EA474E77679E6F87494A58E341E,2,2,0,0,1,5,2.0,9
B10A516DEF577F49F1BFCD3C086DF3AE,8,1,0,0,1,3,1.0,7
3D4E673690596D1710930116C2D99E8E,0,1,0,0,1,2,2.0,1
665C3DAF28268AC5DE6177AEA02EDAC0,2,0,0,0,1,1,1.0,1
5724759FFFC16001506A361282B8A0F1,0,0,0,0,1,2,2.0,1
E71BEE667B4B4F8709D1EA5328EC6A49,3,0,0,0,1,1,0.33333333333333337,3
1611A8EAF92912A6AE4289CE15EB7411,8,0,0,0,1,5,2.5555555555555554,9
5CF876E78C9847AFA7F135ECBD5A1093,0,0,0,0,1,4,2.0,3
B7D5CEC07A093344D4E73F5C3991B6DF,0,0,0,0,1,1,0.5,2
114389D223DF4A7C5C95F096BBCCE534,2,0,0,0,1,3,3.0,1
15FB9A870675A5F2C7FF36BC676845D8,2,0,0,0,1,2,2.0,2
709E5B62649B42F1937CC565E652D58D,0,1,0,0,1,2,1.6666666666666667,3
951C483048D3CD18A7F27AC9C1B4DD0A,2,0,0,0,1,3,1.3333333333333333,6
3AA6FAABA6A18AA2F8927EFF931DD736,1,0,0,0,1,4,1.7142857142857142,7
1AC4053414419B71EA8C2117801E12DF,0,0,0,0,1,3,3.0,1
73997EE13D4A31E26F47C026EDEF9CF7,0,0,0,0,1,2,2.0,1
8CBA4BAC5AE194C4D11DD975FAD24DAD,0,0,0,0,1,0,0.0,1
19519C8B5C9719D5C25FB338B491661F,0,0,0,0,1,3,3.0,1
7D2EBC1679612F3A03BAA39834B43E51,0,0,0,0,1,0,0.0,1
ED15641FFE2528511227B477005BAFA6,0,0,0,0,1,2,2.0,1
959635567E419A061EECCCA478EDC718,26,1,0,0,1,4,0.9130434782608695,23
9D0C09CBAF30B0F179FF4F1B61679458,1,0,0,0,1,3,3.0,1
815E993C6CFE9A842858A0D2F20D8663,2,0,0,0,1,5,2.0,4
76DC62AB78716962E04332447C9FFEA2,3,0,0,0,1,3,0.6153846153846154,13
2C0308CAAC49EAE73174F5110D76F2C6,2,0,0,0,1,2,1.5,2
BD23A737D75442D2C32CE2259D15D624,0,0,0,0,1,3,3.0,1
27954A1D70BCD7F326F926A5D5B666E6,0,0,0,0,1,4,1.0,4
58F3D672BBC613680624015D5BC3ADDB,100,3,0,0,1,6,1.4210526315789473,76
712240BA0F93717BDA01B4FA84CD3616,0,0,0,0,1,5,3.333333333333333,3
1BCBD81E38843F32FCEB2CB5C8824543,0,0,0,0,1,3,1.6666666666666665,3
7820DFB618A2893C7F460B6D13236527,0,0,0,0,1,1,1.0,1
791BE8FA1CCC5891A2F504EA69CFA35B,0,0,0,0,1,2,1.5,2
A0BD8C1DC54A57DAD494FB3941800B9D,6,0,0,0,1,5,2.833333333333333,6
CEE2B7FC14A535398A13AF03AC95EF96,1,0,0,0,1,3,1.0,4
32C8F5DBE5830F79A354073FF767FFF6,1,0,0,0,1,1,1.0,1
D4EC4DAD608E47C043A3A6E659050CE3,0,1,0,0,1,2,2.0,1
7F2D59D791EB2BFCE7DC5B694C3FE456,0,0,0,0,1,0,0.0,1
E9C87789BFFFA2A2D9E45C0CFADF855B,0,0,0,0,1,0,0.0,2
6CC37EF35F4C54B1B5F4A0A10463F2F6,1,0,0,0,1,3,1.25,4
FF5D70EFCA9F6F557CF9167A85E44297,1,0,0,0,1,3,2.0,2
EE62FE8C8A0B9001F267B02113671D91,4,0,0,0,1,0,0.0,1
15C4F138B0EC5856F04B27A5D4EBBC65,0,0,0,0,1,1,1.0,1
BEDEE4966BAF2B5A645FD658F377F41D,0,0,0,0,1,3,2.6666666666666665,3
EAD57FD540013FF3C15701FF4B6BDFB1,1,1,0,0,1,0,0.0,1
EDE016882F21502CDE760922CD8DC0B5,1,0,0,0,1,3,3.0,1
1D763A3E95386CEEF80C5174E6216F8C,0,0,0,0,1,0,0.0,1
EEA00C45CDC47167CBA1E443296B5B64,0,0,0,0,1,1,1.0,1
2504277ABC556ECFA3D318481F0C1896,0,0,0,0,1,1,1.0,1
89427602D4335C85A7205E64B3347655,0,0,0,0,1,4,2.0,3
46CA92D04BFF870993303FC1731896E4,4,0,0,0,1,0,0.0,1
4F627EDDBEA9456543CCE4E2A24A4219,0,1,0,0,1,1,1.0,1
EBC93C4A364F6830FECB16C6482F0D58,0,0,0,0,1,3,2.0,2
F1715AB43436224B347F1A1900A1FD85,0,0,0,0,1,6,1.7777777777777777,9
0C873D77670D1231E2C1DB2F833679D0,6,2,0,0,1,4,0.9999999999999999,11
EAA94C177C0F6F2D600738343DA35846,0,0,0,0,1,2,2.0,1
CFA8164CBD856E29C79F5221226FCDF0,0,0,0,0,1,0,0.0,1
C6CF4D5109EA104FF5EE72BF5C35411F,0,0,0,0,1,0,0.0,1
1B308AABE0C0776DA813D7284F8B1C18,0,0,0,0,1,1,1.0,1
D238FB1FA7558DE396914637855D7BEB,1,0,0,0,1,2,1.3333333333333333,3
DF47CF0C5A2D7E07F910CDEDC94CE4A9,3,0,0,0,1,3,3.0,1
4729C4318C2C34F9F77907EB362211C6,0,0,0,0,1,1,1.0,1
4F6D952B0D06FAFB9880AFF343AACD0B,1,1,0,0,1,1,1.0,1
1A6F91AC412F27E9BDBD9BC56C86C403,2,0,0,0,1,1,0.5,2
8EFE27F10A3260E7BA120D0BA1E1D119,1,0,0,0,1,5,2.0,7
965B1F1C52AD2BE879FD39CB514DD43C,0,0,0,0,1,2,1.5,2
08EA5579A2BB5C5672BFAD4C87F4943E,11,7,0,0,1,3,1.3333333333333333,3
DD28D9CF38C491D9B8FFAAF309320F3D,3,0,0,0,1,3,2.5,2
0797AC2E61DD6318AD122E3CE0C79A63,0,0,0,0,1,2,1.0,3
6E887C53EAA1862BABB88774100BE8EF,6,0,0,0,1,5,1.7499999999999998,16
930986CDDBB436E3400F091C6EFE9BE8,3,0,0,0,1,4,1.9375,16
DAEC1ADA21450FABD3B124D69FAB3540,3,0,0,0,1,0,0.0,1
3190BDA74D3644AC3476013D1F9C9A88,1,0,0,0,1,2,2.0,1
7DCD4409BFF09773AAA98252A6E8BE49,0,0,0,0,1,3,3.0,1
9B315637933C6BCF10605929ADDA225D,0,0,0,0,1,0,0.0,1
967F47EC25719DCA73E93357B6A24611,4,2,0,0,1,2,1.0,2
B56E67847E1AE8D6411A5ECCA26585CA,0,0,0,0,1,1,0.5,2
B35B079A68D98EDEBA184E73C2F6FB51,0,0,0,0,1,1,1.0,1
C0268FA5533DD9D80D27848F7CE114BA,1,1,0,0,1,1,1.0,2
E50F7AC0680FD87AD6CE6B6700D209A7,0,0,0,0,1,1,1.0,2
F9FEF5BC25A8C2034E317847A6452DC8,0,0,0,0,1,2,2.0,1
6A07135DA41B81E278341576A26672E4,0,2,0,0,1,2,1.5,2
EE7A52A93F288100FB99A9605998BB7D,5,2,0,0,1,0,0.0,2
8F6C2DDD694F0D65A55269DC359A9E26,0,0,0,0,1,1,1.0,1
1F0D27B8A7E058446D4A6409E2E73B19,3,0,0,0,1,5,1.8333333333333335,12
91A06057C6272653B6006D7A8791DF81,0,0,0,0,1,3,2.0,2
D9C344775C0C1493EE8C62C892C432CE,6,4,0,0,1,3,3.0,1
25E47FA1836137C0429FABD59B15C11D,1,1,0,0,1,0,0.0,1
44759496F6F519B1A4BEF55BE55C631C,1,0,0,0,1,1,0.6666666666666666,3
84D4A14B2F6F8A8AF3DF58E6C67A79D5,1,1,0,0,1,2,2.0,1
B7603B7B3324056CAF6E576ED8EE284D,0,0,0,0,1,4,4.0,1
2927B0054220D4D4565BD60B590F82B0,3,1,0,0,1,5,2.090909090909091,11
16735C50EFFF14310DDA71F3A085FBAF,1,0,0,0,1,1,1.0,1
70B6655AE25633BCA270BF37053DBF20,0,0,0,0,1,0,0.0,1
682A8CD0767A569DC68E7AA0201BFBA3,0,0,0,0,1,1,0.5,2
F580B62369D32FBDE8928279DF764711,0,0,0,0,1,0,0.0,1
CC88655DF7CDE5E8225BA20B5D6EC59B,10,3,0,0,1,5,1.9090909090909092,22
ECF657F22744FE67F33BB5841B9CF483,1,1,0,0,1,0,0.0,1
18688C841952131D9A6A01B81C8F65F3,5,1,0,0,1,4,4.0,1
5249B4686BC5038FBFE36A3E6CCA5B72,0,0,0,0,1,0,0.0,1
4DC5C920B3CE1AE93FE81D37A34A70DD,5,0,0,0,1,4,1.2000000000000002,5
34ED6E332B214BF3E9825892675C4DB9,0,0,0,0,1,0,0.0,2
C59CAE21FCFCD556A00D961A16891732,8,1,0,0,1,0,0.0,2
E61A380E8D23814F4247CF6D2E11F13A,0,0,0,0,1,4,2.5,2
8558D5249FC196564CFD6ACD4FFA7F0A,19,0,0,0,1,3,1.3333333333333333,6
57CC3D00AF896BC5B330A8749995AE5E,1,0,0,0,1,1,1.0,1
A7A23172C4418FA7E936DB668F34B2C8,5,0,0,0,1,3,2.5,2
E3D819116CCA3A67FC79FDB85F4CFCDA,1,0,0,0,1,0,0.0,1
592969D6BAA406ECAF071F74C1F74724,1,0,0,0,1,2,2.0,1
209F61E1408331118A1929019A12FF0D,0,0,0,0,1,6,3.5000000000000004,4
0F52329D86C8201D2921BE648006E647,1,1,0,0,1,2,1.0,3
7781640182D204CBB9ECF9829B01C1EC,0,0,0,0,1,3,2.5,2
E363394AC2BAAD51C9C25B17402EDD23,2,0,0,0,1,2,2.0,1
FA63B8C67DBF27A9C02157A323487F1E,0,0,0,0,1,3,1.5,2
0E10123B79C73F4F30CC49462652D604,0,0,0,0,1,3,3.0,1
1918604BFCCA6992E962C7BE9B7737C8,0,0,0,0,1,1,1.0,1
86B2C983E54A5676FAB52B0DCE44A33D,1,0,0,0,1,1,1.0,1
54401350FE5D044AB43CADFA2FC487C8,0,0,0,0,1,3,1.6666666666666667,3
273AC3CB77FE4AC9FD5167A04DD05F6C,2,1,0,0,1,4,4.0,1
D8995B39CDB121EC37EC90025DB53B6D,0,0,0,0,1,1,1.0,1
0522DA831987D528A1379D29EBF9AFE3,1,0,0,0,1,2,1.5,2
1FBF67434F103A94B29D5DB5C7976FF8,0,1,0,0,1,5,5.0,1
64BA3BB3BD757CE7000D38CB7125E6DA,1,2,0,0,1,3,1.5,2
CFCB5C549B4020C45F4E05A43D0427AC,0,0,0,0,1,6,6.0,1
E65E851174877229A408285D4A9BAFE7,1,0,0,0,1,0,0.0,1
CD936C60130D12C06E388F8EDFEA7105,4,0,0,0,1,5,2.0,11
8DF7A400A7CF3179E0CDC1CB883168C1,0,0,0,0,1,2,2.0,1
C2EDAD22F64D3A29519FABEAF3BB36F5,0,0,0,0,1,2,1.0,2
E9B743F7B861461790B45F6AD8D8E8AA,6,0,0,0,1,2,1.5,2
A4DB05FC8E2542E121D371E0DF84D395,0,0,0,0,1,0,0.0,1
08AF36C03141326F99FD0F257E0972A5,0,0,0,0,1,3,1.0,6
9C51E4CF87983A8D97914EA52AE0D15E,1,0,0,0,1,0,0.0,1
65B3EEC3D19FE1B2C331B7103F3DAACE,1,0,0,0,1,2,0.75,4
63314CAC60C025B9757C2FB7C70B3E70,0,0,0,0,1,0,0.0,1
849938168F737FB0F6311F088956C871,0,0,0,0,1,0,0.0,1
20C5DC800ABA240511EEBCBBA9354199,2,2,0,0,1,3,1.8333333333333335,6
0FD8410E5528FC512E551697BB8911C8,0,0,0,0,1,5,2.166666666666667,6
5EB6BA006F2964CBA16989BC05ADE5D5,38,0,0,0,1,4,0.96,25
E53712CD908262E5D764F35F44F405A9,9,0,0,0,1,4,2.0,3
0826E67398AC2D423C25FB5063531687,2,0,0,0,1,2,2.0,1
F10D70711E67799DFE3F07222719FF59,2,0,0,0,1,1,0.5,2
D2B653E261E65FEE343CBF655347ABD5,0,0,0,0,1,5,2.8076923076923075,26
DAD51A0036641CE0E22A8241FA05151F,7,0,0,0,1,5,1.4285714285714286,7
DF4757045536333DB02FD31C14F3A611,9,0,0,0,1,5,1.6500000000000004,20
B1970CFE309A0D51F16C4FAC89BC2FB8,2,0,0,0,1,1,1.0,1
B081E087ABDC8FE6FB390ACF48CD61D8,4,1,0,0,1,0,0.0,1
A8E8B8CC06D85522C293A4392A5F9A19,0,1,0,0,1,0,0.0,1
C9984C893129F36C22E12AF00379716D,0,0,0,0,1,0,0.0,1
92E8C06E99AD5C2F543377F5C1423FBD,0,0,0,0,1,0,0.0,1
537B074515EB8F5DDF89269910D94309,3,0,0,0,1,3,2.3333333333333335,3
C5F7AB0A9091A4EE8A5E6DE9013AE8F3,0,0,0,0,1,0,0.0,1
7FE92BE3E8A62547AE421FCEE6A9BAFE,1,0,0,0,1,1,1.0,1
B323329B7260E172FC3D1CC3AFF5C38C,0,0,0,0,1,3,1.3333333333333335,3
CDE368BF2F8913C9BC2446149D28F024,1,0,0,0,1,3,1.1666666666666665,6
A8D7DCCA39D8703F2928AD2D7BBB6BE9,0,0,0,0,1,1,1.0,1
40E1A34491F4550694DFFE7A04722559,0,1,0,0,1,0,0.0,1
548C38A983EB2EB88DC1DEEA9DE6DED9,1,0,0,0,1,4,4.0,1
606374ACEF358A41384C2A41E0E632F1,24,0,0,0,1,2,0.5714285714285714,21
16015784B69B59CAD1A4E556DA48ED50,1,0,0,0,1,3,2.0,2
FF2667B2C3C60D19E7B7D63C99BB4CAA,0,0,0,0,1,1,1.0,1
5C587774EFDA6FB9160BCAE02960E4E9,1,0,0,0,1,4,2.0,2
E643F6549E6C7EA0FD01EF4BF7A40F76,0,0,0,0,1,5,3.5,2
85B81DFBB8BB85929FC509B07521581A,1,0,0,0,1,3,2.0,2
DFE4027B871D8075EB948D5D8A19A1B0,0,0,0,0,1,3,3.0,1
66E8EE325A3E6369E607998DFE9E13F1,4,0,0,0,1,3,1.0,8
EDE9774965076EA2D67856958333CB3C,0,0,0,0,1,0,0.0,1
4C36BFA4815653041AECFAE3AC23F60B,2,1,0,0,1,1,0.4,5
414C0660ADA40317EB4FDBAE82F9E2C0,2,0,0,0,1,2,2.0,1
96A03AA83F8776AF09E7B49BABF81879,1,0,0,0,1,2,2.0,1
8FA32288838A699CAD94D57C8B3F7EF1,0,0,0,0,1,0,0.0,1
0F67E233B19D2898229CD156974A93AE,0,0,0,0,1,1,1.0,1
690DA199396D35B845005CCD13ED8D67,0,0,0,0,1,1,1.0,1
4500595CA1FC3CBC6140A502240FB7B4,0,0,0,0,1,3,1.3333333333333333,3
E080406D26F71C9B8F331779CE8B82BA,2,0,0,0,1,3,2.25,4
AB32482D193E2CE166B59F82EF78D8BB,0,0,0,0,1,6,5.0,2
DCEFBF52331910FC267F07111AD868F9,2,0,0,0,1,0,0.0,1
C87172398F5BD82E971EF9BABC662415,0,0,0,0,1,7,1.7692307692307692,13
F4F4EAE9439622EA3CA9489A52E7230F,0,0,0,0,1,5,1.6500000000000001,40
42B0EA9C46944FD3177C30038D4970B3,33,0,0,0,1,5,0.846153846153846,13
FBD79E66D070E98FEBEA4F6FD0215673,2,0,0,0,1,3,3.0,1
48C8A04DA2A666406E943C164A94D0B3,0,0,0,0,1,3,2.0,2
EBFE0623EF1109A89B392B9DF4375951,0,0,0,0,1,2,0.5833333333333334,12
CA04708DA02378999ECB402481FF1AE4,0,0,0,0,1,4,1.625,8
3875A92B5F5C2BBA1355CED06A986079,25,0,0,0,1,1,0.5,2
F7C7DD905D28BADA4747F8125F914B1E,0,0,0,0,1,1,0.5,6
47216088A078D06F9220263FAF964F10,0,6,0,0,1,4,0.9999999999999999,16
529D89AA89E4F16388548D708D072CB0,1,0,0,0,1,4,3.0,2
F3917138A3D4B03ADA1C2E77E3B84649,0,1,0,0,1,1,1.0,1
CBB86399A4729FD6E4E827C7EF354A12,5,0,0,0,1,5,1.8000000000000003,15
964B4CD39C016A29E8D2B1A67E30E92C,0,0,0,0,1,3,1.3333333333333333,3
E512079B53179DF9A608CF4ADE47DE9D,0,1,0,0,1,3,3.0,1
472451071AED6FF801BC0FE66706FD27,0,0,0,0,1,6,2.3636363636363633,22
BB01CFA7679511924CB5EAEC663D73BD,0,0,0,0,1,5,3.6666666666666665,3
E679FCA51EF222DDC0F7EFCEF502AE7D,4,0,0,0,1,1,1.0,1
7EBEF9ABE5C8F7D340BC26927366D13C,0,0,0,0,1,3,1.5,2
CABE7E24215A5C36862658A36AE5CE12,26,2,0,0,1,5,1.547169811320754,53
E5A2CB7A471E740E758BE5E2E0C79BC2,0,2,0,0,1,6,2.434782608695652,23
08CF007703DFB7779D094E50DD6E160C,0,0,0,0,1,6,3.666666666666667,9
898B790ACC7834117A9B2C98A8B6F1F5,0,0,0,0,1,4,1.2666666666666668,15
328DC7FE55E8881B2EA668C9A2855BB7,10,0,0,0,1,0,0.0,1
963A475A1AC66941EF4465B01C156487,1,0,0,0,1,1,1.0,1
01C784BDB7AF4DC8DAD6DCD21AF56E25,2,0,0,0,1,5,2.6363636363636367,11
3E7C22BED274315711370298B923208B,0,0,0,0,1,1,1.0,2
7436514EF3E15C5DF15939B047CEF45D,1,0,0,0,1,4,1.6666666666666667,3
2B26691384C88E9E6E1E96D17FF17D59,3,2,0,0,1,2,1.25,4
8AE0BEA642E3BFAADCABB2FFC6D4B6B4,2,2,0,0,1,0,0.0,1
4C7287772EEA782055CEA8BE33F17409,0,0,0,0,1,0,0.0,1
8C77FACE3B426573D2671586E836624A,1,0,0,0,1,1,1.0,1
1CE24AF6A53E7565CB3661566E11FAC1,2,0,0,0,1,2,2.0,1
31334ECCEC5C9988469EAD462A6C4D47,10,0,0,0,1,2,0.6363636363636364,11
9885FB3459F17DF14AF16CE740C59817,1,0,0,0,1,1,1.0,1
9F854B3267EC4518FA3F1433127788AD,1,0,0,0,1,6,6.0,1
865310A99FA254F16CF10C1997D50D18,2,0,0,0,1,6,2.4,5
FB4279668FA21DA32EC1DE9898464796,0,0,0,0,1,4,2.8749999999999996,8
C8C53133B4F113D6B4A58839B5BB562C,1,0,0,0,1,4,1.8,5
6A25007C8697286769D6CEBA9BDF9AC1,10,0,0,0,1,1,0.25,4
EE843FD90E2498AB3E634DF7D42F57BC,1,0,0,0,1,2,2.0,1
26E86A2E3E01E89467AE434BBF204817,0,0,0,0,1,1,1.0,1
5F02504DBABE464F638EC55C073A61F0,1,0,0,0,1,4,2.0,3
59454BAC415BB1F18517C6FD2C023E49,0,2,0,0,1,7,5.0,2
23491C9E5BDDFF9CEDBCD7FDFF1ADF76,1,0,0,0,1,6,2.9285714285714284,14
236508FFA944FF2B18FC5B27ECC9C63F,2,1,0,0,1,2,2.0,1
5CC434A43CB09640FC6BE2D7A18183E4,0,0,0,0,1,6,3.365384615384615,52
064AFD96EE4067943B1EBE1A16ADDF9A,1,1,0,0,1,6,2.4999999999999996,8
71EECDE29F53DAAEFBF9EDE72A140863,0,0,0,0,1,0,0.0,2
1B3AD9683D475EFB398E131DFE65AE61,23,0,0,0,1,2,0.8,5
0046A2D1B1135C0AB4462B8FF036739E,0,0,0,0,1,0,0.0,1
018F03084C88E944163F76A0D0C2FBA1,6,2,0,0,1,5,1.8499999999999999,20
7010E53372648835E07BC5A1B8D4D753,2,0,0,0,1,3,2.0,5
7ED6E1D0AB01378913666D674085E1D2,15,0,0,0,1,4,1.6750000000000003,40
965FC531923B5C0A729699867681AF83,0,0,0,0,1,1,0.5,2
55BFC405FFA33C0781DE73101011E45B,2,0,0,0,1,5,3.333333333333333,3
049A296C5B282AF7100E0BC093589617,0,0,0,0,1,2,1.5,2
184FAE1A4D9A74D077E3D2DDD433C1C9,6,0,0,0,1,1,0.5,2
2B88F6144EE78D0EF8CF3489A6C4F50B,9,0,0,0,1,4,1.0,10
510325869DEE5072271B24E3577D15AA,0,0,0,0,1,3,2.0,2
1BC73ADA7F2F0F52E10C652ED21F7A76,0,0,0,0,1,3,3.0,1
9877B65E26AA36C38175076AA075E961,2,0,0,0,1,4,1.857142857142857,7
6B9090FE0B0A8CA5C7F80E021AA37D38,0,0,0,0,1,3,2.0,2
0B08423CCD5F1503B5A8B306FFED999C,16,0,0,0,1,5,1.694444444444444,36
30DA335301915FFBD0A384553805EA15,1,0,0,0,1,4,2.666666666666667,3
091770A1325101155A651F90D283DA35,2,0,0,0,1,5,2.5909090909090913,22
8762A39B61912B4FDF4165FD4F2A782A,0,0,0,0,1,1,1.0,1
424D2424A85B8D59EE044FE93D3E71D5,3,0,0,0,1,2,1.0,3
83BD27971776343AEB7619E0E69CC01F,0,0,0,0,1,0,0.0,1
656D5E8FAC9D770179FDF7E9027AE2CE,8,0,0,0,1,5,2.5,12
8B8CA0D1ACB551E3A654AD05FC0F2CE2,0,0,0,0,1,1,1.0,1
4525693FE38C11BA8E5D0BD59256D05E,0,0,0,0,1,1,1.0,1
1A2C8AB161CC3D09C4454D30505C7DE2,7,0,0,0,1,4,1.5,4
9C7DC2BC505C29264466D785F881043B,0,0,0,0,1,3,1.2,10
5744618E3CEE5C4C9C85E1F77DEFC235,0,0,0,0,1,1,1.0,1
378431079481767D3F2CAD6612826DAE,0,0,0,0,1,1,1.0,1
0F1B0F6CA38544C25AF8F668E7BED38A,5,0,0,0,1,3,2.5,2
2D2524BD47946B2E9DBC72E15C92BABB,6,0,0,0,1,4,1.5882352941176467,17
8802C1F08F68501AB77C5097CD19CE1A,32,34,0,0,1,5,1.816326530612245,98
09B9D055DF553660713F5A74E5EF4DFE,0,0,0,0,1,3,2.0,2
508683F581F77BD0CB24FD7268EAD1CE,4,3,0,0,1,4,1.0,6
56A100424D040C738450EED033182BFF,6,0,0,0,1,1,0.5,2
13C303BADAA654EAF82FF64A8764C27E,0,0,0,0,1,2,1.2,5
0F89C9C5DD722ABE8A506A102510B77F,2,0,0,0,1,6,1.9166666666666665,12
4642EA5F1F7C9EEC53E4C7A923DF111C,0,0,0,0,1,2,1.5,2
51012EB79345170B6D17DCD2528288D3,0,0,0,0,1,3,3.0,1
7BAFB9764A7D0F7E7F9C1FC7D2C07814,0,0,0,0,1,0,0.0,2
9F4600B013DC8E9AB3FDF054C6464440,2,0,0,0,1,4,4.0,1
75692DD22CA891B4E759451FAC964E31,2,0,0,0,1,1,1.0,1
78D69D40665616BCD0CC02AF669E90E0,0,0,0,0,1,0,0.0,1
C9262E10BCACD67DADD85566E354FEFC,9,10,0,0,1,5,1.8,5
A9E3D5276380398D406DE57C2E67B4FB,3,2,0,0,1,4,1.6666666666666665,12
5877BD06E811B7BE0BCFA8F2D5F72FD8,0,0,0,0,1,2,2.0,1
CD8701DEBA940A6CD50E5776EE553141,0,0,0,0,1,5,2.0,5
BC68DA6C18C9634E924871C65BB339A1,0,1,0,0,1,0,0.0,1
062EFDCE1B385D06E7F44D063AF58A83,0,0,0,0,1,0,0.0,1
9BD663F05EA7660B40800C28E2BF59FC,13,0,0,0,1,1,0.33333333333333337,3
ECA70403104714A13E27D357C7E9CBDD,0,0,0,0,1,1,1.0,1
396B43A65F1C9E66F23926B496D9E8C7,0,0,0,0,1,0,0.0,1
70E0EA911F160D917144A295DFF152EB,1,0,0,0,1,1,0.3333333333333333,3
BF0BEAAEDA831B1E974A03E38CA63058,2,0,0,0,1,0,0.0,1
0E87ED2AE8238840949FC3D627A065C7,0,0,0,0,1,1,1.0,1
AE3F42E7ED917EE6F5216DC1C79EA63C,0,0,0,0,1,4,3.0,2
318A8E10020F114175BB7F0B77676AFF,0,0,0,0,1,0,0.0,1
6D7D83C58768460806C976352567F845,0,0,0,0,1,6,3.75,4
7C2C37C9426C7C4D33BCADF356A6BAFC,2,0,0,0,1,0,0.0,1
FEC117631F54C2699CB76603EBB98CF0,2,1,0,0,1,1,1.0,1
263C111D407C5E17AC6310581C3B9255,1,0,0,0,1,3,2.0,3
437E1E4F1A7DF0CC995FCE10EAC96350,0,0,0,0,1,4,2.5,6
3243A5B73F8E8D6B5735AE9AF4B6B6B6,6,0,0,0,1,4,1.652173913043478,23
DA4FC888A1649C40B3BDD18537EB2F0B,2,0,0,0,1,3,3.0,1
1EE5E68643851D523DFF5B4B03A92700,0,0,0,0,1,2,2.0,1
252AEF85FD074278ECC2D69C593C87C9,2,0,0,0,1,0,0.0,1
C6083281A4BC8AE2E4D7C19D90EB2EBC,11,0,0,0,1,4,1.5789473684210524,19
40A81A69B84A84C1E7577605FA47594C,1,0,0,0,1,5,2.5,2
47EA12911F08D33FC056C202448E720C,0,0,0,0,1,0,0.0,1
960FCE1B809F16F5B0216FBF34BCB302,0,0,0,0,1,1,1.0,1
AA6294D5FA4B73C8167AD547267DAFFD,0,0,0,0,1,3,1.3333333333333333,9
3504CBBE384E35E7C5AE4808FA7A1A7A,1,0,0,0,1,3,1.0,4
9CE9A06A9160C72C36369BAD090B1337,0,0,0,0,1,4,2.5,2
805F3B2AC44D55805F8B5C1660A15CFF,1,0,0,0,1,0,0.0,1
187EB7E773756A1EC9E48BA1EFBDBB5F,2,0,0,0,1,0,0.0,1
2381980E778280D6A575BDA13B563B72,2,0,0,0,1,4,2.0,3
EE7DABF1F36F12991482B8F08D31814A,0,0,0,0,1,0,0.0,1
CCD7BDD21D3AFDF34416A18F77C8D0CA,2,0,0,0,1,2,2.0,1
F04D5FE73F3F0444380BFEB123F71D05,2,1,0,0,1,4,1.6666666666666667,6
2DB65B29C41328FF8AB9AC27B7C05537,61,0,0,0,1,4,1.1315789473684212,38
812A0C9302E7E1A711B416C0904C99CD,2,0,0,0,1,0,0.0,1
6E710F1B0A9D6CF6C31EED3BFAF7C3DB,16,0,0,0,1,2,0.7272727272727272,11
9AD395D5835B6B1B3F212DC7C4B3E60E,0,0,0,0,1,0,0.0,1
45A21F8198EC7C85F07611CE7FFB999D,0,0,0,0,1,0,0.0,1
6E11DEB02A9D120DD07D7C226BE12D63,1,1,0,0,1,0,0.0,1
336F7E31829E7744554E066C1CA86C34,1,0,0,0,1,1,1.0,1
B84CFCC887AD27C4BED3C7AFED3B995F,2,0,0,0,1,2,2.0,2
80810BB18ADB73C9585D86058958AF35,5,0,0,0,1,2,1.0,2
9E29F60A2AC264DFAB9AD5A7D9B0455F,0,0,0,0,1,3,2.0,4
74375465CD17299EBC7C75A1B4047EE0,5,0,0,0,1,7,2.1454545454545455,55
4E45987AAF694F52FB3430360E088614,8,0,0,0,1,3,1.6666666666666667,3
5BBC48A26AF921B71F5ECA44C93C99EE,0,0,0,0,1,3,3.0,1
0169207CA0A27CD81CFA1EC3CA441EB6,2,0,0,0,1,3,2.5,2
5B8588123F79266FB7D635E31A734608,1,0,0,0,1,4,2.0,2
3C312B7D7E359FDEF65DEA269C7698CD,0,0,0,0,1,0,0.0,1
6683CAFB77FB7B60C78CD233EB2B62F7,0,0,0,0,1,0,0.0,1
83332ADEBE6119E35DFBCD17E822886B,0,0,0,0,1,0,0.0,2
5E6A0DBA346E1DC9AEB80140C2252F40,0,0,0,0,1,3,2.0,3
68D807BBAAEE99A0E1A0B3510B2D1556,0,0,0,0,1,0,0.0,1
6E006AE7787652E28434B957E97EBFB3,1,0,0,0,1,4,3.0,4
3FDE806B5F413E9BBCE0BE1BBB3FD523,3,0,0,0,1,0,0.0,1
9CAC53A1073279A799B90D0626F65738,0,0,0,0,1,2,2.0,1
3A0C26FA6AA935479A3B9C75B65D53D8,1,0,0,0,1,2,1.5,2
82D9A39BEF77578F9DCDF6FDD0703FA9,0,0,0,0,1,4,4.0,2
3C61120F4C807953BAE7A32CCE144B9B,0,0,0,0,1,1,1.0,1
577DA50C765E310BC436428F7FE45B03,1,1,0,0,1,4,1.6,5
799D5E5223988F35611AC9B641C0A4A1,0,0,0,0,1,2,2.0,2
127FA8FF0636658FB3478D5B5FEE8B4E,0,0,0,0,1,3,2.5,2
336B6F54B9715947FED7E40B4BC12D4E,3,0,0,0,1,5,1.8888888888888888,9
2DE9CB964C424DB7C1B6DE60E1C6A108,2,0,0,0,1,3,1.0,4
CD896265D2278DDEEDA74C938150F20E,0,0,0,0,1,6,4.0,3
D30F2220312E9771CD8E4FB754A632BF,0,0,0,0,1,3,3.0,1
3F132CE2CAB604E30BFA30826E881601,0,0,0,0,1,0,0.0,1
BF9F1996AE080A0FC6CD928098FE44C8,3,2,0,0,1,5,2.1052631578947367,19
AC02448038D9FBA3BCD3C38197AD1154,1,1,0,0,1,13,13.0,1
B77274E597C03B9D097E3048793EA8D9,4,0,0,0,1,1,0.5,2
5DE9F58989541B95D91F859058BF71E7,0,0,0,0,1,3,1.25,4
B0CA57A6F8F467E104DAD1D74DC5DC9F,0,0,0,0,1,4,4.0,1
916152DCBB42EA6DD295A31DBEAD8497,6,3,0,0,1,0,0.0,2
216B438FD4534C94CD869B6777BD9AD0,0,0,0,0,1,5,3.25,4
BD36A6C07E2A90641194D6311C3658A4,1,0,0,0,1,3,1.5,2
1A2C9C653774421441B4877FC4B49D01,0,0,0,0,1,0,0.0,1
597DA78102EE478A9EFA5810F6EA62AA,0,0,0,0,1,2,2.0,1
9CF3D7BA27449EF30B2B545DE2DABEE0,1,0,0,0,1,1,1.0,2
29DB77B0FD019E4FAA6BE4465F3F8597,15,4,0,0,1,0,0.0,1
8E1BF81EC39EE621C6EF3A595C3EFB9B,2,1,0,0,1,2,0.9090909090909091,11
58354B860DB131CB73C0F6355151587A,0,0,0,0,1,2,2.0,1
B7FB1C68C5CA02017076BB37ECD8D02A,1,0,0,0,1,3,3.0,1
C92D6BB6EEA1571B5E7EE6F4D221EBAB,0,0,0,0,1,2,2.0,1
03F5FA1F5A59372F5540CE7793D99F60,1,0,0,0,1,0,0.0,1
8E9EB6DAEE98975E317428326DF60EC9,0,0,0,0,1,3,2.5,2
819CD8BEBD8830C99FCB20AB67A2248D,0,0,0,0,1,4,2.0,2
923BB1C2E0D174E748826ABC096E77FA,1,0,0,0,1,0,0.0,1
B82B3D3A575586858400C420AA8FCC37,1,0,0,0,1,2,1.25,4
247B17FFC9A82C34B999CFBDA295584F,0,0,0,0,1,3,3.0,1
AC4C761C946B5E45F9A040FED66576D0,56,0,0,0,1,0,0.0,1
53A524139448D0990CFCD5530D6D33E2,0,7,0,0,1,4,1.8333333333333333,12
730E559E3EBF85DDC5E4785AFC108D59,3,0,0,0,1,1,1.0,2
3C70D01246600BA32125AF44750B2014,7,0,0,0,1,7,2.624454148471615,229
C1F519708675990E7A5FC68A65396327,31,2,0,0,1,0,0.0,2
94795A9ADA7A1C9E28C37F69AD515CA1,0,0,0,0,1,2,2.0,1
A31EFE1B3F5804E91783311C5C5831D2,5,0,0,0,1,2,0.27777777777777785,18
8B99ED08546E3BBE23F19B5872F0D880,0,0,0,0,1,3,2.0,2
F821F4BDBC730AF2EBC3D986B3DF5DEB,2,0,0,0,1,0,0.0,2
0A26E7281EC31038AD42F28C930FFF90,0,3,0,0,1,4,2.75,4
AF4E05C3460819F0009DF27E9DC75AEA,0,0,0,0,1,2,2.0,1
F51B579027FD5A53439A25331C76CC18,3,0,0,0,1,4,1.8,5
343EF0B5FF277FA9F30E341F74048B07,3,2,0,0,1,0,0.0,3
26064B703002321E7C06A218885E5EC0,1,0,0,0,1,5,2.5,2
5194FBFDE04D7689AF2B1DB5C5EBF970,2,0,0,0,1,4,2.4,5
6B79073DC6A4D08D7718ABD38722ED70,14,2,0,0,1,3,1.0,10
EDC965462B0007B40A16CAF185D64F68,24,0,0,0,1,2,0.28571428571428575,7
3F555C1CDB825BE1DEF99C15D9FCBA85,1,0,0,0,1,4,1.923076923076923,13
FAEA82CB9B0515460B95BC9F02B6E110,14,13,0,0,1,3,1.0,3
FDF609D70EA9E802FEC9313FD21874AA,0,0,0,0,1,2,2.0,1
7CB35A51B77F8C7CA96E0E84BD479F3A,1,1,0,0,1,2,1.125,8
2D3C9197B27C5849F04E93CA402DD2F4,0,0,0,0,1,0,0.0,1
4B2605822194ABE869CE8DE6DCE0395E,3,0,0,0,1,4,1.5,8
BB063F0A226E371EAC4F1509183E333F,0,0,0,0,1,3,3.0,1
BA1C7C1E81BA65C011CE09F77CAE5B1E,0,0,0,0,1,7,4.0,3
03B685883D78D1DB9F67A86635F9D788,0,0,0,0,1,5,3.170212765957446,47
7C2B51C7FD6A677AA1627FFCCA79CAA9,1,0,0,0,1,0,0.0,1
D01FEF8720B9D9BC061F6866A95719BF,2,3,0,0,1,1,0.3333333333333333,3
8E202A5BDBDA3B56C2DEF142A42CD993,0,0,0,0,1,5,5.0,1
B380065ACBDD1393E54221780C60A656,2,0,0,0,1,5,1.6666666666666667,6
669EEB15F14C92781AD9C446A5651DE0,0,0,0,0,1,3,2.6666666666666665,3
0B1D045553EA5341E7902196714E428F,7,6,0,0,1,4,1.8333333333333335,6
93D2F90F79DCA7962370908D49462B67,0,1,0,0,1,4,2.5,2
1213ED1E96B0A49B51C0F7683DB2ACCC,10,3,0,0,1,5,1.4500000000000002,20
49C4A5128A99610F456ECCA5B641E39D,2,0,0,0,1,5,2.0,3
B165FC31A42C8029ABE8C090881616F3,1,0,0,0,1,2,0.6666666666666667,3
D5E3AB32825D0258F168C3AB8853F3B6,1,0,0,0,1,0,0.0,1
C46B72B0C704733D3E96A58075A13685,0,0,0,0,1,0,0.0,1
83CDDE1D51035F6054BD3A0E5ECBA8CA,4,0,0,0,1,1,1.0,1
21E8E6AD07C15D84DF342090648A45F1,1,0,0,0,1,1,1.0,1
6C1A68600A67683DC12966055B813991,0,0,0,0,1,0,0.0,1
3B62912D9F9755A6EB1253032B84DF9F,3,0,0,0,1,2,0.6000000000000001,5
709DC9F577DF34C36D3B156E1D34DAA9,0,0,0,0,1,0,0.0,1
A94FF1DB15116F965C00A2566F604043,4,0,0,0,1,4,1.0,5
D48CD5208B2A9D30D9AE0D6019644EB2,0,0,0,0,1,4,1.4,5
AAE2720308968F966BD0B71D8DCE155F,0,0,0,0,1,3,3.0,1
43179F39C4923E08D3CD9F3CC7D702B2,0,0,0,0,1,2,1.0,2
8E9FE06D15D2763CC82B3DCF682AC8D0,0,0,0,0,1,0,0.0,1
B655022ADF7101F5EB85840A67DB3FC0,0,0,0,0,1,1,0.75,4
841C0F3B82A3013E0704E26A5EC5DFB3,2,0,0,0,1,3,0.9999999999999999,12
8065F8E98407106A65D35195984B2258,1,0,0,0,1,1,1.0,1
CB1B991A6DF25ACF98BDA2EE3C2FBC7F,0,0,0,0,1,4,4.0,1
4325AF86231B256C63E7BCB479653207,0,0,0,0,1,0,0.0,1
3883FF0DFAB40ECD4EA781FC0D1CE18A,20,2,0,0,1,2,0.888888888888889,9
DC89D90D5DFB91ACC0F70A8831861F4D,2,0,0,0,1,0,0.0,1
48AB910A8DE8485D4C34238EA61F782C,4,0,0,0,1,5,1.5714285714285712,7
5D3BE42F1C3000DE48113CB52CD014C8,0,1,0,0,1,2,2.0,1
14EC3B93608EFEEC1FA22D31EB995403,0,1,0,0,1,4,1.5,4
36B334DDBBD68E73D0D7F65861B14133,5,1,0,0,1,3,2.0,2
89BD2B0E233951461CF06C9B4FDA0D81,5,0,0,0,1,4,2.0,6
9368A6F0F74E5A732FDD15E968D7170C,1,0,0,0,1,0,0.0,1
29393E9ACBB479EF2F7B6E1A805FACD7,4,0,0,0,1,2,1.0,5
63D36AE2F6998F50C6EE43C079D9A755,2,0,0,0,1,0,0.0,1
114809F975272A424C0C0D687B58CF26,2,1,0,0,1,1,1.0,1
64EA802089E68A699EC86438C9504F94,4,0,0,0,1,4,1.8333333333333335,6
0F93A84CB0774C5BAB3E5FF8A72A694D,1,0,0,0,1,3,3.0,1
50054731D2221B2D804976E375EE6A0C,0,0,0,0,1,5,1.7,10
28A1535FFDFB385EBCCCE825EF1E7DC6,2,0,0,0,1,3,2.0,3
93BFE0E1C07C344AF8FF32A272AB02F3,2,2,0,0,1,1,0.5,2
286240F947A426F14DC15B6F6AE130FE,0,0,0,0,1,6,6.0,1
2799EF1245406FFE03DD9E37706C6BA8,0,0,0,0,1,5,3.5,2
BC64EC08AFB9C95167C1610FE33C6694,0,0,0,0,1,2,2.0,1
F4A3B9F9F0D4555ADC48F7BCBD5BEE9C,0,0,0,0,1,5,2.0,9
756FDF230E6C5212EE131183842F1A47,0,0,0,0,1,0,0.0,1
27210AB7E69B78491EC3560089A193AD,5,0,0,0,1,2,1.5,2
47CF72D849A06AC44F8EB4982D2DAF5E,2,0,0,0,1,3,3.0,1
D3F0590C4CF85EA14DA98E0258F655DB,1,0,0,0,1,3,2.6666666666666665,3
47BA149CCC6E62DB7BE4D02C77C2325A,0,0,0,0,1,2,1.5,2
4CA7F349ABD56C5369450392123869B4,0,0,0,0,1,5,5.0,1
D61BDD9A3C4E80F6EA103FCD1D1B60C0,1,0,0,0,1,0,0.0,1
017FFA0093F5423E930694F9D80CF61D,0,0,0,0,1,3,1.3333333333333335,3
D9BE711724EF4540C4236C66AA8F41F7,6,0,0,0,1,5,2.1,10
E7CA17C672DBF5F7D469AB1B8A8110DB,1,0,0,0,1,4,3.0,2
84AFEFA3875BA1F17232CB41D06B6EF4,0,1,0,0,1,3,3.0,1
A0C7369F65CC39DBEC86666BACAE74C6,0,0,0,0,1,1,1.0,1
B49C0DCFE5BEA0CB50296230713A29D1,0,1,0,0,1,0,0.0,1
72213D94DB3A73C5B9997C087A96BF42,0,0,0,0,1,6,1.857142857142857,7
5B0F314F62B74CCD676776E6B51BF450,0,0,0,0,1,0,0.0,2
ED181F172D4B83E2FC08AA7E878D6F8E,2,0,0,0,1,1,0.33333333333333337,3
F1F2C328BF34010DBA50842CA03956E2,8,8,0,0,1,6,1.764705882352941,17
B10AE521352392E4981BA07E0D86081C,0,0,0,0,1,0,0.0,1
21E8180ED9407AC6381243A802EE8F61,1,0,0,0,1,0,0.0,1
2DCBEC6327311308C3C5D6D0D72C57EA,0,0,0,0,1,2,1.5,2
889CB63B3E749D67B844940749B79E84,0,0,0,0,1,3,2.0,2
0B03F14E5FCD2D477173566EA45627DD,1,0,0,0,1,2,1.5,2
520471500948F8B932423DE86347D2C1,1,1,0,0,1,0,0.0,1
508DBEBFA1177CC5FA7CC5ECCEE8D0B2,8,3,0,0,1,0,0.0,1
97533889633426FCBD7C424143F2A869,1,0,0,0,1,1,1.0,1
C584D8F6E0BD0CD6B93B70D964F73AAC,0,0,0,0,1,1,1.0,1
16AAF7C1D78ED1950DE82A6802318C9A,0,0,0,0,1,4,2.0,2
75A2A73C14191136E04500E84FE86E39,0,0,0,0,1,3,3.0,2
84AE5E0387CF80F495D6D1C563BCE6BD,1,2,0,0,1,0,0.0,1
C67312FF72A26ECA5DAC51506FBB0115,0,0,0,0,1,3,1.6666666666666667,3
8E3F5E21DBD60F1EEF4CA7BD7B36E933,2,1,0,0,1,0,0.0,1
4AD68EDF4DD9C3B096154F101E4197E0,4,3,0,0,1,4,1.8571428571428572,7
832D2F8CC8C77F62E309FE25965DFC6A,3,0,0,0,1,2,0.4,5
961687946DD664BB3B10E9F93926E86B,8,0,0,0,1,2,0.75,4
10288A0C02CFF052E0911819003430C0,13,12,0,0,1,3,1.25,4
64F401B4579C5F48CC8B20A65A5BF104,1,1,0,0,1,4,1.0833333333333335,12
7C03C5C81E2B700F2AFD7FA7C5C71983,0,0,0,0,1,2,2.0,1
F2896309AD9F2380FFB71D26060A5A94,0,0,0,0,1,2,2.0,1
303FD8B04DF295670F8CBE660723648A,0,0,0,0,1,3,3.0,1
94DCA111F00495D16D2D36CBB3879EEC,0,0,0,0,1,1,1.0,1
545365F1F32B49089D692761C23D2A84,2,0,0,0,1,3,3.0,1
FBE6F9A9952AC4A0E6B349A9984358D0,0,1,0,0,1,2,2.0,1
C46C5138775FF263089EEB56DA6FE7A0,3,1,0,0,1,2,1.5,2
2719B6F47F167481F850358ACB9F1712,0,0,0,0,1,2,2.0,1
81E2E892D1C23CE76B072FA71310829F,1,0,0,0,1,1,1.0,1
0440FFD9E8480E870EA2C22C5F54648D,0,0,0,0,1,2,2.0,1
A58191BA2B8C31DFB07DCFDBECEC1BBC,1,0,0,0,1,0,0.0,5
3F512C35009AAC06F811B31413462B45,1,1,0,0,1,1,1.0,1
BE1EB5222B4E4A4721ACA60BCC13D2EC,0,0,0,0,1,3,3.0,1
4679DF862ECC1B474D60B654F33A250D,3,0,0,0,1,5,1.375,8
A48E8402E01E93E43524A2746524FF73,14,0,0,0,1,2,0.75,4
DCC600C23B7B3ADDBD014E200AECD5D3,0,0,0,0,1,0,0.0,1
D4EB803AB591614FBCDD778FB166AE0B,2,0,0,0,1,3,2.0,3
E3DEEF5987668C1546A012FEDA321ADC,2,1,0,0,1,2,1.0,2
7AA56A17CAC37BF7E405CF6AF2AB52FD,1,3,0,0,1,1,0.3333333333333333,9
9DB70702AD6350C1150E2AD452047208,1,3,0,0,1,0,0.0,3
D1CCC96CE54ECC9EFE546E9331A4952F,0,1,0,0,1,0,0.0,1
78E4A8CFC0A98959C172F404E98CFB34,0,0,0,0,1,1,1.0,3
5661AEEC40E447451F5FD6A7659F7F79,0,1,0,0,1,2,2.0,1
5BAF661B350C5EA33F775BFCBDD97BEA,2,1,0,0,1,1,1.0,1
D4DDA67EF184AFBC5E2D52FBDEDD7837,1,0,0,0,1,5,3.333333333333333,3
DD92753FA7C32518FFCE6C1DD3D6C7B0,1,0,0,0,1,1,1.0,1
402F034E93C08042F10CAE155CADDA8F,3,0,0,0,1,3,1.25,4
103EF5FEA55D1DE8FA827450FAAA331A,2,0,0,0,1,1,1.0,1
9E394463CCFC516DC905A215D69ADCA8,8,0,0,0,1,4,2.0,4
ED4F7C6CFA054EC8B11A75CDB6B5A2C4,0,0,0,0,1,1,1.0,1
FE57ACE9DC234A25BDAD9CD6BC190B83,15,1,0,0,1,4,3.0,2
63148850FA7088E55C0AFC34082DEC7A,10,5,0,0,1,1,0.5,2
461EEAF2B9223AE1D44C0E8DCE64876C,52,0,0,0,1,4,4.0,1
ED123471AB36252FE3DA91E26FD7413C,8,0,0,0,1,2,0.8,5
8F5022AAD3729CA09F038B3E44BB83C5,0,0,0,0,1,1,0.5,2
44E2A07F3CF42818F5F31EC90F7D24F4,0,0,0,0,1,0,0.0,1
56FA726AC14329729C5A9B020B508034,19,12,0,0,1,5,1.3703703703703707,27
5F999ACCE9C256E1A4408577345DBEE7,0,0,0,0,1,5,1.75,4
835F907F89D3CB8B5010D980D7F2AED5,1,1,0,0,1,1,1.0,3
B2884EF528224A5E0631D23868603057,1,0,0,0,1,2,2.0,1
44FAFDAA5B996F05898D7CFC358862F8,2,2,0,0,1,1,1.0,1
85CA6318E0119F70B454E10A63103655,10,8,0,0,1,3,1.625,8
55BF8BB2457C1E8B554058947A484334,1,0,0,0,1,0,0.0,4
73D2209500E6020F9E35CE6667CB1F33,0,0,0,0,1,0,0.0,1
C0626DDE3E6595365D1A1245EC0A36BE,1,1,0,0,1,0,0.0,1
BC8A92351BA49ADD62A2DBB83754E07A,0,0,0,0,1,3,2.0,2
8BE20F9226C698DFEF83F4F36EB89835,0,0,0,0,1,1,1.0,2
25B3AAEE19578D885353690F6B246375,0,0,0,0,1,3,0.75,4
02FD5F0EA7D59257A5BFB20627E60746,1,0,0,0,1,2,1.0,3
9D583E94D129E45FD88BB9CD4B0F4D26,1,2,0,0,1,1,1.0,1
B3374E269C26063CF828C0BF1924560A,1,0,0,0,1,1,0.5,2
444E29C83744866256A63CCECBB6F854,0,0,0,0,1,1,1.0,1
CF66ABD9B9742075CBDD683A6BC8EED0,2,0,0,0,1,0,0.0,2
8117C3E3EB97FC468CCA46A6E3837B90,0,0,0,0,1,0,0.0,1
3B6779FFA5CE530FC836A3CEBCEA4D65,5,4,0,0,1,4,1.2,5
597430CF73F12A60CDB75F2964E6A7F1,0,0,0,0,1,1,1.0,1
488908B4727978E9813DD50CB3E7F330,0,0,0,0,1,6,6.0,1
59BE43F3FE7AB3F91B016B56508D4C46,0,2,0,0,1,1,1.0,2
61D0E9686333F05C5626EE27B7586751,1,0,0,0,1,2,1.0,2
786FD6D814417107970451F3840EC013,1,0,0,0,1,1,1.0,1
05D19A7D063E273AAFF197B0D8732C5D,6,0,0,0,1,3,2.3333333333333335,3
7387F6410DF04AA0C90789059FBECF2E,0,0,0,0,1,0,0.0,1
6CC62DC4D07B240209DC6837340DDF9F,0,0,0,0,1,1,1.0,1
757F371D73A59AA7B6FB5CF1E6483B33,1,0,0,0,1,1,1.0,1
664FEC313A016F2E48DCD1FAE7A28B85,0,0,0,0,1,2,1.0,2
8E2E923359BE11FA31A9687C4C826CE6,1,0,0,0,1,3,1.5,2
7344BDDB046466F41EE735DA4A223E17,0,1,0,0,1,2,1.3333333333333333,3
74253012A39B1F4DE53D4BFF1AB2B5DD,1,1,0,0,1,2,2.0,1
5E68049FB5C4C88B7A0B8EACC6413E1B,0,2,0,0,1,3,2.5,2
1545A1E5CBABACEAE50C1FBB42DDF415,1,1,0,0,1,2,1.5,2
949DF628F23169FCBDD31F981188A928,13,0,0,0,1,3,1.5,4
056123F19F35C84814901778BBA8075C,0,1,0,0,1,5,2.727272727272727,22
00FA4E62651426F7A747CA94A9435D86,0,0,0,0,1,1,0.5,2
2FCF88BD94734DFF9348293720DD1DA0,4,0,0,0,1,5,1.3846153846153846,13
951198EA67B83884FC4001BD8111AE15,8,0,0,0,1,0,0.0,1
37DEF17DD3761C66B7F56806F978E726,0,0,0,0,1,4,1.1111111111111112,9
FB562D5FABCE6F56A9DF3F0193084939,0,0,0,0,1,0,0.0,1
0EDAE7C1740A79EAE4389A458A4980E0,3,1,0,0,1,0,0.0,1
AD7202B296F59F58E3DDD884E9E9F40B,0,0,0,0,1,6,1.5555555555555556,18
B525B8771E5D7F146BDEB716A99FFB1C,0,0,0,0,1,0,0.0,1
CA13ABD4667A8A80A312DF990036BEC2,2,0,0,0,1,5,2.3333333333333335,3
4D58AB2EDDC594599B0FA55314F04AF0,0,1,0,0,1,3,3.0,1
034B83486AFF197A0752A6B1E7740298,2,2,0,0,1,3,1.2857142857142858,7
92933451712152D67753A6D26DB13826,1,0,0,0,1,5,2.0,3
09AE6B26FBC18008DDA281D674B0B216,6,2,0,0,1,1,0.5,2
E7457A03561570A97A4646A1CDFEDBC8,1,0,0,0,1,2,1.0,2
43C40AF8F7472C4B0D6B024D4F588675,0,0,0,0,1,2,2.0,1
486926D6FE737D04C09CE4AB0D4BD896,2,0,0,0,1,0,0.0,1
FC7CFC0E2E8479602D5245286E9DE088,0,0,0,0,1,5,4.0,3
8AEF224F14132AB4D4F5F45DE6CE0B79,6,2,0,0,1,0,0.0,1
3CB8F217E54BE1AAEE27904059EA0F7F,0,0,0,0,1,2,1.0,2
11468BF0A22712945E53E193B02DC004,1,0,0,0,1,3,2.0,2
508077EDF8D929E0D5A0125E9C1EE14B,1,0,0,0,1,4,1.8333333333333335,6
DADB57600F7B331558D2B664C357DE11,1,1,0,0,1,0,0.0,1
5E3541655F6F466302E9EAD5D2923EC2,0,0,0,0,1,1,0.5,2
59CEBFB755965F996BDBCE585E9EB7C1,1,0,0,0,1,4,1.3333333333333333,9
48330526397378E0196AB2AE3EDA144A,5,0,0,0,1,6,1.9999999999999996,12
3ACC9F9125E2138CD04509283BA20E7A,1,0,0,0,1,4,1.6,5
3245BF6C2F062C993D7A6CEEF1AD8244,1,0,0,0,1,3,3.0,1
4A30145CF8E4787F46E688454A5CB09A,1,0,0,0,1,6,1.9375,16
015F4B3AB35F946F83A1D95599A15FCF,1,0,0,0,1,0,0.0,1
45F9DF7016DA4536060707F1B04FE784,0,0,0,0,1,1,1.0,2
7944286F80A3955AF83CAB9F7C88866D,1,1,0,0,1,2,1.5,2
0D89BDE5933A1F28396DFEEB234619C3,0,0,0,0,1,1,1.0,1
8991D2332A42750ED4A8CC54542083B3,0,0,0,0,1,0,0.0,1
03C785126C8E65CF455DFF3C671E5DC0,2,2,0,0,1,1,1.0,1
1D30F386B1A926E135EE2628B550B7E7,2,0,0,0,1,3,1.5,4
487D9785E18696BAB96C871874E10833,0,0,0,0,1,0,0.0,2
04926B470F33701E60194D2083E7C4EA,3,0,0,0,1,5,5.0,1
2B58BE5DAE9A60B0AE735FE4623FA280,0,0,0,0,1,3,3.0,1
0289ACB4026B0C28A9FF7BF2560E2A7F,0,0,0,0,1,4,2.0,3
2EDF04F8592086774218CAD9C27229B6,0,0,0,0,1,3,2.0,2
0B6DBBE287A8BDF4409999168D17A306,3,1,0,0,1,2,1.5,2
1DA7C7F8359123550CA334AB575E95DA,0,0,0,0,1,4,2.25,4
490F096FC12C95BE431198BC920F0AA9,1,0,0,0,1,6,6.0,1
580FC91B624E43B348144199791F113B,0,0,0,0,1,0,0.0,1
C28D43B6BCAE91E34771B20A7DB38275,1,2,0,0,1,0,0.0,2
17B6A2E45703B9C020BC204FA79BDB3C,1,0,0,0,1,3,3.0,1
5EFA7E1A9E42F32FD48A67859B94321E,0,1,0,0,1,0,0.0,2
23FAC29643A04A0CFB78B303768B0E2D,3,8,0,0,1,3,0.7142857142857142,21
37034A23CAFF85394E2E349C381788A6,8,3,0,0,1,1,0.5,2
B1885B70DEFAC440D7DCBB520854A651,1,0,0,0,1,1,0.5,2
FCD8DDE7775A7211BCA9F42768C3BB8B,6,0,0,0,1,6,2.125,8
5469339F9A77954EF02C1A807D6AFE66,0,0,0,0,1,3,3.0,1
54D03B7482EAA1BCA52BB5D782362EC2,1,0,0,0,1,2,1.5,2
DFF46496068299CA44163BEF38B7F89D,1,0,0,0,1,1,1.0,1
2A26BB74FCE03DA9C70BC01E882C5886,1,0,0,0,1,1,1.0,1
459FD97ABE14D7762CD58C3A3104D183,1,7,0,0,1,5,1.7857142857142856,14
E9B6A8FE354E4EF0A8C883E51755CA12,7,11,0,0,1,5,1.8,10
E98AFA6BD0908A7BDF0FE75396B204DD,0,0,0,0,1,2,1.0,2
323ED96F616318450A01A0C17ABF9E97,0,0,0,0,1,0,0.0,1
199086D0F914416790CE5401E8C6A56A,2,0,0,0,1,2,2.0,1
6EE9E748B1321F96BC89B5864EDE3703,0,0,0,0,1,3,2.5,4
FAADDD7E6C919B97BC67A987BE177603,1,1,0,0,1,4,2.0,11
8BC02A1F75F78672E7DB18BDEC7FF392,1,0,0,0,1,1,1.0,1
CAD77ED320843F896FB9A11207878796,0,0,0,0,1,3,2.0,3
48B038918D66936274905311CE06E0A0,0,0,0,0,1,1,1.0,1
7C97B24987FD47055196998FA492E1CD,0,0,0,0,1,0,0.0,1
5E9C0D52A036940E598263D4CFD634BB,3,3,0,0,1,2,1.0,2
DA22DB287D3B0AFA6C5E5063B2375932,1,1,0,0,1,4,3.25,4
4CAFA226273472F1B7C33A476F592230,0,0,0,0,1,2,2.0,1
C8CAF96E27FE8D6E3A43167A6720DF6E,2,0,0,0,1,0,0.0,1
66DA5012EA044658E505A5D886723FE4,6,0,0,0,1,0,0.0,1
BA5FDC50DF842C712E230B59E4669832,6,0,0,0,1,5,1.6,5
B71835668F242BB8323196BC157B0FD2,5,0,0,0,1,4,2.2,5
50243C8511996BEDDB7EA0656E799F04,0,0,0,0,1,0,0.0,1
BDEEAEF22E7549E96E4763DB95477113,0,0,0,0,1,3,3.0,1
4BF45CB17DDBF06D87F4002632E0A1BC,0,1,0,0,1,1,1.0,1
38774821C3A944A0D1CEA88CFCAFB405,0,0,0,0,1,5,5.0,1
626E752BEFB7A66231B9CBEB3B4FAB1C,0,0,0,0,1,3,1.6666666666666667,3
B3F87EC5102A3DC9F28543B25A7BD969,0,0,0,0,1,2,2.0,1
2661493D2DD9509833AFFADC58F65ED9,3,0,0,0,1,2,1.0,2
0100E9411136966BE91C089FE5BC9FEC,1,0,0,0,1,0,0.0,1
9BC12903974C904CC966F956702D361C,0,0,0,0,1,2,2.0,1
27F028CA5C7821AFA8030D26ECF4DF4E,1,1,0,0,1,0,0.0,1
870443CFAA1FB9FDA7956FDB2AD5A08B,0,1,0,0,1,3,1.5,2
1F07F8213A2C7AF98A2113494C747AA8,3,0,0,0,1,3,2.0,4
50FF7F4F16547849EEEB4653D0126652,0,0,0,0,1,1,1.0,2
8ED854D3A7935CCBD48181BB8BD18F77,1,0,0,0,1,0,0.0,1
72C3462DDF54429D8A6960F54AB666B0,1,0,0,0,1,1,1.0,1
C2BB0ACC665A941F18EAB5B45D00AF9F,1,1,0,0,1,3,1.0,3
4E75806AC1426D2EECEA8DD0FB041F4F,0,0,0,0,1,7,4.5,2
EBAE93707E502165C211E8634D50C399,1,0,0,0,1,1,0.5,2
6EAE821B17473117DFFE074257EA44FD,0,0,0,0,1,3,1.0,3
80C92C23EA62171CA2D4DAE51D7E2E57,0,0,0,0,1,0,0.0,1
30E6603BF9928C67E8A060B969A10004,3,0,0,0,1,0,0.0,1
205AFA3DEF125004BEF82C796EFC1F08,0,0,0,0,1,2,2.0,1
B7B2CEF97BC592FA30FAA877DDDD5AA9,1,0,0,0,1,4,2.0,3
D39F92D1ADB04CEB57AAB3C838FDF650,0,0,0,0,1,1,1.0,1
4C5469D7C3391616C2DBFFA5BE49EC9E,26,5,0,0,1,4,1.4166666666666665,12
A4A50819C20316DAE5F970E374BBB030,4,1,0,0,1,1,1.0,1
DEBFB520A77B520CA36FD8C9C9A269AD,1,0,0,0,1,0,0.0,1
7C5B58C051324762859337F093F70435,0,0,0,0,1,0,0.0,1
6A8D61827CD1A7E5300673C05DEEDBCC,1,0,0,0,1,4,3.0,2
96710B78A294951BF7CDEA5BBEE15766,0,0,0,0,1,3,2.0,4
837C60D66F57E9B777E91E642149E06C,12,2,0,0,1,3,3.0,1
3423BC0352186AF2F5405D7C75EACF6E,2,0,0,0,1,2,2.0,1
809360DC65F542A073146B4C1B95FF0D,5,1,0,0,1,4,1.3333333333333335,3
8720AB2456BD514154AD4E9845E32FF4,0,0,0,0,1,3,2.3333333333333335,3
40D2F156D1B7041036A7FD914E80D164,0,0,0,0,1,4,4.0,1
8C29BA8374994E38F3BDD89E97151F64,0,0,0,0,1,4,2.5,4
7FF467ADB7DD9B349DBF297734F7EF01,1,0,0,0,1,0,0.0,1
0F1BF0E64772D0D00359FD7A4997D067,1,0,0,0,1,1,0.5,2
51F5DBCDE3507580491A5A234DB4B202,0,0,0,0,1,2,2.0,1
518BF09BC7B82473D90798B2E01E1F39,1,0,0,0,1,1,1.0,2
D41AA91B61872612B5F5F4E42870042C,1,1,0,0,1,3,1.0,4
9A1611584DD4500A5A6F3BEBE3BE4E9D,1,0,0,0,1,2,1.5,2
7153A357797F61D3E94270ABB6FD11D4,2,0,0,0,1,0,0.0,1
E9CFD01C3292625046A7D2D931B066D8,1,0,0,0,1,0,0.0,1
5145D8121071A9EA903A1098034962F6,0,0,0,0,1,0,0.0,1
A23C0148CFE09245FCBA7673E8EEE502,0,1,0,0,1,3,3.0,1
9AB1CCF63CA6EFFC053BF46C20378E7C,5,5,0,0,1,0,0.0,1
35DDC37EB72373793E703516725BB2FE,0,0,0,0,1,3,1.3333333333333333,3
C3501AF3BDB1BA68BA646F24E826E841,0,1,0,0,1,5,2.0,6
EEB5FE57CAEE14F2D281177BFF0848E6,1,1,0,0,1,0,0.0,2
A83DC4ACF24FD7E5C9148081188F61E8,1,0,0,0,1,5,4.0,2
6EC5DDA00AFDA916369462A2514504EA,0,0,0,0,1,3,3.0,1
635808C1DDFBC662DC3015097E26E62A,9,5,0,0,1,6,1.9803921568627445,51
79F170DF21DC5567E002D24EB16AC3E7,2,2,0,0,1,1,0.5,2
8C2CA6A4B27594E8E363819DC8A8F4D0,8,0,0,0,1,2,1.0,2
80AF6278725C25498814E11905BEF017,6,1,0,0,1,3,1.25,4
9487188F3FC65328E1EA611CCA802AA6,5,4,0,0,1,5,1.5,6
01034FBFE4127414C50FCFF64CE6C1D9,10,0,0,0,1,2,2.0,1
2E2D2B2639885CA789DDEB06EAF64B3F,4,0,0,0,1,3,1.125,8
2F0D26A505057458FF91EBC11395333B,1,0,0,0,1,1,1.0,1
820B6E570DE03428FE965D70FFA8CF37,0,0,0,0,1,1,1.0,1
995520F46CFB93EF683158DA3898790F,0,0,0,0,1,0,0.0,1
51060CD242AF3F13A0604B5AD58EFEEA,0,0,0,0,1,4,4.0,1
5848DC1A742B9BC37E0EF80371C40758,1,0,0,0,1,0,0.0,1
8ECC0B7C0AE87E2DECF63EB339EF1A71,0,0,0,0,1,3,1.6666666666666667,3
77742834F3BE51F188DF3D60CFD52E1D,0,0,0,0,1,0,0.0,1
68F42B3EB9170AE9533D692860D5639E,1,0,0,0,1,0,0.0,1
11A815DE783862E6B7D12BB43E1C3DA5,0,0,0,0,1,1,1.0,1
54405BB87CA5EE368EB42F411323631F,3,0,0,0,1,5,1.5454545454545454,11
DEAFC2BFCF3A46C685EF4CE67F8A1248,1,1,0,0,1,1,1.0,1
B5C5E0E0C3984E096C77B2A34AEE0BA7,0,0,0,0,1,0,0.0,1
40E86F2B5D4C7837A3D2BBC1AF18461F,0,0,0,0,1,2,2.0,1
986DB366660E95BE50BB464FD9666802,0,0,0,0,1,4,1.6,5
297D261C85AC0E9A01BA1D0F9DD8A9B7,1,0,0,0,1,3,3.0,2
BC1AF9C485B77D96242B88EE5085B1E5,0,0,0,0,1,3,1.5,2
8C1346565D731E256B6159A1DAD49440,2,0,0,0,1,3,3.0,1
3B9DDD282F488869CFFCC057F70958B0,0,0,0,0,1,3,1.5,8
918E01DFDCFA209B176CCF3C07EDB3C5,0,0,0,0,1,0,0.0,1
E7CDE43D1B986C7008B01FB5F9B4F609,3,0,0,0,1,4,2.4,5
75120F32A68A6C4FB643349E125D8C31,1,0,0,0,1,4,2.0,2
FE7715009D870BE17C8C13BE3003CC07,1,0,0,0,1,0,0.0,1
334DC07990E2169EC368FE97C9DADC3E,5,0,0,0,1,3,1.4,10
36BE8612E6D334CBA9A6717A44317C2D,1,0,0,0,1,3,2.0,2
166A6FB89309776BB4AB2213D25D0C40,1,2,0,0,1,1,1.0,1
D139725676E95961AA94926F50789000,3,5,0,0,1,3,1.75,12
DE1343B9E83992473478ED9459125CA1,0,0,0,0,1,2,1.5,2
1BE4F29852B390FC94D2A4E7382CCEBD,5,13,0,0,1,4,2.0769230769230766,13
596FCBD95E3C6C24EC450B4BB7F12D18,2,3,0,0,1,3,3.0,1
17F305784F6122044AAF986606DF6F51,0,1,0,0,1,1,1.0,1
675A6CCFAC7702D69F11B9B31288DF37,0,0,0,0,1,5,4.0,2
42FE551121362B71E141D291CC7AA4E9,0,0,0,0,1,8,8.0,1
565760CEE4E1178F402F28B585B3B429,0,0,0,0,1,4,2.6666666666666665,3
E2610A7E38F081C33BF04547DC68BFEE,13,0,0,0,1,1,0.5,2
609D853DE1F27584455F0FE19B7C4D9B,0,0,0,0,1,3,1.3333333333333335,3
503BEDBA092F15C2F8EEF57E766B71FB,0,0,0,0,1,1,1.0,1
05BA121776FB4FB7D2E6A87FA3A924A3,1,0,0,0,1,2,1.4,5
A0DC3A6007EAF2385E9004F7E18435AF,2,1,0,0,1,0,0.0,3
1ADCC19E42BE29A6AF2CED83F3343569,0,0,0,0,1,2,1.5,2
528939A93F1D3693AD8A56F340B7D777,1,0,0,0,1,7,2.3333333333333335,3
D7CF81985E633F6AFA5FDA55D9EF68C2,16,4,0,0,1,0,0.0,1
2E1CBCBC408A270FE9B39E79958C28FB,0,0,0,0,1,1,1.0,1
AC647FA13B5D53D15A6FA039B3999C1C,5,0,0,0,1,1,1.0,1
4D9A97A72C6885E5E4C887DD9D9CE18B,4,0,0,0,1,5,5.0,1
E1476D29DC7A91F5A54C2231D409F879,2,0,0,0,1,2,2.0,1
A08DFC7B41A48845CF5978DC165C47B8,0,0,0,0,1,1,1.0,1
8768A7CA0E9D9FCD1BCBFCE5D802EBDC,0,0,0,0,1,4,4.0,1
1DB96E82D97F57CDE19610238C997053,0,0,0,0,1,3,3.0,1
9F493918A5EE2A503A2E555039A2D7E1,0,0,0,0,1,1,1.0,1
C14E59053D226EA7BAF274986A65CF34,2,0,0,0,1,0,0.0,1
ADB8CEDCF81839904A6224D20592E04A,0,1,0,0,1,1,1.0,2
92D4BC427651229427EA0E30AFC73C7F,1,0,0,0,1,0,0.0,1
7B3CFFD730A865F8CA52572C3F878996,0,0,0,0,1,0,0.0,2
03780EE9CFF9761E7D40266B65D30158,6,0,0,0,1,0,0.0,2
58C462B9572A800F82C0B81EDFCE7645,0,0,0,0,1,4,3.0,2
DFA0221031B3687A9F4C6ED3C57ACB78,5,4,0,0,1,3,1.1666666666666667,12
233858216355BE2AF82B533EAE6C5192,0,1,0,0,1,3,1.3333333333333333,3
AE2481234246873FD177E4A420586B05,2,0,0,0,1,3,0.75,4
6B2A26D6495D7E83EBBE5B6C28D5F915,0,0,0,0,1,3,3.0,1
CED5D02120718C66525F636D2BFC8141,0,0,0,0,1,5,2.2,5
A8FA2843AD21572F6A4D9E396D7657BA,0,0,0,0,1,6,6.0,1
74C505C32C149AC19DFDCFC399449B63,2,0,0,0,1,4,1.6363636363636362,11
19BA7B99A7F94BDE293C6A05FF2A83DF,0,0,0,0,1,0,0.0,1
A2B8271B8CE580EC92A8D8CCAD85FE5C,0,0,0,0,1,0,0.0,1
238C07E0520AE04B10A288171E2B009B,2,0,0,0,1,0,0.0,1
CE7404D5A8831F2DE46BD0A013A8ED64,37,2,0,0,1,6,1.7045454545454546,44
9F15BC0B1DA69A301AFA0337CE67FE62,5,0,0,0,1,4,1.2727272727272727,11
F6452CD221C4FDE0AF59C2DD379AC28E,2,3,0,0,1,2,1.4,5
CDF197BA3ADEA5DD50A1EE99D11D41F1,7,7,0,0,1,5,2.0,3
DA856449658776EC6410C178742F54D7,2,0,0,0,1,3,2.5,2
B6B78DBE2F9987DC5A821B205C369900,2,1,0,0,1,3,1.75,4
1F16A98F69E96370596275D5228E766B,1,0,0,0,1,1,0.5,2
A494B66C21E2687B9D5090BB8CFCEE7E,0,0,0,0,1,3,3.0,1
9944B3EEC7E6FB3D3EEECA9F1444976B,0,0,0,0,1,3,1.3333333333333333,6
81BFFE61CAB181676917D75F1B617CB2,0,0,0,0,1,5,2.8,10
FB9AD160115DC0E6F045BB654344287B,1,0,0,0,1,4,2.3636363636363638,11
F2ACDC8D64D4218BA63EB8732C110BA5,2,3,0,0,1,1,0.25,4
B1D1ED35873581A23E48C4CD03DDFF81,1,0,0,0,1,2,2.0,1
A95BA9143018CA81430258E8A725C3E6,0,0,0,0,1,3,3.0,2
030D58D3258598A9563844AD6A28FA61,1,0,0,0,1,0,0.0,1
D79D77E3F2698B89279D7C35AB034992,3,0,0,0,1,3,1.3333333333333333,3
A085DABA848610B4627EC79F2342A4F4,0,0,0,0,1,2,1.5,2
DD0E282A641480EBCD2F27A81EE13EF6,4,2,0,0,1,2,2.0,1
E72D769AF502092418AB152D61DCE176,3,0,0,0,1,4,1.8,5
D48F1681EB572CC9F7EB6BC7958646FD,0,0,0,0,1,3,2.5,2
4EF1041DB2A406750E4A46AFD78FB543,0,0,0,0,1,1,1.0,1
BE74418BE7B7466F6FE2969CA79FA919,37,26,0,0,1,4,1.3055555555555558,72
B78DB4E683651327A612372A48B5734C,3,0,0,0,1,4,1.8157894736842106,76
3828BE5E2F158C7E5831478F63DAE9E4,2,1,0,0,1,0,0.0,2
A8CF4ECBF7C47BD74685C782E8862453,2,0,0,0,1,2,1.3333333333333333,3
BA68EDD95F258F63E2913C6CC3F7941D,1,0,0,0,1,1,1.0,1
DD385CD75A8E73AD771AE5126ADA4F58,4,0,0,0,1,3,1.4285714285714286,7
FDD93B1032D0D09386D3257E189696A4,0,0,0,0,1,5,4.0,2
CD3BC0EA55207E1A9CF2A7FED1DC36E5,0,0,0,0,1,0,0.0,1
BFACA41E01737980BDABBBE506E802D5,1,0,0,0,1,5,3.0,2
D81B31D7F4951BB0641F45775A13A295,0,0,0,0,1,1,1.0,1
D6903C96C1AB7812BE5A773CF4749058,0,0,0,0,1,0,0.0,1
F47AE1F1CC2D9010DC444C7A383CE0A1,4,0,0,0,1,2,1.25,4
1C728D8BB94E6050A429DC85B47CDB70,1,0,0,0,1,3,3.0,1
C1648883A80997B611743D528CBFF926,3,1,0,0,1,0,0.0,2
CBC0686061C729A9C9181A919C4C5F9F,0,0,0,0,1,1,1.0,1
158D85747B252579015AE58305CBC8C1,16,0,0,0,1,0,0.0,1
8F46EE0FFE423C4FA11B40E99045A05E,0,1,0,0,1,4,2.0,6
85F3530AC98EF08F6F29F4881F5E5825,0,0,0,0,1,3,3.0,1
64788CE14AC60D9F4C76A7D4411163DC,0,0,0,0,1,1,1.0,1
5A9B94A2AF48A5264E7BB28BEE894868,1,2,0,0,1,1,1.0,1
D3C726DD4D2E03D4589DFAAE5BB5BB9D,0,0,0,0,1,4,2.125,8
96B260BC98431002292DEE060C4BB319,2,0,0,0,1,0,0.0,2
96E44766525F78AB03E9F938FF310157,2,0,0,0,1,0,0.0,1
79618C9DC42486694D0C709007398787,0,0,0,0,1,1,1.0,1
C6F4E4BF2A4BEE5243B7F32F3ED4EDD7,0,1,0,0,1,3,3.0,1
CD72710A2CF4BDB046ECBC189D9B9D9F,2,2,0,0,1,2,0.6666666666666666,3
A0242669AE5A9134CC2FB78083976461,0,0,0,0,1,4,2.5,4
F56BB665465B43F385A68F53BFA10946,7,0,0,0,1,3,1.2727272727272727,11
6AC7BFEC4A74E77E7B267A984BF3F0E6,0,1,0,0,1,4,3.5,2
C962AE7EF8A83B7013D2610349D7D36E,0,1,0,0,1,1,1.0,1
CF2439F24FF3E5C1B14DAE41335E2FEA,1,2,0,0,1,0,0.0,1
B34BD2E1D5BED3982899B3A9C57B5EB3,0,0,0,0,1,3,3.0,1
5C22E74E3CB71404AA0464259221D855,0,0,0,0,1,1,0.5,4
A5B52A5413636A91A7C29DD37E369EE9,2,0,0,0,1,0,0.0,2
F96C54A56E0002103C6D90D42C57A9AD,0,1,0,0,1,4,2.428571428571429,7
1E5649AD3BD6E5AC7389FB3EDF694C9D,0,0,0,0,1,2,1.0,2
2D4660CA182ACFAB37A5CDC0D78C4C37,2,3,0,0,1,0,0.0,1
1C679E92B10C3EEDDD36467BE24D7449,2,2,0,0,1,3,1.8,5
0F141598B37225CD3B5BD44E40D15B87,2,3,0,0,1,3,1.3333333333333335,3
34A26BA681E791CE0131A251B0D29411,7,5,0,0,1,1,1.0,1
1D83781075B5350F4CC78E4786F2160E,2,0,0,0,1,2,1.0,3
40FE003C7CF37B1534289613A007742D,1,0,0,0,1,1,1.0,1
5C7A60E3860572F354E2108878CE8E57,0,0,0,0,1,3,3.0,1
CF2D26B6CEB1838F5C6903F5B46A1A79,0,0,0,0,1,2,1.0,2
76809A9459AA5785EF9663822824C7BE,1,0,0,0,1,2,1.6666666666666667,3
5E9BF00B469B284E028094EA15A9F1FE,0,0,0,0,1,1,1.0,1
F0FE3E7D8F5EF494C7D34AECB8D27951,0,1,0,0,1,1,1.0,1
A6601FCFF26DB688DB108E6E2A7CFBA4,1,0,0,0,1,0,0.0,1
A2F0B27D5D2B0939811F202DC58FFC6A,1,0,0,0,1,4,2.0,4
D45CF251C60626FDB4BB8D50ABB7BA46,0,1,0,0,1,7,4.0,4
3AF94D6BA5F39F7FA2F8B28E066662F8,21,0,0,0,1,1,0.6666666666666667,3
874599EBF4EF79D625A0C161F74C0C0E,11,0,0,0,1,5,1.606060606060606,33
C9CA9887D6B75FC79B920F29B5237CE1,4,0,0,0,1,3,2.5,2
F92D709544706150AAB5CF4BC9451A00,3,0,0,0,1,2,1.0,4
C88E70EF1AB1141A5C38B80C7A709BA3,0,0,0,0,1,1,1.0,1
C96C96A3BFA142C6B393183BDB2B9DDB,58,1,0,0,1,4,0.6923076923076924,26
927440EAB12161D8B4A209CCB8B64D4D,8,4,0,0,1,11,5.5,2
79694D26470B2F7638431FC246B6CAC5,5,0,0,0,1,1,1.0,1
58F84E35CFB6949ABFC594E2E5261BF5,3,0,0,0,1,2,1.0,2
1158C1EA32BB4191BD540EFF192B6AAA,0,0,0,0,1,3,3.0,1
BE0F3FFAFC8E54664E288894BF62A4F7,0,0,0,0,1,1,1.0,1
2B0B4F617DE87BDD32E2DA9D6364F9B7,1,0,0,0,1,2,1.25,4
B1CF7C5402E96CC7C7573A11FCBFF213,2,0,0,0,1,3,3.0,1
9DE7361ACCDEA6541AD5EA55D59B1C78,0,1,0,0,1,4,4.0,1
84A87ECEE4B0FC9298F00DA12AE82CD1,4,1,0,0,1,5,1.727272727272727,11
05407E04B9FA64CB63D8FA1D966AD6A2,0,1,0,0,1,5,4.5,4
B6AD387D5FE3FEB4895E07B396D9DD58,9,0,0,0,1,4,1.0000000000000002,14
CCCEC4D662A477926E6EE1A718EF7F63,0,0,0,0,1,0,0.0,1
E5AFF3DE508996512D61B49A63D1D063,5,0,0,0,1,1,0.2,5
3BF1D92C836CBAFACDD2063848BAB11C,2,0,0,0,1,3,1.5,2
9DE945166BCD4709696C5836317DDE47,4,1,0,0,1,3,1.1666666666666665,6
E4196C5E0A92A22F69DE4E3AA288D6EE,0,0,0,0,1,4,2.166666666666667,6
3D03A380687FE3369E93915D50C572CB,1,0,0,0,1,6,2.0,6
9A12E7E2B3CF644B8304DF8E1A9CE2D8,18,0,0,0,1,5,1.368421052631579,19
E7615CF5F15FC9CBC8DA757AA8D2BC87,0,1,0,0,1,3,2.5,2
3FA1C2A36CFBA84EB129C5F6D40F8E3A,0,1,0,0,1,5,1.153846153846154,13
D89B48940A82055957DE10984356E6F9,0,0,0,0,1,1,1.0,1
904877128B8889DDD71A38BDBCD21724,0,0,0,0,1,5,1.84,25
0CAAA1B6F161BA4D363EB7A2DEF64A08,4,1,0,0,1,4,1.5357142857142858,28
50919FBFA19882CDEB4E708AAE16453A,0,0,0,0,1,4,2.75,4
FC48EDE912EDD9F8D7ED45F697EE7193,1,0,0,0,1,3,1.0,5
A19F659EA9BA36A3595F088F30A6B7E7,1,0,0,0,1,3,2.5,2
709FCE78A03255D6EF6678E1D98783E7,1,0,0,0,1,0,0.0,2
85F571A8A9878C55EB15F93449EB5447,0,1,0,0,1,5,5.0,1
06748F728B1C8DCEFE3E690671AE286E,0,0,0,0,1,6,4.428571428571428,7
611876293602DD88EF9946B5D6DC0859,0,0,0,0,1,2,1.0,2
D9FEC4E4418413FCE771B203FD7D48D2,1,1,0,0,1,1,1.0,1
8942968E35FB64702050A08D544D2A4A,1,0,0,0,1,2,1.0,3
E594F4CE9B23146A461021258CC7ACA2,0,0,0,0,1,3,0.6666666666666666,6
E53BC2A0AD86417B443AF14EE3082C0F,10,0,0,0,1,3,1.0,6
1BFA7FC0CC5414AAFA136AA9177FFE58,0,0,0,0,1,2,2.0,1
74EFA3B9E98982CB94246D7F95DF29D0,0,0,0,0,1,5,2.4,5
D82DA7361BCA6462CD62AEF1B5496B0D,1,0,0,0,1,1,1.0,1
710B1BDD3A8866D8168E58FA22031165,0,0,0,0,1,1,1.0,1
57CDC6E71E3004D5B02DFBCCF9BAEC6F,2,0,0,0,1,6,2.25,4
906AF15E527A9E537C36E29216D0AFF9,42,42,0,0,1,3,0.75,12
14FBF953304A6336C5DBB3B39CDD3681,1,0,0,0,1,2,2.0,1
9579E7DBD8A319DA696921143F654855,0,0,0,0,1,0,0.0,1
90075CB91FBC1BA3BD6B5F9A5C0869E7,0,0,0,0,1,0,0.0,1
6C140406071043D0EE0A324B1729D0D7,0,0,0,0,1,1,1.0,1
2201BA84231D7CC8147F47074DF99E1F,3,1,0,0,1,1,1.0,1
D62EDD239EF72D80713B3414F1A7C541,5,0,0,0,1,1,0.6666666666666666,3
5414743EDB8512646DE5A515E66D3DBD,0,0,0,0,1,1,0.5,2
7E40E634997585B0C69B6F67C01C191B,0,0,0,0,1,3,3.0,2
40B501E0460E254E289A776CFC31DCF2,0,6,0,0,1,4,2.571428571428571,7
991661EC6CD7D20C2A908B2636541F42,1,0,0,0,1,4,1.4545454545454546,11
2741C47CC50AE98B39CC5B561BFEA504,3,0,0,0,1,1,1.0,2
3E572B9BAEE91DB598C62795754BA6B7,0,0,0,0,1,3,0.8,5
19DEEA6B15B314DB0ED2A4936959D8F9,2,2,0,0,1,4,1.5853658536585367,41
16B0F6645F896C16F83EF56A99868801,2,0,0,0,1,1,1.0,1
7C5C44A57FA3326918E308E3C04E21F1,3,0,0,0,1,5,2.666666666666667,3
5C1F957882700804AA2D02552FA51DEC,8,0,0,0,1,2,2.0,1
79919740E93D5653B1BEC939D8DE5132,0,0,0,0,1,1,0.3333333333333333,3
24D41A78A6BB1244608DB32351B0658B,1,0,0,0,1,0,0.0,1
5E003AB392E88D611A9D841E24E4FDF0,1,0,0,0,1,0,0.0,1
57D4396A486253F83D5C1E54AFC3187C,0,0,0,0,1,6,2.0,3
4F13ADD7688F418B5624BD5046543305,9,0,0,0,1,5,2.285714285714286,7
6A527B9F05100A07D80EC458DD535834,0,0,0,0,1,1,0.4285714285714286,7
175AEE22E34051C883F76BD73422AC72,0,0,0,0,1,1,0.2,5
440A05EBA986494BA256D2089CB1079B,1,0,0,0,1,0,0.0,1
72C8A4AC76A84AC8F82A9434F6294514,2,0,0,0,1,0,0.0,2
7C1E97DFFF6F56E533E6904120E530E4,0,0,0,0,1,0,0.0,1
51FB83B864E295B2E3961F703F37C945,0,0,0,0,1,2,1.5,2
432B73E0DCBD01C441FEFE664ED73A73,1,0,0,0,1,2,0.6666666666666666,3
81B593104D9F960033D17F056E51C92B,62,65,0,0,1,6,1.3103448275862064,87
954501E319E59EFCA3402595788EE559,0,0,0,0,1,4,2.333333333333333,3
32B77CB85060150AF92F76E2745F2D7A,1,0,0,0,1,1,1.0,1
001373EB022B5377FD914A42CFF11F38,0,0,0,0,1,4,2.5,2
2BB49B55D58503178D903A8C3A2C6E5C,2,0,0,0,1,0,0.0,1
30851A76407C708D397A7D2341980D37,0,0,0,0,1,5,3.5,2
158DB1443B177511E404D7205A70848C,2,1,0,0,1,0,0.0,2
11DB5D83E83F7419B3B5352D56DD4ECC,0,0,0,0,1,1,0.33333333333333337,3
3C6CD178765D7C9633E23BC225306654,1,0,0,0,1,4,2.0,3
308452C7E6D227ADD8D3F0BC2F267D1F,0,0,0,0,1,2,2.0,1
374B905520627374315AF272263C2DC7,0,0,0,0,1,2,1.0,2
8382BEBD5B259592C23D9AF35F0B357F,0,0,0,0,1,3,2.4,5
3BE174EF49A2015E782228B3E02E3CDA,18,17,0,0,1,6,2.1204819277108444,83
9D535D543FD07B8247DEADB4669FADE6,6,5,0,0,1,3,1.4,5
847B4FB03D217F04FF525A1FD27541E5,3,3,0,0,1,2,1.4,5
319870BB96298CA5DF828B4D4CEEC85C,6,0,0,0,1,0,0.0,1
25791D3F56CA2200059451600D55BC25,1,0,0,0,1,5,2.0,4
F16F649D01451C5D00937E39CA4B4944,2,0,0,0,1,0,0.0,1
44561FB4558913850A7857FC521C1C42,2,1,0,0,1,4,1.5,4
B51AAF639CC41109C06F716B5B21F834,0,0,0,0,1,0,0.0,1
9F32D2378EDF4458C499E49D778B1B6C,1,0,0,0,1,0,0.0,1
F4959CFD58B29ABDECD09DAEF708DCF9,0,0,0,0,1,3,1.6666666666666667,9
AFD2BB37A2CC37BFCF2752B8709D9BB0,0,0,0,0,1,1,1.0,1
C474F01091023965A02CC59FB7F537F9,1,0,0,0,1,0,0.0,1
ECD062F8E94E29B4E34FA40490234616,1,0,0,0,1,1,1.0,1
7AA6572327B5C45D273CCD8868760033,1,1,0,0,1,2,1.5,2
2F72E1976C24D8DFEA138BBCFD304BAC,0,0,0,0,1,5,3.5,2
4A82157E00F5FF8946CCFDC45F2CEB6A,0,0,0,0,1,0,0.0,1
5475B8AE7B3DDFAB793050BA7F04E8EC,1,1,0,0,1,0,0.0,1
DABCEBFB8A443E6BE98C88F546A37955,2,0,0,0,1,1,1.0,1
D299D5763E03F1CC4DA8550AF1B4CEE4,0,0,0,0,1,5,1.4999999999999996,6
3ED4764DD381D84BEBA5FAFADA5AE906,1,1,0,0,1,3,2.0,8
B35F8E08962DDFFB2AAE7591699C908F,2,2,0,0,1,2,2.0,1
495F7B3BB01B24C891DC2E57A454DFC8,2,5,0,0,1,3,1.6666666666666665,3
952D6D7F72A4002431E8D37519365AE4,0,0,0,0,1,0,0.0,1
4F5FE43B6F760A3F688B51346BB0DED3,1,0,0,0,1,1,1.0,1
EF42F9A53E0A2A721FE4715928456CFE,0,0,0,0,1,2,2.0,1
8180495A69311D0AC63E254AF18CDE82,0,2,0,0,1,1,0.5,2
2D0C9899459B9D7C6552E8B98D17A8E7,3,2,0,0,1,4,1.8,5
1A5626295FB0D5F841E0B877354619D4,0,0,0,0,1,5,5.0,1
39F4091CFAA67E1BAD3AB99F70F2AEE7,0,0,0,0,1,5,4.0,2
95A80CAF616A7DCE739573C4A8EB59F0,0,0,0,0,1,6,3.0,2
C54B8A2583209364314662B6E118995E,3,0,0,0,1,1,0.5,2
0409A1CE83D1D4DC0F01E2DFA44ED555,1,1,0,0,1,3,1.0,5
162495EBEFB6AECFFD6B22598DF9A85F,0,1,0,0,1,0,0.0,1
F8C81154E72430B1122E7C28B8ED30C5,0,0,0,0,1,3,3.0,1
240C7D828F2BA4DE1837A4B5A376F78C,2,1,0,0,1,0,0.0,1
CF2898B41B7243671C36D5168D9D89B0,0,0,0,0,1,2,1.5,2
4F04849BCCAE0DA5B75201BE1F6A54F7,2,3,0,0,1,3,0.8333333333333334,6
3F6BC08D796DEE0902E221D5ADC88FC5,2,0,0,0,1,5,2.1428571428571432,14
B3A289DF10A1A195645E37B0C2E40F33,0,0,0,0,1,2,2.0,1
332FF17A7140DA319A07A72CA1CB6A5A,0,3,0,0,1,4,2.8333333333333335,6
8498ECAA08181F92DA55CF802F998EF2,5,0,0,0,1,2,0.75,8
FC2DDF0F37BB211D565307010B1B30A1,0,0,0,0,1,4,2.5,4
A9B620BB1B258B756AE5A2333E40311A,0,1,0,0,1,1,0.5,2
D4F4DAEF5BE38E5C67FD72BB1F082EBF,3,3,0,0,1,4,1.8125,16
2B7787A34C362AA51FF8E4DD031A2F70,0,1,0,0,1,5,2.2142857142857144,14
289F2AE59FE48FFF6DD12D0AB553C14E,0,0,0,0,1,5,1.5999999999999999,20
A907D3EC9EF65EC2B3E67C423BDDC3A1,7,0,0,0,1,3,1.0000000000000002,8
24A930E97F012959EB771E97333A539D,1,0,0,0,1,2,1.3333333333333333,3
65CBF440060713EF4A2FABD17D8D7D29,0,0,0,0,1,2,2.0,1
8A95DE2F166B667C209751D242B156D1,0,0,0,0,1,5,1.4285714285714286,7
69FE87602C759B1ED9DD3A2316A79C19,1,0,0,0,1,3,3.0,1
3ABDBD697F198FDBB70E59169F12DBDF,0,0,0,0,1,2,1.5,4
2C8640390F4B6EC5F68D72D8CA043697,1,1,0,0,1,1,1.0,1
69CAE8738A1D244DC6BA217C0F15FF20,0,0,0,0,1,3,1.6666666666666667,3
3FC333C921606374C67865B09B41C80A,4,0,0,0,1,0,0.0,2
2C0129AB304D8FF89C0039EC412F5F94,0,0,0,0,1,4,4.0,1
8F5CC8445AFA97BA339B2D0C21519EA6,0,0,0,0,1,5,5.0,1
3CFB3B573E5D28E64EF23DFF24F41FC4,0,0,0,0,1,1,1.0,1
86D4F4F6C4D70D9BABF6ACC6F007D8A5,1,0,0,0,1,4,2.5,2
32BAC5D1C4CC36D5962936DB0F4FAB3C,0,0,0,0,1,2,2.0,1
9C2E5AEEBFD459AD8112A26F015C8D8C,0,0,0,0,1,1,1.0,1
3A7CC0E6D34F9DA8A12F2054E994967C,1,0,0,0,1,3,2.0,2
35B66ACE392864EB2B5512F71D10B1AB,0,0,0,0,1,0,0.0,1
64EFB74A85CD4051DDA03003FD81799F,0,0,0,0,1,3,3.0,1
F81E0430D8478D67AE01F73D98656CCA,0,1,0,0,1,2,1.5,2
B1842B535ADDEC22E14F1A9E727E7421,1,1,0,0,1,0,0.0,1
0A7D79D18034304FAF741FB55EA85073,0,0,0,0,1,1,0.5,2
D1CC3A8740095F70116D613EC471A21D,0,0,0,0,1,5,5.0,1
E4D0CD43ECF1890C6D20D2EC09153E02,1,1,0,0,1,2,2.0,1
C81582DA82D419261F80AAB49AC156AD,0,0,0,0,1,5,4.25,4
35788F10B7D410D0C3402C670200549C,0,0,0,0,1,1,1.0,1
75F979DE60C91A6631485A88457C108E,2,0,0,0,1,0,0.0,1
FD486118409309C9E5025CA20B7D0413,1,0,0,0,1,2,2.0,1
A135A27E4373605B2EB6E48DCA05720A,1,1,0,0,1,4,2.6,5
F98CFD1DE0862FE7834C55DE6C9ADEF5,5,0,0,0,1,0,0.0,1
3DEBAA02D7EF77D34458C8294FC4D51F,2,0,0,0,1,2,1.5,2
6AA133F6731526630B1D51BF557E485B,0,0,0,0,1,4,2.25,4
FA81D490D1A951F746467DFC2953A915,2,0,0,0,1,2,1.3333333333333335,3
AB32942B18802466D85AD165B6392072,0,0,0,0,1,4,2.5,2
0DC15C12E4170A5B32F94015B74BB0DB,3,2,0,0,1,0,0.0,3
FACA9400A33297BBC5E72A568DE1286D,9,8,0,0,1,0,0.0,2
A3B5410A02A51C2B644B3284548777B5,0,0,0,0,1,2,2.0,1
CF9C1AFB11CF528FB71489FA581A200C,0,0,0,0,1,5,5.0,1
9F24DB36BBD201E0F8784A5CD7C75C66,0,0,0,0,1,0,0.0,1
D99838D0DDA926DA43F666A4D3147FEB,0,0,0,0,1,0,0.0,1
8586173E7B82205A2DA4E8376D28A4B9,2,0,0,0,1,3,1.75,4
F3CA6D208932C0BD365FE0D589038E1C,2,1,0,0,1,1,0.6,5
906490EA8F6D8BBA578F7CC150DF731D,15,4,0,0,1,2,0.8571428571428572,7
3B4156ADA5048447A0DE73162CDA1EC0,0,0,0,0,1,2,2.0,1
A0E82B63CAAC2D4A5338C5C4CB5A70D0,0,1,0,0,1,1,0.5,2
5634AE3A99BF07E5A6A687A0F9316D78,5,0,0,0,1,1,0.5,2
35DE008317AB2760503976FA63F51B61,5,0,0,0,1,1,0.5,2
86942BEBB6333C69BD5EADC72AC04A3E,9,0,0,0,1,3,2.0,4
399627C869E179171FDA310396BD055D,0,0,0,0,1,2,0.75,4
EB4C7BD035DA2E187D66B98ED97CD09E,5,3,0,0,1,4,1.0,5
C795AFA7F574C2BB09D3647AD90A9719,0,0,0,0,1,4,2.75,4
D7D49CC32C4A23AD56E8DEAE6878EC7B,11,0,0,0,1,5,1.3076923076923075,13
61C40C03175F82E93088C842FCD4578E,3,0,0,0,1,0,0.0,1
CB06B751DAD44BB7F228F8474686D404,0,0,0,0,1,2,0.6666666666666666,3
B86E09CD1E5DA0373D508647973EA921,12,1,0,0,1,1,0.5,2
90661BFEBB42671421697F7DA63EC771,1,0,0,0,1,2,1.0,2
42C4D0E04C64D55730927871C9FFEC80,22,22,0,0,1,5,1.1052631578947367,19
80F152611EE983C7ED2200A2233684C1,1,1,0,0,1,3,1.6666666666666667,3
C9C31F887ED62FD2BADB4EED0277E840,0,0,0,0,1,4,2.0,3
0040B9E6C13BD6002B0A3E4716788175,0,0,0,0,1,3,1.5,2
2295F769C2134F5FD711C49A66FCB422,0,0,0,0,1,0,0.0,2
38328F5729077611D47495753D2C04D1,0,0,0,0,1,0,0.0,2
686E8E8F73A49595EDE40F1BBDFB8C99,0,0,0,0,1,4,4.0,1
E1381BAFB74752862EC20321655C8233,0,0,0,0,1,2,2.0,1
0108914D60F8763EC47674045D644AA7,3,0,0,0,1,5,2.2,5
69599C9ED33015D6A6AEE16414074147,11,0,0,0,1,4,1.3,10
D9A4D8E63CEF5D01AAB9F57AD4F1FABD,11,0,0,0,1,5,2.076923076923077,13
8A606443F6E8A91E82E3EC087DCAA10D,0,0,0,0,1,3,3.0,2
E31613CB601A1B45055FBA51AB581F97,2,1,0,0,1,1,1.0,1
6B07E90CD14662B55877A7CBC80A1133,1,0,0,0,1,3,1.5,6
B772979A940B0006E1978134A06989B7,3,0,0,0,1,1,1.0,1
A79F28462D5F839505F23758B1410DC4,0,0,0,0,1,3,1.0,5
E989ADC3B80B10A564559A60763BA8D1,2,0,0,0,1,1,0.5,2
2541B2F14350283FC3F5BCD432861507,4,2,0,0,1,3,1.125,8
B141B75E5E5D48DAD8298F91B94A2E07,0,2,0,0,1,3,1.6666666666666667,3
6CCDEEF9756BE70E4DF38DDA095B8CCD,0,0,0,0,1,2,2.0,1
46D808E730894AB0AC6E0F493B6FC864,2,2,0,0,1,0,0.0,1
BA799687DAB1885D1D8624FD0FDB1B27,1,0,0,0,1,1,1.0,1
4264D19BA0A3A89C7F3DF14A96CECC6C,0,2,0,0,1,4,3.0,2
2D3C3F237405503721DD94F31B8E5EF4,0,0,0,0,1,0,0.0,2
71EA9B02B9A28A57EEEC43DFAA11C75E,2,0,0,0,1,1,1.0,3
185ACD245E6F5EF0C8A5EDAEC173EA1A,0,1,0,0,1,0,0.0,1
343D217C7C1F18CD076970DBEE61B854,2,3,0,0,1,4,0.923076923076923,13
32C12C5BEE9431633BBC84DBF69E4CF6,2,0,0,0,1,2,1.0,3
0353B99327C74D59AAD23FAE2191B240,0,0,0,0,1,0,0.0,1
0BB41E84E7CA2345726AD8CE98B8736C,20,0,0,0,1,0,0.0,2
3C38F5B247C20750B5F323F1A6ABC73D,14,0,0,0,1,3,1.3333333333333335,12
6A8061EE9C5A6A6A48545DA3A6713C0A,1,0,0,0,1,2,2.0,1
D9B4EC35EBBA4C2F9198A3AA08C4ADE3,2,1,0,0,1,0,0.0,1
58E93B5F7024A0F13362F708E164A718,0,0,0,0,1,0,0.0,1
BEEAD3846DA10429DE28BF520D36AD80,2,1,0,0,1,0,0.0,1
D1541F52FCF268E5719C659C023E8969,6,0,0,0,1,4,1.0,6
B1A430EFC639317C64907ABAC4641932,2,0,0,0,1,4,1.25,4
359548C8D1BA26A4CE29475D6E2665CB,0,0,0,0,1,3,1.6666666666666667,3
0884AE0C7E622C37472E505AD7C4EBDE,0,0,0,0,1,2,2.0,1
BCE3E220D4DC504C6AFDE68BF7CF99E6,1,0,0,0,1,3,2.0,2
2B3B13AC3C9E94B89E40BA8397EC38C1,2,0,0,0,1,3,2.0,3
EFE4491F4D7665F3E0C4632A5CE8879C,8,0,0,0,1,5,1.2941176470588236,17
4B0E55D94CB208CC6A4B0F5A86032D41,1,0,0,0,1,4,2.0,2
4FFA814A95FD613EBEC9BBE7D36F9A2E,0,0,0,0,1,3,1.5,4
A6C250077E9A2C5F598B6BCBDE6B083B,0,0,0,0,1,1,1.0,1
0C5E8016F4E19EBF634A77113A1ACE00,0,0,0,0,1,1,1.0,1
E8124E2C2D99AB999ADC3CA7D481242E,0,1,0,0,1,0,0.0,1
A666FD2C8F5F662111C5ECEAF9CA6562,3,1,0,0,1,1,1.0,1
E47B5F4C28ACFE8DE160B3370E9282EF,0,1,0,0,1,1,1.0,1
1E745A3377797A387552386F37AF323D,2,1,0,0,1,2,2.0,1
AC1B8C257039C7FB911CA9AE69D4C614,2,1,0,0,1,1,1.0,1
D1411AA8230B00E5B255AA637855394D,1,0,0,0,1,3,3.0,1
E65E43C361A33328A2A84864BEFAE754,15,0,0,0,1,3,1.3333333333333333,3
4C0C61DC9B2064C12F311D04C263A977,1,0,0,0,1,2,2.0,1
BFE4EA37B7DF03A2D4B18E3BA9F92003,1,4,0,0,1,3,1.6666666666666667,3
91DA39323E7F6285EDF93D3D0DBBA9C3,0,0,0,0,1,0,0.0,1
F6B379B74A683964F0A1B8FE4AD9D548,0,0,0,0,1,2,2.0,1
1F7F48FCC29A73472871A484EE18168D,2,0,0,0,1,2,1.0,2
49175736CECB734EE70237CCDEE76DC5,6,0,0,0,1,4,1.75,8
43A83473824B5860784FD7866EA79CE5,1,0,0,0,1,0,0.0,2
ADA0082F4F191F3A9C9CBD2E2EA4750E,0,0,0,0,1,0,0.0,1
7B6CA3391592F0D3B11865D782C685CF,9,6,0,0,1,2,1.0,2
90F92D43F57A9B2E082C5A60D9F617E7,4,3,0,0,1,1,0.5,2
C670E1C5431B8DFD387353AD2C1DF4B4,0,0,0,0,1,7,4.0,2
BBFF7D347DDE15D1F496005AE32C1D6E,0,0,0,0,1,2,2.0,1
5E3CBF1204F069C8F4474D492A361CCD,11,0,0,0,1,5,2.75,8
8E4DF506C79F790D30F654BB52B6B838,2,0,0,0,1,2,1.0,2
3607E321EE78A48A7C7B604CD115C109,3,2,0,0,1,0,0.0,1
C1BDCF7765C5EDD7643D476B84BD2B30,9,1,0,0,1,9,2.25,20
EC8EBFF64C04BB0CA8E6D675094FC16C,0,0,0,0,1,0,0.0,1
B2CB97B576BACBCE5E1C8AE79151D4C0,1,0,0,0,1,3,3.0,1
E239BDFE3F283A559FE7DFD7B7CC853B,1,0,0,0,1,2,0.8333333333333334,6
D8926F59FA8A9082AC93C2BED13CAAF4,3,0,0,0,1,0,0.0,1
A2E61D52E29C7A87CB8AD4911BC077FB,1,0,0,0,1,4,4.0,1
B043CC070FC66799B6CF18835A60E0CB,0,0,0,0,1,0,0.0,3
81FCD52941CE339DD105060FA5B0AB08,0,0,0,0,1,0,0.0,1
C689A22FFEC11B0563E132CF48ADA2E1,0,0,0,0,1,2,1.0,5
26FACA90F8AA62D614E65FD30CD978AB,0,0,0,0,1,5,2.5,2
452332AC08AA6AD499887192F4930FF9,0,1,0,0,1,3,1.5,2
ECEAB5A923199923545D839B41286FBF,0,0,0,0,1,2,2.0,1
F0E92F94FC414B55B2DAFDA91CCA3EF2,0,0,0,0,1,4,1.6666666666666665,3
CF3E30C268C370CB5E075ADCF0D0859A,6,4,0,0,1,2,1.5,2
325CCD0662FC4EA9853B7D3E3B6693A5,0,0,0,0,1,3,3.0,1
E26866B56037F8DE50ED3839F124C7BA,1,0,0,0,1,4,1.6666666666666667,3
406692626F7D0E5A3BE6529CB02F40C9,0,1,0,0,1,3,2.3333333333333335,3
C28DE372866065F6C99E534792E50350,0,0,0,0,1,3,3.0,1
707AF36AD10E491AC01A633467846368,1,0,0,0,1,1,1.0,1
CC8DFD648FF20954F47DA8DFD9AE58B5,0,0,0,0,1,0,0.0,1
C725982E56F6416A3175AE8E4F643E95,0,0,0,0,1,4,4.0,1
CB7266A7C254F626D21EE1A060CB4926,0,0,0,0,1,1,1.0,1
B1634481C153C7A3FD526E12B40CDFF0,0,1,0,0,1,1,1.0,1
45562AC45305027FA082D9550BCDC7A4,0,0,0,0,1,0,0.0,1
BAC866C6D8FC07291B3C13B6A1FF7945,3,0,0,0,1,3,1.03125,32
751B06814F2E7EFE53CF17EA6A435B58,10,1,0,0,1,7,2.3921568627450975,51
4C06E113DA2E87330590B07BC97D276F,6,0,0,0,1,2,1.2857142857142856,7
FCD2C9F9823D34E850DD68ED59E06C5F,0,1,0,0,1,5,3.6666666666666665,3
056C1D2163904A57265DC50D259ACEDF,0,0,0,0,1,4,1.6,5
C4F90DFDAD361A1A49BDF60E74F9145F,5,0,0,0,1,5,1.8333333333333335,6
342C835CEA858EF92FA64D22B41FB031,9,0,0,0,1,1,1.0,1
FDDFE28C3B0A73F93F593514F578760A,0,0,0,0,1,3,1.4000000000000001,5
DF2035402F934E7B23D97854C02A1F09,1,0,0,0,1,1,1.0,1
B8F3FC635DBD36ABB04B79735B94F092,1,0,0,0,1,0,0.0,1
8CCA0719F08368F316CB951B266ED5FC,49,0,0,0,1,2,0.8333333333333335,6
F9A5685C42DF80F339B25E1DEB9663FB,2,0,0,0,1,3,0.8000000000000002,5
09D9ABEA59F76377C0690A994884277F,2,0,0,0,1,3,1.8,5
73620D48790A48C1C43E7BB765A7E741,0,0,0,0,1,0,0.0,1
EABBB2B27FF516111319A210DC37B20A,1,0,0,0,1,2,2.0,1
EA35FE295A7C1F8F67836AEB608CEBBD,28,0,0,0,1,6,1.0645161290322582,31
E246F0CEB8B33650F74220D69E524E51,1,1,0,0,1,4,4.0,1
6B943CC8F4953E8244BB086F02EB4D17,8,0,0,0,1,1,0.5,2
B29581947ADA95875735E29B397275CE,1,1,0,0,1,3,0.75,4
DA8B5884A54D7F2934002A00A9566467,0,0,0,0,1,0,0.0,1
781405154C3F34047F665481F52ABA06,0,1,0,0,1,4,2.3333333333333335,3
EFBDEC168A2BF8C727B060B2E231724E,27,2,0,0,1,3,0.5714285714285715,14
DD7E970F9C279108393CE97CA4222EE1,3,2,0,0,1,1,1.0,1
8F255AA85CDE60CB76AE32BDE0BD42AB,0,0,0,0,1,2,1.0,3
2B5ABA17A30D32531C09DAF2865F9E55,0,0,0,0,1,1,1.0,1
EC1A759709685E136767F2C1BA4751ED,4,2,0,0,1,1,1.0,1
77A7D4AA9D76737C904626761974C9AC,1,0,0,0,1,1,1.0,1
FF845C3FA64B4020EF5272852ABC11CC,3,0,0,0,1,3,1.4,15
CAAECEF6A017051F6404A2C70E74C62D,0,0,0,0,1,0,0.0,1
2D644942A18A482A9AD370DA9F38B709,0,0,0,0,1,2,2.0,1
A66E12586B3B31AAEF02D1B1DD09EFDF,3,0,0,0,1,4,2.0,2
A6C4CB8440C6819D98DF857532A44547,0,0,0,0,1,3,1.6666666666666667,3
BBDC3A9EF7D25E1DFF0803FC79CE833E,2,0,0,0,1,1,1.0,1
F4DB89560DDA17F6D3CD35DA290685FD,0,0,0,0,1,1,1.0,1
9B14C0DCFBCD0246491BBBE48EB84497,0,0,0,0,1,3,3.0,1
189DCDD5BC7B698DB58C848816CF2F2C,0,0,0,0,1,2,2.0,1
8629D3BA0C392C05D4BC2DE0346DD01E,0,0,0,0,1,0,0.0,1
FBC2ED3C00517261B46631ECEF1999FE,2,0,0,0,1,2,2.0,1
7DB2DBCF45D57B784C949092A6F9BB21,0,0,0,0,1,5,2.2,15
557BCF8133DF84CFB3399530FF4BA2D2,1,1,0,0,1,0,0.0,1
37381E54780D3007F2FA20DA9AE7A0A6,0,0,0,0,1,0,0.0,1
673E537944298C773DB3AF54914769C0,2,0,0,0,1,1,0.75,4
A088EBC3848E2E5BEE70CD6120CC5148,6,2,0,0,1,6,1.6666666666666665,6
3BF94BFAB0D664F4D034605E08B3A808,1,1,0,0,1,3,1.0,3
C679FF00E17790E7E16AB903212EE05C,0,0,0,0,1,4,4.0,2
5009AB6BB3FF1126B6A7F3193F27FD14,0,0,0,0,1,1,1.0,1
72997515147F699A2714387AEEF0B7F9,1,0,0,0,1,0,0.0,1
54A5C5CB58C6535D179474790DE15F10,0,0,0,0,1,2,2.0,1
4A862175326ABFD473EE59B8569D821E,2,0,0,0,1,5,1.4444444444444444,9
8A12D99C8E5E894F2530B091B82B54B1,1,0,0,0,1,1,0.33333333333333337,3
06A302E3A4767793ADBC884143708660,0,0,0,0,1,4,2.0,2
07429BDC864F5AF7496EC5AB15D622C3,1,0,0,0,1,3,1.5,4
57282426E9E322AB40538D7A05D29FD3,0,0,0,0,1,4,4.0,1
011A541DBC3D5ADB8450B051AC69A304,0,0,0,0,1,5,2.3333333333333335,3
A215FB42F34E103BC9C4DC4832A94AEC,3,2,0,0,1,0,0.0,1
15572738150C8BCA4D444DF738B91CB2,0,0,0,0,1,4,1.75,4
DAA3F353F320A717A0C418A8205292B2,3,0,0,0,1,4,1.75,4
991C7FC3391A50658D6051D04A33D1AE,0,0,0,0,1,5,2.666666666666667,3
8F030F26EB2BE0DF3C21FB0F13E6076F,0,1,0,0,1,4,1.75,16
DE0CCACD4BB0DBB022445718217A0819,0,0,0,0,1,1,0.33333333333333337,3
AF19A7E2DFF071CB9A7C4E1B021C022C,0,1,0,0,1,5,1.777777777777778,9
AE04A9247DA9F822338428515517FFFC,0,2,0,0,1,2,0.8333333333333334,6
1AE81ECA4F8037BEB8E0A33D8AA6F337,1,0,0,0,1,3,1.3913043478260871,23
1BCCB7359FBB9878B5930941E416E68F,0,0,0,0,1,0,0.0,1
30748777F905636ADF02B0B063F6E47D,0,0,0,0,1,2,1.5,2
61E97732C90B2E8BC548E5C24292EFA1,3,0,0,0,1,1,0.5,2
83C1BFAF72CC9FF92E34D5A940101815,26,7,0,0,1,5,2.0952380952380953,21
D2646F13137D19B32F44D7873FADDE79,5,0,0,0,1,3,1.3333333333333335,3
31C6D36C0D121E1F749FE645D7C7DCAA,0,1,0,0,1,3,3.0,1
CE3C788814237AADC353F4AD7CD2C3CD,2,0,0,0,1,7,4.5,2
403E5A2F0D4D8A4213F2D3A75E329518,2,0,0,0,1,5,1.6875,16
44B7B81BA22AAB03D54A7BBB84DB2395,0,1,0,0,1,0,0.0,1
1CC6E98A2D1E0AE7A4F31E8B3ADDE2BE,0,0,0,0,1,3,2.5,2
9D2AE02C9C99F53B697804C474DF3D8D,1,0,0,0,1,1,1.0,1
D6F9A30184A75CA203610CB4AFBCC470,1,1,0,0,1,5,3.5,2
B909E553481A3C9AD11258FBF6200D66,1,0,0,0,1,2,0.5,4
40BA61FA20F99E4041FA826867B56DED,0,0,0,0,1,4,4.0,1
9824EE1CDBF470FB1E7D90F633484738,0,0,0,0,1,0,0.0,1
FC55032FC8C06EB1A1220D1ABD1164C9,1,0,0,0,1,3,1.5,2
5C97F69FA8300B4457DE73005F3951FF,5,5,0,0,1,5,1.8,5
DA2CD54CC00D84468E3409121B48FEA4,1,0,0,0,1,1,1.0,1
0C5032748766548CFF0497155827ECEC,0,0,0,0,1,2,2.0,1
361AC2578D8F5E3FFF597136111A94F4,2,0,0,0,1,2,2.0,2
055A7B424EBE798EB0318F3DBA55418C,1,0,0,0,1,4,2.25,4
B9479F8A039F65B38E0EEE5013114A5D,0,0,0,0,1,6,6.0,1
C6906A5CACAB5CC4DF57FEAF197BEDAD,1,0,0,0,1,5,2.5,6
4374676507A277E5FE4EA78D83CEFD22,6,0,0,0,1,4,4.0,1
36B07DEE63BD0CA9C0062B30043DC12C,0,0,0,0,1,0,0.0,1
21B36187E79A2AD5BFC6C7D018CA1676,1,0,0,0,1,0,0.0,1
0458C336714B6986CD8BF62F5B7FA382,0,0,0,0,1,5,3.5,2
C334D1A3424934130CD61EB692EA0509,0,0,0,0,1,0,0.0,1
794DA7DDC1EC46F5486DFC6EB797A1A9,0,0,0,0,1,3,1.5,2
2A2C6BB5DE662AA8D0229B4DE733D4A6,0,0,0,0,1,0,0.0,1
535B3809F6411A9F8FB0B2C78CE59284,0,0,0,0,1,6,1.7999999999999998,5
4C17F5B133B064508ED4E3E1A0C30D3E,2,2,0,0,1,1,0.5,4
68C5F7CFAEAB93924B7B55D7129C0286,1,1,0,0,1,1,1.0,2
7B570B8349CC0D4EDF55D70DAA26888A,9,0,0,0,1,5,1.5555555555555556,9
69D57BE74D941B4D3FFAAF82B29D890F,0,0,0,0,1,2,2.0,1
3944463189753023D36139FFA3DF3582,4,0,0,0,1,2,1.2857142857142856,7
2F09E506A0B41203B4A979B17D2A4FE3,37,0,0,0,1,1,0.4285714285714286,7
85580828B10E0DBDD5D00D394989DFC0,9,0,0,0,1,3,0.9166666666666667,12
8F8281BF42CB4EF01A7003E8757453A4,4,3,0,0,1,0,0.0,1
25A32E63D0312F1DD1F1C3CA89993CB5,0,0,0,0,1,0,0.0,1
3AF01CFACBD66DCF0A044146B67F42C4,0,0,0,0,1,1,1.0,1
56B9CBB6CB58106DCCF3CAD660232CB2,0,0,0,0,1,6,2.2727272727272725,11
24662C2299FBDFDBBBB3F340655200F1,3,0,0,0,1,2,0.6666666666666667,3
00353D3418DD0707FE0A80A59FBD5705,7,0,0,0,1,1,0.25,4
6B9D640FDF800555D9BFA6E4B644FAEB,0,0,0,0,1,2,1.0,2
751F059E1E4E3647C4E502FB7C51F462,0,0,0,0,1,6,1.611940298507463,67
26E8B71103CB22B832476C0157034CCF,2,0,0,0,1,1,1.0,2
AFB70DBB0D4B78E3B8945A470C6E305C,1,0,0,0,1,1,1.0,1
CB7FDFE1FEAB2E1435C77B06D6176450,0,0,0,0,1,0,0.0,1
B607C1DF4606F29FD7FA56A6D4DACFAC,2,1,0,0,1,3,1.0,3
6E40E63C836A0C058685C1F69CFE1701,17,0,0,0,1,2,0.75,8
C1B1A57BFD7A3176CB7C587FF29653C6,12,11,0,0,1,3,1.4285714285714288,14
84155F8B9A962233332DF4E82CF8B703,1,0,0,0,1,1,1.0,1
91BF8E59808AD0D73F16ED3DDC984877,0,0,0,0,1,3,1.5,2
2EF53F63407052EC94131725462F090E,7,7,0,0,1,1,1.0,1
622E890EE63F0B83C532CC052BEE8A50,1,1,0,0,1,4,3.5,2
B9892DCFA8E42B1F5EB44012025D9A56,10,16,0,0,1,4,1.090909090909091,11
A62611DA6D4B45AC3DB2450BF3A24C23,3,0,0,0,1,4,1.3333333333333335,3
1E9F87DED4BB101DA4417592AA77B5E7,2,0,0,0,1,4,1.5555555555555556,9
F1D06AE5E4870002D05A561B32C8C7BB,1,0,0,0,1,5,3.0,2
C3FCDF18C57A6F16E5EE6867CA6679E1,14,0,0,0,1,3,0.8571428571428571,7
9FE14774A6A768A1C1BEBCE0DE0669A5,7,4,0,0,1,4,1.909090909090909,11
4A6F593D710B74270E683BC38F6430E1,0,0,0,0,1,3,3.0,1
8F6C64C471FE0E45EFC6C5C0171F521B,2,1,0,0,1,5,5.0,1
8DE599AB2826213ED4520C02445AC7E8,17,0,0,0,1,4,1.5999999999999999,10
C98488BE01B56284ED203153E0E2F89A,0,0,0,0,1,1,1.0,1
6A46B8ABEFB8887AEF6AE0D3B02A9800,1,0,0,0,1,1,1.0,3
05F7B2C58D627CE948B06C10E39CDF91,2,2,0,0,1,3,3.0,1
C028D1BCE3EE4626D117DF55D6A617B8,2,0,0,0,1,1,0.6666666666666666,3
756728B497AE5786A9285442E1332AE5,0,0,0,0,1,2,2.0,1
FC2C90CE72B673FDFFC262F04C817C53,1,0,0,0,1,2,0.8,5
F85977DD6D4B89E2164CC02D1DAFDD69,0,0,0,0,1,1,1.0,2
9E8FED725DA53AE5AF06520FB4A0883C,0,0,0,0,1,1,0.6666666666666667,3
8203F492EE32192EA37B224B66C6958F,0,0,0,0,1,0,0.0,1
E5047160234ADA0F4D07FD6442DFC201,4,0,0,0,1,1,1.0,2
17889548D682524A3EA067CB23452F43,0,0,0,0,1,0,0.0,1
9A7C4451BAE83D1EEB969C0DAEB7917B,0,1,0,0,1,0,0.0,1
A9622BEEE5E90B755008149882284112,0,0,0,0,1,6,6.0,1
CD6A880B416237B2E710FD9070A9DEE2,1,0,0,0,1,1,1.0,1
4E8132CFCA318A0B9AF2ADBE7FEDEF74,1,0,0,0,1,2,1.0,2
28304148A150937D7E97D41015AAEE2F,0,0,0,0,1,1,0.5,2
46C891659BC6153424416AEAC8642E8E,1,0,0,0,1,2,2.0,1
9CAA362065938738F286A91AE30DB8E8,2,0,0,0,1,1,0.5,2
EEF20C1B43A60363376C2AB354D17070,0,0,0,0,1,0,0.0,1
C4D01A26BA924CB339CDC8325F3C2AE6,0,0,0,0,1,4,4.0,1
DC71A2BE39011D948BB71CDF28BBCE8F,0,0,0,0,1,1,1.0,1
52DD16AC884B62C6D54F95CB1124C2D7,0,0,0,0,1,0,0.0,1
826148616D2F8A7B3FEF373C8497DEAF,0,0,0,0,1,1,1.0,1
A26E987AADEB6A801A0A174142382001,1,0,0,0,1,5,2.5,4
72A1C8E1E28578F0762B4B34616E500A,0,1,0,0,1,0,0.0,1
117AD1627465CC9E03AB5D8825D42E07,0,0,0,0,1,4,1.8,5
17DC0E89E3ECED8B312BCC88BCE23548,0,0,0,0,1,0,0.0,1
9632E3437B106CA10350641CF2A3EAC9,2,1,0,0,1,0,0.0,1
28628F10D43B6D507B38A10B4366EAD9,0,0,0,0,1,3,3.0,1
DDAE3C0D9E323BD017D05496CD1C8B95,6,0,0,0,1,3,2.5,2
9C7E159B5B40D7FF23842CD0743D749F,1,1,0,0,1,5,5.0,1
BBDAFE02F8160B43C105F79EFFD0DF7F,0,0,0,0,1,1,1.0,1
7C39C0EE7BB418230FC3E01864D1EBF2,1,1,0,0,1,1,1.0,1
153C55ABB8207C667CC7DD1C08DB02AA,1,0,0,0,1,0,0.0,1
E3FB1ADEE3426B8E0EFFE7CDCB73BF40,3,1,0,0,1,2,2.0,1
B48B0E295DD06A46B6CFBB0E3FA8B7A7,0,0,0,0,1,0,0.0,1
634B75552B77645F2794436C6DF1DC97,2,0,0,0,1,2,2.0,1
6CBAAF292DEC252E17BF306D19F955DF,1,0,0,0,1,0,0.0,1
1866BD899FA02FE251E4C765BA9C7512,1,0,0,0,1,14,14.0,1
83FC385160395E02668DE65F2C527C70,0,0,0,0,1,0,0.0,1
0E5AC0052CBF1C05FA5052B6E2CB0091,3,0,0,0,1,3,1.0,7
21E45F33EAF90362ED7C5EED8FF23614,5,0,0,0,1,1,0.3333333333333333,3
403C557E9B2849083C5165A2652E87FB,1,0,0,0,1,4,2.5,2
817349C5C28998337DC1F07477767F2E,1,0,0,0,1,1,1.0,1
6F1C09DFB69D4CA8B61065E9A7CFE12A,3,0,0,0,1,2,0.8333333333333333,6
AE257B45A80D36AAE84F28E46DBF6644,23,4,0,0,1,2,0.6666666666666667,3
9F5199E8FF7F51F05D5C91BCE3C4A3B6,0,0,0,0,1,3,2.5,2
3E1021EDDFF353A42B649144A63AA557,0,0,0,0,1,3,1.6666666666666667,3
23A0C344855A5518973086DD8526DB21,4,0,0,0,1,3,2.6666666666666665,3
05AFD9CC6BE47271BCD774268D50ACCC,3,0,0,0,1,5,2.5,4
CC82F95DFE505CC14AA65AB616C61063,0,0,0,0,1,5,5.0,1
621504441F01D855C7C204332A3C934C,6,1,0,0,1,3,2.3333333333333335,3
F772305BB41A19F62C533F59876AD56E,0,1,0,0,1,0,0.0,1
58930F51C20661E89F5DFDB969131080,0,1,0,0,1,5,2.1666666666666665,6
D0B09A3173AE1BCF24C4E4A37A272925,0,0,0,0,1,4,1.7777777777777777,9
D43C78CF770D3656CCACC19EDA823358,0,0,0,0,1,0,0.0,1
ABB9CBDA745C709525D2705F14B9C5A8,2,0,0,0,1,2,0.7142857142857143,7
59483477E9365F4C9A834CD88B37BA41,0,1,0,0,1,0,0.0,1
6D4F9673F3DADCB39EE913EFCA2AE282,2,0,0,0,1,0,0.0,2
EFB8D29ED17B023FC6494DD21F7748B3,2,0,0,0,1,3,1.6666666666666665,3
843D2D1D8CB55E746C90034831E89FAE,0,0,0,0,1,1,1.0,1
2B86004D342C2EA67F3164372314F0C4,2,1,0,0,1,2,1.0,2
6B7F85DBAABE78A99689D49CAE22072E,2,0,0,0,1,1,0.5,2
B9C60CCF00E26F2D1937AE7EC0DCEC31,0,0,0,0,1,4,1.1666666666666665,6
58C58BE1BC4187B0C0192D05F718A1A4,1,0,0,0,1,4,2.166666666666667,6
B32B9B49419747FED767C4942DA42EFB,1,2,0,0,1,1,0.33333333333333337,3
6CF40355623470BD40947068FD1CFBD0,2,1,0,0,1,5,3.4,5
E8A02761E2BE46FEA69F69AD8E97419E,0,0,0,0,1,0,0.0,1
CC0EF7F0565D2D90455B2B2E416609B8,3,0,0,0,1,0,0.0,1
67D3D76504CC5C4CBFC78EE4FC397C8B,5,0,0,0,1,2,1.0,2
9B0D690097928C177E91E2724871BEFF,2,0,0,0,1,3,1.0,3
67C46D47D98A618D1124FA4CA727C19B,1,0,0,0,1,2,1.5,2
AB572ABA89636CAD4564102E972C2882,0,0,0,0,1,3,3.0,1
29A1FDC7F3468B3DB22FAE2E54BFD382,1,0,0,0,1,3,1.8,5
1396B6320C411426EB6FD60448C66475,0,1,0,0,1,6,3.0,2
D868E09F1EB467A324D16D75D6676C59,0,0,0,0,1,3,2.0,3
C54C9241ABEB97277770FA5B9B044A5D,0,0,0,0,1,1,1.0,1
DF0FFFDCBD895B64A26C6ABC9552DBA6,0,0,0,0,1,1,1.0,1
00C05A173432388147D8819A53F79003,0,0,0,0,1,1,1.0,2
675EDF6D69882FD0E9D4CE40A07614A7,0,3,0,0,1,5,2.0,3
07BF2220AEC9352DF006C0AF64733E0F,1,0,0,0,1,0,0.0,2
4EF07A6716518183D75BD43775A86C47,2,0,0,0,1,4,1.0,4
F63C9055C18F45DAE12DA1B3BAFDB04C,1,0,0,0,1,1,0.5,4
A934DACA2D665AA46C5B136AFD32EEBB,4,0,0,0,1,1,1.0,1
F42D1E33344A24A3F6868327BE121E5D,5,0,0,0,1,3,3.0,2
B8C8015FECAD94364B76E74CA9C1A946,2,0,0,0,1,0,0.0,1
060ADA8C8F2558D7C9AC00CA15B84DB3,0,0,0,0,1,1,1.0,1
039C79F352548940D54CBCE8742B99B5,1,0,0,0,1,3,2.3333333333333335,3
84EF223B37E16A439B3B0753F4C6C3F6,0,0,0,0,1,5,3.5,2
443EB89633FF8A0DB958E54B0088A2D6,3,1,0,0,1,3,2.0,2
9F549CC425B389EA7401A5F8E2ECD441,15,0,0,0,1,2,1.0,5
C1CD7023204560B789D7C700B3171AA0,9,0,0,0,1,1,0.5,2
E5A078ABDE5F52B4A884B08ADF3DE1BB,5,0,0,0,1,4,1.3076923076923077,13
912BB0D5D5351359F0054480D33BECE3,1,0,0,0,1,0,0.0,1
4A4CA80AE45B349AB432E716446A921A,0,0,0,0,1,2,2.0,1
30B7245EB5CB5595F7C3843CF6934D0D,1,0,0,0,1,4,1.8,5
374D5CDB7AF356218A9BC3E90E4B53E8,28,0,0,0,1,5,1.2500000000000002,24
D45E2816BAB164F343240D97246B740E,0,0,0,0,1,5,1.647058823529412,17
3F179C197C06F1E9DED3FF3097F7BB85,0,1,0,0,1,2,0.75,4
EE502024B7AC261CE1956BB599E020DE,0,2,0,0,1,2,1.3333333333333335,3
E1276C0BE9F4591AA1068726811F20F5,0,1,0,0,1,0,0.0,1
CA51DAF1373B5C2A16C174AFBD2132A4,0,0,0,0,1,0,0.0,1
DE10F21079C46FE7E3EBCAE9A4465C32,0,1,0,0,1,0,0.0,1
B7DC2379CC9C7731C2DADFC08094B925,2,0,0,0,1,7,1.7826086956521734,23
4662AAE1B5602A67BB168F37A9E961A6,1,1,0,0,1,1,1.0,1
E87EA3E6D5FD4E7A98844CDB751EA0A0,0,0,0,0,1,0,0.0,1
4CCCF9BD14E8E98B8C9143A8B3FA43F9,0,0,0,0,1,1,1.0,1
91E7963D1F74552EDFEEDB4105826DBA,1,0,0,0,1,2,0.75,4
585DAF3550B546DD7A9C122DE35F0763,0,0,0,0,1,2,1.5,2
0055BAC9EFA78604AA7BD8D7E57041C1,0,0,0,0,1,3,1.5,2
C60030D930B4915AE9974309F8C32C92,0,0,0,0,1,0,0.0,1
C235ABCC17D543BB8FC84E6C64A59F14,16,13,0,0,1,3,3.0,1
D4A2E0A0D8BE70786142910BCB177903,0,0,0,0,1,2,2.0,1
C13987810D859EC3869A5D43C4A7D65A,0,0,0,0,1,5,2.5714285714285716,7
3307DD0AEFB45F2AFEE766A57E2EC357,0,0,0,0,1,5,1.8333333333333333,6
42B9A14B99CF6FEE630005EF1F03FA19,0,1,0,0,1,2,2.0,1
318D94A48141F6911EE48AC04D2A7B48,0,0,0,0,1,2,1.2,5
5DF3A5A1AF28F03AE1622D1F7537C31A,3,1,0,0,1,1,1.0,1
D626972E44337CC0CE66BF52969DB43F,1,0,0,0,1,1,0.33333333333333337,3
EE3A7EF48E6CA9311D17208B94AFE6D0,7,1,0,0,1,4,1.3333333333333335,3
1398FAD131CAB04B4B52169E68620CD2,1,1,0,0,1,0,0.0,1
31D0731D4795EDAB682A2AD05D38379C,1,0,0,0,1,2,1.5,2
E17541B495A79903EBB7DA3EE6553D66,0,0,0,0,1,3,1.5,4
A01F32D523709A247A15DD7D010CDD56,0,0,0,0,1,4,1.9545454545454546,22
B5370B2A8B2E4B1E9971857103502D24,0,0,0,0,1,1,1.0,1
871E1E83FB149EFF85F6EAF3EA6EE38B,1,0,0,0,1,2,1.3333333333333335,3
0A9D7004114F34B9CD49538E173E01A7,0,0,0,0,1,2,2.0,1
E37D4BF1A19A21E8AE145402DDEC1CBA,0,0,0,0,1,4,3.5,2
D101F24B0B800C5C6A38DB05FAEEFAB2,1,1,0,0,1,1,1.0,1
89FC6EB5BAA4CF2522599800AAB47060,7,1,0,0,1,4,3.0,2
E4EE4ADDBCA033FC5C2B23ABF5F4F578,2,0,0,0,1,1,0.5,2
EF2E072F6D5F65F2FC21785102F4D830,87,0,0,0,1,0,0.0,2
C45C99A57F91F6347830215466637D80,0,1,0,0,1,2,2.0,1
578C775FCD41BBF6A7028836090EF1D0,0,0,0,0,1,4,2.5,4
FD428D15AA4493AFED0F513390E79AA8,0,0,0,0,1,4,1.7499999999999998,4
E6801E3BAF7C8123841AFD7969FBD7AC,7,0,0,0,1,2,0.5,6
BEFF4C23B4E338CE8A2D0082E47A7EEB,0,0,0,0,1,0,0.0,1
A6112956075518E4697E3A60A55715A6,1,0,0,0,1,0,0.0,1
CC62213661BE43BF92836F37DF9B3ADD,0,0,0,0,1,0,0.0,1
9F0513E2CCD4655D6EB7C59AE8C5BF9B,0,0,0,0,1,5,3.5,4
D924713CB1AF85AED83BC394B164B9DC,0,0,0,0,1,5,2.3333333333333335,6
7ED8C235689771F6B0F29BBF295A346F,0,0,0,0,1,4,1.6666666666666665,3
A62CD597E76D7FC17D8BEA76BC613AFA,4,0,0,0,1,3,1.4,5
E7CCB643C1D0028BF305EDD85397255E,0,0,0,0,1,0,0.0,1
029D53C3C42C44D6F511D65F3BD2C372,12,0,0,0,1,6,1.902439024390244,41
C8FF91430B5EEEB18B55940C3B4F9B83,0,0,0,0,1,0,0.0,1
FE46EFC1DA3F3159AD9343EC53466F3F,1,0,0,0,1,3,1.75,4
87E84A5898B36F9FADF2DEE7B8E64E68,4,2,0,0,1,0,0.0,1
F6A51F64027F37C7167FF2A28FCAE35D,2,0,0,0,1,2,1.0,4
49309C5759610DBF6C829C0D4AB23943,0,1,0,0,1,2,0.8333333333333334,6
909A16079F7183140ACF4C71A6CCDF3D,0,1,0,0,1,1,1.0,1
F815B0069F973BFA743EF90A85224109,0,0,0,0,1,1,0.5,2
ECACBAF859574F663F53C63688DCAB37,24,0,0,0,1,4,1.2727272727272725,11
CAB801809B633E8717EB78894D440EBF,22,0,0,0,1,5,1.1,20
FEDC59699D8832A11B88BFCCCAD0951D,0,1,0,0,1,0,0.0,1
49CF61B01BD5584B86EFC08E40F6EB03,0,1,0,0,1,2,2.0,3
BC54A37F6F3238A3D44E76D0531B69A5,0,0,0,0,1,1,1.0,1
62AC87CFE11DD7CC707AEDE576B728AE,0,1,0,0,1,2,0.6666666666666667,3
10B0D468B5E036E16D13DB53A65F2D49,0,0,0,0,1,5,1.56989247311828,93
7FCBA575DF9BB57CEE7E7EDC0046BE8B,0,0,0,0,1,1,1.0,2
B5395F8C2077B59B3D6C5719C0CA0339,6,0,0,0,1,2,0.6666666666666666,6
A74C05E503F6274BAA9457B2265471F5,0,0,0,0,1,4,2.75,4
C639CACA07D03F536F537ED779CF6599,0,0,0,0,1,4,2.4761904761904763,21
E6B6CAE2D200FC3EACF21DDE75402DCD,0,0,0,0,1,0,0.0,1
38CCB62C4E10C0CD4ED504711739930A,0,0,0,0,1,2,2.0,2
A7AAA5EF977926DBCF801D15F83EE4A5,4,4,0,0,1,5,1.7894736842105263,19
468D5FE3152A32074EC9648BA7C847C5,5,0,0,0,1,0,0.0,1
E5D16173400729E05DFFB4883FA6EF1C,0,0,0,0,1,3,2.3333333333333335,3
2BB9DECA5F376B9FD772D4BB2703A883,0,0,0,0,1,1,0.6666666666666666,3
FD995DD8499A3D9D8102571A6C8A1C22,1,0,0,0,1,5,1.4800000000000002,25
A560E16106632D57F8C544CAB80795E2,0,0,0,0,1,3,1.6666666666666665,3
7F09D6EB541953172D88BE6D341A29DA,112,106,0,0,1,4,1.125,48
CD34DFAE86CD27B7BCBD2F4D574E8D83,3,0,0,0,1,2,1.3333333333333335,3
9F833A0D7CCA8E4BB64D57511989AF5A,0,0,0,0,1,3,1.5,2
508787DC5F034BE21A1F6B441F12440A,0,0,0,0,1,0,0.0,1
4CEBD4BA6E571FB21B7B34360500328F,0,0,0,0,1,0,0.0,1
12D7DD0DEC19CEB4AD08504B706500E9,0,1,0,0,1,3,3.0,1
22FC699EA575027C5A7909E24A7F187D,1,2,0,0,1,3,2.0,2
932AAF56DDE9C55359B9CCFA18E7FB95,2,0,0,0,1,2,1.0,6
138A997936381B27A8BF55B1CED6023C,0,0,0,0,1,2,0.6666666666666667,3
84159D156B24D3FF483713A6B8AB0FC9,1,0,0,0,1,5,2.333333333333333,6
0F1009703CB795A3FD6480DD4B5E8DF1,0,1,0,0,1,1,1.0,1
075EBEDBF28134BE41FB4E7D943F858C,2,0,0,0,1,3,1.8888888888888888,9
58581F94A2C75D39CF1B6622BABE9947,7,0,0,0,1,3,1.4285714285714284,7
86A6C9FB1A0C566CA168149788E71EFD,118,0,0,0,1,4,0.9821428571428575,56
90BB11973D34831EBE0CC1A46F9642BF,0,0,0,0,1,6,1.7733333333333339,150
9ADF895776EA36952298EE796C67B510,0,0,0,0,1,3,1.5,6
877FA44067672E68DA16FDF0CA781110,2,0,0,0,1,3,1.5,6
34334F300D0A2BED6A62283856F93B36,0,0,0,0,1,0,0.0,1
0A92D10B3A9B12B0B946B6ECB7FBBE77,2,0,0,0,1,0,0.0,1
68DCCE164222900A32C3FFF30AAA3E55,3,0,0,0,1,4,2.2857142857142856,7
3309297C1BDD033F918A40177CF78474,4,0,0,0,1,0,0.0,3
93D4EE3D0C25484B69EE1820FEE7555A,11,9,0,0,1,6,2.090909090909091,11
56E8EC9522573BD1BAD8E18AD2E33C9A,18,0,0,0,1,4,0.9,20
7EFD664DD1E744D6B006BDA97DB25FC2,6,0,0,0,1,2,1.0,2
6D9A8E9618873EF4C1DE90B2C6A978E7,3,0,0,0,1,3,1.4,5
91DAE55BC5A28FE0BE68A6DF61D58A68,8,4,0,0,1,5,1.411764705882353,17
919364A97A32967836018EFB36C49ADA,0,0,0,0,1,3,3.0,2
4CCF27CD8F2C2F63611C74DFB71C3B8B,2,0,0,0,1,1,1.0,3
01A357CC494D881280B159099D049836,0,0,0,0,1,4,2.6666666666666665,3
32721C76C22B10A21E798E74F980473D,12,1,0,0,1,5,1.5,16
5C4B88DB4BC000496ACA9179439FE3F6,1,1,0,0,1,1,0.6666666666666666,3
2FCCD5109689374D6165655CA1E20334,3,0,0,0,1,3,1.6666666666666665,6
17C9A0E877F9311BB58010951EC668D4,5,0,0,0,1,0,0.0,1
2C4E3EC3CD3D736B6A29ABCDE4581426,6,0,0,0,1,3,2.5,2
83988F0CA26C505E5E501A2F454F0942,0,0,0,0,1,6,6.0,1
0A367084F9CA18D023CF9A8B8FF81905,2,1,0,0,1,0,0.0,1
EAA7ACA4BBC7BEC62DDF65BC2A528F48,0,1,0,0,1,0,0.0,1
980DEC5BA17132A841D7D7A140333114,1,0,0,0,1,2,2.0,1
F8EBD8316C0FAA906D1335B3D2C04C83,3,2,0,0,1,4,1.6666666666666667,6
C23A2E7CF46B61C0F674BD644513B0EA,1,0,0,0,1,2,2.0,1
9C76A317CE6806446A8C7DF62E391017,1,0,0,0,1,6,6.0,1
261F6186CC817A991565A91C4C92CAFA,2,0,0,0,1,3,2.0,3
7392FB7027578690D48268EE642A3895,2,0,0,0,1,0,0.0,1
6CFB92233A38252222982AC5B49ACD33,8,0,0,0,1,3,1.2499999999999998,12
81729FAFAF62486C3D3B01C881D4461A,1,0,0,0,1,0,0.0,2
FD472A31A6933890EBAE85601203CE9C,1,0,0,0,1,2,1.0,2
2C28CF394F040612E0773E18F2613051,13,0,0,0,1,6,1.9487179487179487,39
1040DBA6B86179C04C306712B5574EB1,0,0,0,0,1,4,3.6666666666666665,3
A9E807665E94FF89025596B115E09C5C,9,2,0,0,1,1,0.5,2
EF85BB1D19996FDE7061001C2B3CFBDF,2,0,0,0,1,2,2.0,1
F5DAD8DD17B689CF672D65A0A81CF4AC,0,0,0,0,1,5,4.0,2
E6A97A56E28F3F9079F2DAC5514D7095,0,0,0,0,1,2,2.0,1
D03A64B35BF4F5AA3315A15D9021A7E9,5,1,0,0,1,5,1.6249999999999998,8
4A54D2FCB3C88FA8AEB83370B9959366,0,0,0,0,1,0,0.0,1
BE543B16CE25C04DB2BA08E38B4243B4,8,10,0,0,1,4,2.0,15
F25BC6658A840132397FF77E3DE93C5E,0,1,0,0,1,3,2.0,2
932CC11F6FCF5843D347A42D73C7173B,1,0,0,0,1,3,0.8571428571428571,7
0CC703A45FA56189EA6A8A07D1448AD6,0,0,0,0,1,4,2.0,3
FF632A1BC4963D79C40613A7F3E7A7FF,0,0,0,0,1,1,0.5,2
E343A4E35A813C92ECFD8C26B35E4474,0,0,0,0,1,2,2.0,1
F835C0CA8865F3FED137091D5B778A6C,2,0,0,0,1,3,1.3333333333333333,3
F2092EC3187962059ACC1CA570BAFDA7,0,0,0,0,1,3,3.0,1
D6F5820E5B2C721C1677E1BC873B074A,0,0,0,0,1,1,0.5,2
9243996A4E06EC1505D57AFDF7E84E66,0,0,0,0,1,2,1.5,2
81FE4E6D77A55BF293BA9C030774B382,2,1,0,0,1,5,0.8333333333333334,6
7410C5CC4FA11D31DB5F9B1D8ECD6BD0,1,0,0,0,1,1,0.5,2
39332FCDCF648AEB2B4589D6A71006F8,0,0,0,0,1,1,1.0,2
1A79E9DCC8204A01E73B5684FE089D40,0,0,0,0,1,1,0.5,2
4516D83DF38E72F2BEC95CA161C8E342,1,0,0,0,1,2,1.5,2
7E13BC564186960CF6E66F5F96A54EF4,0,0,0,0,1,1,1.0,1
99ED19E25F424068C78C51C1C51F9E3C,2,0,0,0,1,1,0.5,2
910D89B4C5015DC78D0AB413FE5325E1,2,2,0,0,1,2,1.3333333333333333,6
53717D02C147929860D981CD68CE2D9A,0,0,0,0,1,2,1.0,2
0B188F0C6D6929853FE7E2E82D6E49DC,3,0,0,0,1,3,1.4285714285714288,21
7680F936107E7650F57D261F4018CE7A,6,1,0,0,1,2,1.5,2
89E9CC86E8D41AD5CD927C54956F080B,0,0,0,0,1,1,1.0,2
5DB890894E4511232A7605589390ED5B,0,0,0,0,1,0,0.0,1
5B763E8410411FFFEC4ADC5EEE935A84,1,0,0,0,1,2,1.4,5
121D1646CA270D59242CC0891B2C4A5C,1,0,0,0,1,6,2.2857142857142856,7
9EF6184EA5F102B0D89A843A453A1BF7,1,0,0,0,1,0,0.0,1
42D16741941358F36CA9F8DB906B907B,0,1,0,0,1,3,3.0,2
54E11DDF707E8B5C7EA5CC4FD48CED88,0,0,0,0,1,0,0.0,1
FDD20A9EF4FE8B5E51F9EC2F98F51991,0,0,0,0,1,2,2.0,1
F8961833FD7F92218B2C179D9201FE84,0,0,0,0,1,4,4.0,1
5800569BC32997BCE5774BA3C675C4E4,1,1,0,0,1,0,0.0,1
BA2F830CE3AA37984F917A1A74152766,0,1,0,0,1,5,1.75,4
EF555837976A611B777E071BAAB93380,0,0,0,0,1,1,1.0,1
1C6029D529C732F7269DA4DD944C8299,0,0,0,0,1,1,0.5,2
52CFA8EDD77C74FAE4D79AD25CF4717C,4,0,0,0,1,3,1.4,5
9CF0B6EBD92C6DB46D03DE8184F22D8B,5,3,0,0,1,5,2.2,5
F37600D4287F1C83A90F3A8CE687FAA3,1,0,0,0,1,0,0.0,1
B149A9E74FEDCB0D33C0425E2B6BB730,3,0,0,0,1,1,0.5,2
1FE64E55F2271D966FEC1782EC4D7125,0,0,0,0,1,1,1.0,1
C523BE581255026730CC4DC0F3AFF6E2,6,0,0,0,1,0,0.0,2
62A5A493BC459F0692E9085A90863174,0,1,0,0,1,3,3.0,1
2668DA8DCB1E8509707F709C67E9197B,0,0,0,0,1,2,0.6666666666666667,3
E4CF7A9A4C0297E4B3FBB595B3AC9D6A,0,0,0,0,1,0,0.0,1
EB681942FA18C6BF1AF2AC7ABA74D491,0,0,0,0,1,0,0.0,1
54EEE6C24B723126E17219F5C0F6DE12,19,8,0,0,1,4,1.4772727272727273,44
39A0592805168E5D5B3C3687A7472628,134,118,0,0,1,4,1.2299999999999998,100
0545C2BABDB15C6A952ECEA222E8F5E6,1,0,0,0,1,0,0.0,1
F7164A70962E5AED09AD0CEB0A3C7C82,0,0,0,0,1,3,3.0,2
882CBB110104131AC6672434F3EC9FCC,18,5,0,0,1,5,1.2250000000000003,40
0E3229C1956C45E2F16B49A70FA50863,1,0,0,0,1,2,2.0,1
A8C1F147B8873FABBAA4CB371602DD5C,0,0,0,0,1,0,0.0,1
45AC12FEE80C5264B1A520860AA981B2,19,0,0,0,1,3,0.8,10
DE765E31A41A126FED84748B910E6143,0,0,0,0,1,5,2.15,20
86454C29EB472BD358B50E8825CB5D30,0,0,0,0,1,2,2.0,2
4C68C77530749C60C1B1F13108C20057,0,0,0,0,1,1,1.0,1
B261FCC74043819BF42DD17E60162055,0,0,0,0,1,4,2.3333333333333335,3
A0E92F2E398E0C6E30D94FBC18F0EDE1,0,0,0,0,1,2,1.3333333333333335,3
4C1D5B46FCB311D0DA33E2F82BBE541E,0,0,0,0,1,1,0.5,2
A5BEE3FC4D5248D2B2C655F6B7C1E5A3,0,0,0,0,1,3,3.0,2
D8B201CEE6A7F438EC9AD232F8CA2B86,3,6,0,0,1,5,2.1,10
EFB696A82D093B3AFBE92FF526DD5CEA,45,0,0,0,1,2,1.0,2
FFD8392E44271E3885BA8C2914B6B377,0,1,0,0,1,2,2.0,1
F06D66C6E18E37F10F1A67CAD89CC6C1,2,0,0,0,1,1,1.0,1
42FD59DB45780687E48767898C09BC14,21,1,0,0,1,0,0.0,3
90F82D01DEBC0493003E18EB97749CE9,1,0,0,0,1,1,1.0,1
76B4C3342B939FAA6E91272F504F3156,0,0,0,0,1,0,0.0,1
5F8B4ADE8C259FC13291E7CF84BFEAFB,0,0,0,0,1,1,1.0,1
41A07F6F6C3756427B09AEF18204CA37,1,0,0,0,1,3,3.0,1
9D3B16FDFC3670ABCB33C7CDF27815E7,1,0,0,0,1,3,1.6666666666666667,3
CEFE27AB13DA3D4D3EF83ADB315F3D74,1,1,0,0,1,4,2.6666666666666665,3
E2268475E3941ADEA36758DBE3959B31,0,0,0,0,1,0,0.0,1
C800F7BB4F17215D7B5F5437D8739F02,0,1,0,0,1,0,0.0,1
7D5BEE9D99070D287FBAA1569241E9EE,7,0,0,0,1,4,2.2,5
4F8C066C472597CB45D9B84D6BD8F5B2,0,0,0,0,1,1,1.0,1
F30AAA5143694682000C553122AD15AB,2,1,0,0,1,3,1.2,5
D0BD34EF1EC293DCA95EE85FC7CB9FBF,1,0,0,0,1,1,1.0,1
6FE6726C48A23DADF583469EF441941F,0,0,0,0,1,0,0.0,1
3A775A1384079D73CA3DDBB985CC6250,1,0,0,0,1,0,0.0,1
0B427C5E490A982FADF586F82E797ACB,0,0,0,0,1,2,2.0,1
827C78D61F55043F0E925C03F0311FAF,2,0,0,0,1,3,1.6666666666666667,3
45D9386A27DC5D98BEACD44DC16D726F,9,8,0,0,1,2,1.0,3
575184A9EBACE52D2CEEEC60621F934B,2,0,0,0,1,2,1.0,2
E20ECC358707CC63075BE784741D9794,97,1,0,0,1,5,1.1617647058823528,68
60BA5922F4F495D22AA8A87782F08517,0,0,0,0,1,3,2.6666666666666665,3
D1709FE868EE67B2F9EE7ABB27CC6D5B,8,0,0,0,1,2,1.5,2
460EC80C110E3422A3914586CED5FD69,0,0,0,0,1,1,1.0,1
D5434CBEDCBD758FDB03495E5C191322,0,3,0,0,1,6,2.5,6
95F38E4A027B72340AFADFA53B39B64E,0,0,0,0,1,5,5.0,1
96D01C66C27A2C66C547B58C5C07A69C,1,0,0,0,1,2,1.5,2
359A34F575B808FEFE58BC5B40816F09,0,0,0,0,1,5,2.0,8
3309F4DE80E33A212A45B29D973EBC9C,3,2,0,0,1,0,0.0,1
D8F0003FCBEE71C9DDA3B5E7F71E2E87,5,0,0,0,1,1,1.0,1
FCA6DF8DBEE40D1953C3A64628A6F2F4,0,0,0,0,1,4,1.8333333333333335,12
C2F7F06C679A76231BB7D773A037534B,1,0,0,0,1,1,0.6666666666666666,3
B52B03F72571CF9204DABB0CE9C6B35A,0,0,0,0,1,5,3.6666666666666665,3
364854B4D93BE22C08A5930B070D478D,0,0,0,0,1,3,3.0,1
4F7CAE5C86F09A791C3F9FA77C10E833,0,1,0,0,1,2,2.0,1
12C60B55FAED4052AB2825241E7770DE,3,2,0,0,1,2,1.0,2
B8FE9AD137A133A89389656F7989B36C,9,8,0,0,1,2,1.0,2
2C7567547934087E8A7758D0EB0DF412,5,2,0,0,1,5,2.5833333333333335,12
5BB701762E3D47A7D00680C9C76FC5B8,2,1,0,0,1,4,1.25,20
FFD44153572065E379B7E96916F730B8,1,0,0,0,1,0,0.0,1
F569EE6651363E581944BD51AAF69CE7,3,0,0,0,1,0,0.0,1
728293309E90015E9F6AC968A60EE1C6,0,0,0,0,1,2,2.0,1
36241041521F95A7C4129522FAED2FE1,1,0,0,0,1,3,1.2222222222222223,9
81C75CB599BE7E11A66110C3FE9D0050,1,10,0,0,1,6,2.291666666666667,24
59194AB0D39F309D3BD2A9C88AE7E0A2,0,0,0,0,1,0,0.0,1
F70084EB1BD868E494027F050CFA6828,1,0,0,0,1,2,2.0,1
D47440BB6AEC6615918DC1B7FDD9F926,0,0,0,0,1,5,2.5,2
ECB85C458DBA7656D2B30C51AA590F13,0,1,0,0,1,4,2.5,6
A99061D3C2035CA9ED2E8188BB15394D,2,0,0,0,1,1,0.5,2
18C9F5B3BE1A3C98F750A4C3DB3C8FCB,1,0,0,0,1,1,1.0,1
3C537E44D7B526A4C97861FD0EEAC17C,0,0,0,0,1,2,2.0,1
6745F4EABB92247B598F34216F07F362,4,0,0,0,1,0,0.0,2
25D990A548748C1167DF39EDD1A61019,0,0,0,0,1,0,0.0,1
09046B6AF45F8D5DC0467715FCBE8053,1,1,0,0,1,3,3.0,1
5EA4CE5DC0821CEE8EE22B5087EE1082,0,0,0,0,1,4,4.0,1
84F9AE2328F81708E2109489423BEAA9,6,1,0,0,1,3,3.0,1
219124074299609BAC344A3123B672A9,3,0,0,0,1,0,0.0,2
D32344BA5A0153E336B5F73ED2979785,8,2,0,0,1,2,1.3333333333333333,3
D3BE4AD0B5267688C8F17CD21FE2675D,1,0,0,0,1,4,2.692307692307692,13
022A71397AEBC8EF9C6B9AC58CBF0C9B,0,1,0,0,1,1,1.0,1
7A920F1813471AC79FD7F7677A56BA75,0,0,0,0,1,2,2.0,2
F83CD647A8858473B23612A7686B3006,4,2,0,0,1,1,1.0,2
0A8548C4B6BB89AA15B6F62E7E88CB71,1,0,0,0,1,4,4.0,1
4FAE9F054706890DC522E924EBF17286,34,21,0,0,1,4,1.4062500000000002,32
1A34269052225805BDB10AE343A6DD29,0,0,0,0,1,2,2.0,1
B913975C2E890CAE4C657D7A7BEDDBDE,0,0,0,0,1,0,0.0,1
EFEBD09C379F92361B37BE7389673FA5,0,0,0,0,1,4,2.0,4
AE55489045EA81B6DBB191298D293184,1,0,0,0,1,3,1.4,5
39C10EA4DF184073C266B1C76673E8A4,0,0,0,0,1,0,0.0,1
6EBDDD1BC5E5489D7FF0B41B8DAA9D86,2,2,0,0,1,5,2.0,15
460DBC1808E6954E66FA4D5B1223B9BB,1,0,0,0,1,1,0.5,2
45CF6EF33D9E1E8869E5F49AF115DFE2,0,0,0,0,1,0,0.0,1
17C62023A0329A033075B1E4C3372275,15,0,0,0,1,3,1.0769230769230769,13
E8A87D52FC346C916EBAE2648D954EAC,0,0,0,0,1,0,0.0,2
7CDC52F058F406CC41FCDC16E464342A,9,3,0,0,1,8,2.901408450704226,71
38C2C9FC38AC2F424C8D519FE7BF988B,0,0,0,0,1,1,1.0,1
81D5B7A398025886388342CE7159C9C3,7,0,0,0,1,5,1.5454545454545454,22
E2216EDD73FE4AE219043A46F0EE9003,1,1,0,0,1,2,1.0,2
B0226DA7DAF0ED3E780906BB5E4279F9,6,6,0,0,1,2,1.0,2
E03139F24B0A1A3DA5B0EB83E9BEACA0,0,0,0,0,1,4,2.7142857142857144,7
E1735A9FB21570C20964C678C95CB784,1,0,0,0,1,2,0.5,4
7A875B45923C0525AADF2F9F8F68D032,1,0,0,0,1,4,2.5,4
50DF4D37167497C4DD0F00E2CCAE39C0,3,0,0,0,1,0,0.0,1
F774FF54AB7B28C332C38DB0C7BC7CB8,2,1,0,0,1,0,0.0,1
8214E8A5909663C33AF6CD45E7C24550,3,0,0,0,1,2,1.5,2
A491C435E6DC94A0443AA88141A77E23,3,0,0,0,1,2,1.1428571428571428,7
EF6B9C724FA058F5352B5F107BFBD520,4,3,0,0,1,0,0.0,2
F439F5812782A237B1737968A1F6063F,1,0,0,0,1,1,1.0,1
003CF1D00480965F4F689CC4D4E735B8,0,0,0,0,1,1,1.0,1
24641E6F74DA6264B463C8665ABE4A17,1,0,0,0,1,1,1.0,1
0E2DCEC2008A0C245A689B35809C87E3,5,2,0,0,1,2,2.0,1
7C8D8B75790229C5B05F6D31E9BE6254,1,0,0,0,1,0,0.0,1
C021984971708350A5394E695922BF35,2,1,0,0,1,1,1.0,1
868E9FC9269D962C4E1FB239DEE92B8E,2,1,0,0,1,3,3.0,1
0318C42AEF29C012B2BA556EEF7A7661,0,0,0,0,1,2,2.0,2
633340100EAA3B4984245C579A0C57FD,0,0,0,0,1,0,0.0,1
2B1FBFFB1A0A26B610F655BF2D4AD490,0,1,0,0,1,1,1.0,1
0C2A65FB041A694BAD1A79125F7A5560,4,0,0,0,1,3,1.8571428571428572,14
DB26CECA494F76A0F55941026125C0DB,5,2,0,0,1,6,1.5294117647058822,17
B8255C477C2A58B38CF4FEDC53B290A3,1,0,0,0,1,2,2.0,1
7AD3EDBE934417314BCC9116601C356D,0,0,0,0,1,3,1.75,4
FA9C9EA20166845C8F4D75E125988492,0,0,0,0,1,4,1.6666666666666667,6
FA0A6611FE496E8A1F0C206455DFAD2B,3,0,0,0,1,6,1.6423357664233575,137
B9CBC542BB3C218F280E39682372FFED,0,0,0,0,1,4,4.0,1
F8CFA177172F69CD3B691DB621E80CD2,8,7,0,0,1,2,2.0,1
9521F610DD97622967149844C7CB029E,0,0,0,0,1,3,1.3333333333333333,3
272A09CAD2AB02974841B266F4A7C6C5,1,0,0,0,1,3,1.5,4
7DCE600F12C73291E7AA6EF815DB657B,2,0,0,0,1,0,0.0,1
610FCF5C8AB235AF2678F174A08FEC53,7,6,0,0,1,4,1.7333333333333334,15
D9A79CD45804EB82483DAB809D7B417C,0,0,0,0,1,0,0.0,1
F730B9CD77C31838E71FEBF694FA8CFB,1,0,0,0,1,2,2.0,1
09B9190310AD9D80C385AA017263CB4F,0,0,0,0,1,1,0.6666666666666666,3
A62BE527025D4CBB71233D59BF12BA3F,0,0,0,0,1,5,4.0,2
F46FF71955A05C3B8DE0EF2BD1C6D81D,0,0,0,0,1,5,3.0,2
839176122B762B28A162764950283A55,0,0,0,0,1,5,2.5,2
E51887B217C34C4D0D506DBE259465B5,1,0,0,0,1,4,2.125,8
34192D05269E726473922775BAFEFF69,0,1,0,0,1,3,3.0,1
724EFE5D19B508D09786318F26C8A698,1,1,0,0,1,0,0.0,1
05FB3382D94C7E963B408FD6CC357D33,10,3,0,0,1,4,1.0666666666666667,15
53A5A4C271525BAA74298747E100C376,16,0,0,0,1,4,1.0,6
77F125B832C748232EDA6AF8C7D08ED1,0,0,0,0,1,3,2.0,4
31F8F98A5B838C7375267F10DADBDA24,0,0,0,0,1,3,1.0,3
707AB389BC354BBC361E03FFFE473A6C,1,0,0,0,1,1,0.5,2
5216CA55F087066674AA10DFE754BAF6,16,0,0,0,1,3,1.5,12
9378193B38946A488A527E1742E76575,2,0,0,0,1,2,2.0,1
8876B3BBA28536588C22FEB683454240,1,0,0,0,1,1,1.0,1
87D98CB0AEE064F2304D5DD519550B4E,0,0,0,0,1,3,1.6666666666666667,3
0E2D7B63BA663C10EE6EDD964EA3DBC5,0,0,0,0,1,3,2.0,2
1762CA37B5E74A04C62CFEE59A9A5111,10,0,0,0,1,0,0.0,4
198906D566F001AAB08B214A9F6CD011,0,0,0,0,1,1,0.5,2
6D544296013D3F7E5FF708DFE81C3C18,0,0,0,0,1,2,2.0,1
69AAD0C879F98412DB3934787AB4AEEC,1,0,0,0,1,4,2.3333333333333335,3
B029338EAE1C7387C65EB317D4A40370,9,15,0,0,1,5,2.2142857142857144,14
22FF5A33C3655B949A5B209F165310FE,0,0,0,0,1,1,1.0,1
DE9B57ADB713AD87D755A19E5827551E,4,1,0,0,1,1,1.0,1
1197B3BDC92908B4C3BD12B33CB66DD5,0,0,0,0,1,2,2.0,1
0B87394247488FE097BA547BCAC20AA0,4,0,0,0,1,2,1.0,2
A2D0AAFA35E66B8372DDAD76450A82FF,2,0,0,0,1,1,1.0,2
0198F541DC7BBE09C52E8C9472F9DC8B,0,1,0,0,1,1,0.5,2
468FA30CB551D6C736E09B82A52D3BC6,1,0,0,0,1,3,1.3333333333333333,3
FB84B2DB7D109D9DE4A544C6F4967D1E,2,0,0,0,1,0,0.0,1
F0186BDA8E7BF76675999CFDCFB10F6B,0,1,0,0,1,1,1.0,1
42D4D9CAF79734E5F06DAAADC68C7EAE,0,0,0,0,1,3,3.0,1
5A2678EC49D852AC8DC691BDFCE53C81,0,0,0,0,1,3,2.6666666666666665,3
C19DD4DE50B67D3D2B7E7A9941DD28CF,0,0,0,0,1,1,1.0,1
7EB0B63569B541F89332E40D73703386,0,0,0,0,1,0,0.0,1
5B7981190AC1999ECFD3B77FB4FB386A,0,0,0,0,1,4,2.3333333333333335,3
D5255DA563F26103F81E0A9701324260,0,0,0,0,1,2,2.0,1
F87832D5700F31523C94754862154A21,0,0,0,0,1,2,2.0,1
9C60C1C940B92F9A07D716FE361124CC,1,0,0,0,1,0,0.0,1
E514FE2BB2D92B8D89D71EEA7682E967,14,1,0,0,1,6,1.2777777777777781,18
F999783AB4CB0C917E845C715CB022EC,0,0,0,0,1,1,1.0,1
6D09A5709AD178B871EC33408B54DC9C,9,6,0,0,1,4,1.4444444444444444,9
9E48604472ED0C9FE103478ED94D5EBE,1,0,0,0,1,0,0.0,1
CB5189F21E81373ACBBC69CE8431CA31,0,0,0,0,1,4,2.0000000000000004,9
8765E2797C05DF924237C185AFA365BA,0,1,0,0,1,4,2.333333333333333,3
3E93326F1DF43AF5F27987897F2BB819,1,0,0,0,1,1,1.0,1
777D1C5560908C966A6E77B4DD1818CA,4,0,0,0,1,0,0.0,1
0A9ECA07D93D354F35CBD3E7C96FBBF5,0,0,0,0,1,5,2.4,5
26DEC6A6F24503E1B5939452B8A4FD9A,1,0,0,0,1,1,1.0,1
4B28EF4B535704DE11121652523903C1,0,1,0,0,1,0,0.0,1
C479CE9BDB6A51895F5512B1BB119D53,5,4,0,0,1,4,1.0,11
8C988A305F1F269E13D776EF0E1576BC,2,2,0,0,1,,,0
2B49EFF232AB44C6F04531B8B8542587,1,0,0,0,1,0,0.0,1
4D41E8141B9D5D3DD8CA6D58B2999E40,2,1,0,0,1,0,0.0,1
3AEFAE03664593B0612DC039B6F5E23A,0,0,0,0,1,1,1.0,1
1A4EE714D85A8BF141A1D4F12AF5FF19,1,0,0,0,1,0,0.0,1
F3C9D7235C2A60FBFBDE1F2EEFBA8B2B,0,1,0,0,1,1,1.0,1
07155715A8401C5ADEA813C579DD8A84,0,0,0,0,1,0,0.0,1
6A41F4F8DE555F943BAE7BFBB6C47712,1,0,0,0,1,2,2.0,1
0DCE6FFE19479064EBF8EAAAE9DE2DD5,1,0,0,0,1,1,1.0,1
DCB47486B2540AAC33B9213DFF495111,0,0,0,0,1,1,1.0,1
E66C3B8A38C424C7CBE0B5388EE5F77E,0,0,0,0,1,3,3.0,2
8A967B0EBC5488B83E64805029677B66,3,0,0,0,1,1,0.33333333333333337,3
3B7AC9CAE2D7BB661BE66F3DE36DD005,0,1,0,0,1,2,1.5,2
7AE4084BAA29B1987E51BF2964646805,1,2,0,0,1,1,1.0,1
F94E005EB49AFB8DA0A78030D4ABB44B,0,0,0,0,1,1,1.0,2
56B62AC76D064517A124EC916BD051A5,1,2,0,0,1,2,1.0,2
F051ACCD021C5BCB03C6970E4E54C020,1,1,0,0,1,1,1.0,1
204CFBE55BF52F8AFB70F3B37DEAFC34,7,0,0,0,1,1,0.6,5
24488995DDA4215B97272ABE4027F66D,4,0,0,0,1,2,1.0,3
245770136A163A289CEC3B1CF6215EAB,3,0,0,0,1,1,1.0,1
7DB66B7DFA1E5624DACBC876FF514B5C,1,0,0,0,1,5,2.285714285714286,7
D07A915198245776F16D2FC010ED2E6F,1,0,0,0,1,4,1.5,6
35B0FBF03492417ED0C50F0CE6FD3768,0,0,0,0,1,0,0.0,1
4B0A611D55C3207931B10B1B76A6BF2E,0,0,0,0,1,0,0.0,1
33BA0F066B903D1C520E3F0D54A681A5,0,1,0,0,1,5,5.0,1
E2501A92941137F9CF3A0EC35210FB9C,1,0,0,0,1,0,0.0,1
D5198EC3CE444315893155C276CC2ACB,0,0,0,0,1,3,2.4,5
9600038D7A3575BBFD2B0DE34FCE50F9,0,0,0,0,1,3,2.0,2
E2B530ADD7430BEA6BC7F3D431C8A6FF,0,0,0,0,1,1,1.0,1
2C84CF723999D48F8F069AFFC184C4DC,73,59,0,0,1,6,1.1999999999999997,20
C971A35EA792EC00701D80A64491FDF9,0,0,0,0,1,2,2.0,1
C639D6D7C40AEDC0181933E32926E319,2,2,0,0,1,2,2.0,1
4A93C01615B33FF5804AF8D19895247F,3,2,0,0,1,2,0.8,5
0446949CDEB27AEA0A1151792973D6FB,0,0,0,0,1,5,3.75,4
570495249052C5E40EC34A2B054DA1A1,0,2,0,0,1,1,0.5,2
CF278B59BF230367A78A8B17905E53AC,0,0,0,0,1,0,0.0,1
CA61DF87D3EE2B1136A9E0E32F0AD7E6,2,0,0,0,1,0,0.0,3
5872E78AB7DA76D7176A8887BA4AA432,0,0,0,0,1,1,1.0,1
20A7321DA29912CBAE66BF98E85CC0C7,38,0,0,0,1,3,0.8181818181818181,22
5D60EC21EE9725AC151B1C49DBD2EFAA,0,0,0,0,1,0,0.0,1
A93BE31079168A1244BE7AA30D6B2C5E,4,0,0,0,1,2,1.0,2
5D5F404C6ABC9EB23A47D58E3EEC9319,0,1,0,0,1,0,0.0,1
99C7EF05303C88ACFDE2A301AD578F59,8,0,0,0,1,2,1.0,2
35A64944397A4AFFD30938D599AB8825,0,0,0,0,1,2,1.0,2
20D316579BC2D1122CABFC41F704DACA,0,1,0,0,1,0,0.0,1
7D057BF231A4BBC0CC9DF94039BFF40A,1,1,0,0,1,3,2.0,2
819D386099AA9B435B3F4B261D3553F9,5,0,0,0,1,6,3.5,2
79465C30403E4FC99CDF945D6D97B79B,3,0,0,0,1,0,0.0,1
B8388B36F918FF3B0D5DA3DA96245CD2,0,0,0,0,1,2,1.0,2
6E898D36923082FFEBA451B6150DC3A9,1,0,0,0,1,0,0.0,1
2907E99C58F849551CF8A313BE709163,0,0,0,0,1,2,0.6666666666666667,3
1DBACCB960959824B4E44C29B79CA3A2,2,0,0,0,1,3,3.0,1
AE6B66CEF19D0E52890C9342580C77F0,0,0,0,0,1,5,2.6666666666666665,3
BBD55F73E29D7AF6C9C1F51BEA7DD20E,0,0,0,0,1,4,4.0,1
BA76817876248E69463610A0BBB14CE9,1,1,0,0,1,0,0.0,2
599A28B77C37024BD13085EF61A55BDC,1,0,0,0,1,0,0.0,1
6E8EF628548141C1C0471322A6F19863,12,8,0,0,1,0,0.0,1
7ED2F4B8DE4350239FD06857AB45D60A,14,2,0,0,1,2,0.6,5
DA8E065F39BC1BB8FE83B8E9F162224D,1,1,0,0,1,3,0.6666666666666667,6
DF99347E3DE85ADD2061F98BBCC4CBE5,3,2,0,0,1,1,1.0,1
E2C73393E938B51088B200E971667B8A,0,0,0,0,1,3,1.3333333333333333,3
C64FDEA4F0B0743BCF6CEDB45FEE8AB7,0,0,0,0,1,3,1.0,5
15C47A41E3BB561C3F8F797075D2A30A,1,0,0,0,1,5,2.3333333333333335,3
9AF63964450ADFD298032593AE320C63,0,0,0,0,1,1,0.5,2
10AC373FFA8419B1A0B4A16D2AC42E67,0,0,0,0,1,2,2.0,1
E4C6FF8288DD4BFCDE93E2218E20643B,2,0,0,0,1,4,2.5,2
8210262F330052F441D2E2A2BCCA3E6A,7,1,0,0,1,3,1.25,8
A84AFC6FBB4184EB78CD073B9525F5C8,2,0,0,0,1,1,1.0,1
C7E2273D8B11257FCCC915D27C1FCA24,0,0,0,0,1,4,2.666666666666667,3
7386D239899D55E3D62DA619F359A7C0,3,0,0,0,1,0,0.0,5
6F90140F6B66544AAF9181C740122566,1,1,0,0,1,0,0.0,1
99426A7D4DCC1D0E6BB77CED2E0BDF77,3,0,0,0,1,1,0.75,4
48394F40F7DB89FA278AF0D3FCE59775,0,0,0,0,1,0,0.0,1
872855CA871B7E4980DC0E2DCCCF9C23,0,0,0,0,1,3,3.0,1
82B3DD7B6C7228C2A4757DBA3E4ACA7B,0,0,0,0,1,1,1.0,1
A7ED613846E0739FC505BFB54CA1F761,1,0,0,0,1,4,2.75,4
C1B1ADBE5F9937FCC1CDB9F504D1E5A0,7,1,0,0,1,1,1.0,1
80DAC92E1CDE9C7177BB9B381AFDA762,0,0,0,0,1,2,2.0,1
8EB3C2F40C6D10BC745C93F1C883A965,1,0,0,0,1,4,4.0,1
12DBA24E4CCF5441E94E1E1EF554CB9F,4,4,0,0,1,2,0.8,5
9DFCDD335DDCAAF5987FC07F7927BF34,0,1,0,0,1,1,1.0,1
784C00F8E76100184698B74AC489FD77,0,0,0,0,1,5,1.8,20
C3817B35D57C5C1BF6225FEC9BD16534,0,2,0,0,1,4,2.0,3
1F2627E55BB462F8BED5EF49A3BBE1F7,8,8,0,0,1,0,0.0,1
5CC5F51FFBA6289E36363D9C2F835B0C,0,2,0,0,1,1,0.33333333333333337,3
67ABE7FC39408AE456040BFA4EFC5EFA,3,0,0,0,1,5,2.2857142857142856,7
6F6CBC414BAA987475A1F0B41D3C9315,0,0,0,0,1,2,1.75,4
7740CD7CDD8F6CD275974FC8C81065CD,1,0,0,0,1,2,1.3333333333333333,3
6597B6D4B733197AE65E3EB21E0C8DD6,0,0,0,0,1,6,6.0,2
01C3BAA2E732F68CECFC432D722FF6F2,0,1,0,0,1,0,0.0,1
601B0461E5E64792BE7E000F34A040F6,0,0,0,0,1,3,1.6666666666666667,6
AF8D4AA5C43975BD1888A60C4803E64E,1,2,0,0,1,1,0.25,4
73C97FBF6DFC10BACDE7EFB65E89F983,2,0,0,0,1,0,0.0,2
C37503360CCF542F01418ADF1BEC4EE4,0,0,0,0,1,2,0.6666666666666666,3
F2F973C92A2229B5FD903F0DF8CA5BB3,2,0,0,0,1,3,3.0,1
CEDECA239844E534347CA2830363B3F1,2,0,0,0,1,1,1.0,1
FDBE1A1BA82358F9659E95158CAE2497,0,0,0,0,1,3,3.0,1
EACCA0856B7B7B2AEC2CB1808C1034E5,2,0,0,0,1,2,0.75,4
BC145B8B6A7EDF69B2E0E6FC24E10900,79,2,0,0,1,4,1.265625,64
E716D9B996FD71AA6BF0DDAF7A41C02F,3,0,0,0,1,0,0.0,1
262FD6280D838B05AF09DD0619A3EE4E,0,0,0,0,1,0,0.0,1
66D8316FE36C1F7082BFB3FCC8BAB0CC,0,0,0,0,1,0,0.0,1
E469655CE24F44D6A207F0E803E905E9,2,0,0,0,1,1,0.5,2
825B7D7600CF41F2EE31628EB361639D,4,0,0,0,1,2,2.0,1
8E8FC0ABAB4F236EB8A332436DD4ADED,1,0,0,0,1,1,0.5,2
EDF0F25B4B89A3DB4B9CA6FEC04F253E,7,3,0,0,1,4,2.3333333333333335,3
E24714CE7A02078BBB80C632B68F88F7,0,0,0,0,1,0,0.0,1
DE3F49561A3E21ED2C9CC518F564961E,1,1,0,0,1,2,1.4,5
D8B8FF56FBBB076848DD2A31E637A170,1,0,0,0,1,1,1.0,1
52084FC5F72A813BB3B8DF8B79C7F0B5,1,1,0,0,1,0,0.0,2
BFA94573FD9B684FC91E4B0CE3551B8B,0,0,0,0,1,7,1.8888888888888888,18
92047F366990EF213652B266D8B69D15,8,0,0,0,1,2,0.7142857142857143,7
58BD0012F25360DA39C65BBC5C60E55F,2,0,0,0,1,0,0.0,1
ED589AAA205D32DDAC8B10CD75E5E968,0,0,0,0,1,2,2.0,2
A1E1EF98190D8257EB71CDCEF6FA1BA0,1,0,0,0,1,0,0.0,1
4545D2ECB840A288AB6DCF5949987E7E,1,0,0,0,1,2,2.0,1
B63075B53A750A67A12F7F19ED5AA835,0,5,0,0,1,8,3.282608695652174,46
D5F9D9AF22EF5073E10342973D48FB2C,0,1,0,0,1,5,1.6666666666666667,3
8F41786DE39F9C50FFA0BC1E36CDB925,13,1,0,0,1,7,1.9705882352941178,34
644C1993FE93C6E2B214E3B7B7D94D8E,0,1,0,0,1,1,0.5,4
B75F91EB6C7FDA9A329567E763CF9E44,2,0,0,0,1,3,2.166666666666667,6
B4C5C2B97C2365FCD1125CA367293008,0,0,0,0,1,2,1.3333333333333335,3
A064A84CD3CF7058F39333D6212E8615,0,2,0,0,1,3,2.3333333333333335,3
D2D4C4EA7C38547D5A960ABE6F6D0184,8,0,0,0,1,4,1.5,10
CEDF3883A5E6600AB2666D61C5523B80,1,0,0,0,1,2,1.5,2
29F5330280F702329E44F791AFA4CB4B,0,0,0,0,1,1,0.33333333333333337,3
1D7DE8A95370FDCB698B25F1E424C91D,43,0,0,0,1,4,1.8333333333333333,18
C8685B0DFA2C4B4E6E6EA72894C30F6F,97,87,0,0,1,4,1.1587301587301586,63
BEC04B2A3A5CC892BE0907C44F5F921F,0,1,0,0,1,2,2.0,1
8040FC9C0479C3B9A74ED298DD8F357D,5,0,0,0,1,4,1.7777777777777777,9
E4947961F75E8E4B6847C76DD327B3C7,5,0,0,0,1,4,3.3333333333333335,3
F0B84ECACD578E9B52D68AA288A5F2ED,0,0,0,0,1,1,1.0,1
6010C53C24BF10681C780188C66B502F,2,0,0,0,1,5,2.1904761904761902,21
81F5705397CE9F0236B2B672AE113154,3,1,0,0,1,6,2.25,8
85C63B84706E6DD9752813675F9FB5F8,0,0,0,0,1,1,1.0,1
FC031A3E74D422EBB63250A664AC6F8B,0,0,0,0,1,2,2.0,1
2C8605D838AC52596D7B42B550C9E608,3,0,0,0,1,4,1.2941176470588236,17
6A1D30C821861EACD41F274E8E6D5455,4,5,0,0,1,0,0.0,1
E458F1B823941D35957203CBF6610A33,1,1,0,0,1,1,1.0,1
E5C8ADC52BEF86DC525B1B42207F5E2F,0,0,0,0,1,0,0.0,1
9FFD64E0BF1D6679C2D14B4796581E0B,0,0,0,0,1,1,1.0,1
7BD09067E1183BA65712D575B62685D3,0,0,0,0,1,4,1.875,8
38D5FCD878ADCCC31D6410D6B1F81C20,0,0,0,0,1,2,2.0,1
757856701B7430E816584C08457FC5B9,12,0,0,0,1,3,0.5,10
9245B5CB02DD3705AA94778F256D5A53,130,0,0,0,1,6,1.685314685314685,143
1F5CB7240D39CFA95F2FE80342033DA9,1,0,0,0,1,0,0.0,1
5BB5D536C1524FB07C79A210CAD95D01,0,0,0,0,1,2,1.0,3
75E2898326344BC87AE25D3C88809CEF,7,7,0,0,1,3,1.8571428571428572,7
7A35E360EC26789B59DB8B8B5D4A6890,0,0,0,0,1,1,0.5,2
0C288F38B32B94A75DFE3DF7C3091B63,1,1,0,0,1,3,1.4285714285714286,7
96DABDCB5E35732D379185C0D0A49BD7,6,0,0,0,1,3,1.6,5
07AFA518388D6D2EA5A68B3A3C2B7107,7,0,0,0,1,4,1.1538461538461537,13
805BDC95D94B57B88F9128E6B6708692,0,0,0,0,1,4,3.5,2
136F2C0A18FA7D6A967EEBDC2C7E3346,0,0,0,0,1,3,3.0,1
886D993055CB6E8FBB3DF0D7D3AF1A4E,2,0,0,0,1,4,3.25,4
02C5F95C93083511782E67C5AFA6D967,0,0,0,0,1,4,2.3333333333333335,3
39003A3FF2DD9C15F9008E495D27A1C9,26,0,0,0,1,6,1.4000000000000001,10
20706003A6373C55EC3CA4AA47F332A3,1,0,0,0,1,3,3.0,1
478C9389B4802EFE80C136E5928D87D0,0,0,0,0,1,2,2.0,1
0B32FD716C1F4BD0DA3A8DCA896F18BB,3,0,0,0,1,5,1.375,8
9A51E254CCF2566CB1BF9A29D8A02785,0,0,0,0,1,3,3.0,1
4BDC03916D05981BEC8C818C2B1A11DA,1,0,0,0,1,2,2.0,1
2CA82928A35949DF7775D4BC04F0AEA1,5,1,0,0,1,5,1.7666666666666666,30
181273FEDA9991873047774086BD7F53,0,0,0,0,1,4,3.5,2
04A6AB46CF117351C5034B9072D89AED,1,0,0,0,1,2,1.5,2
1B2A9E461E99FB1D165894AFE613AD73,3,0,0,0,1,4,2.25,4
BB679B94B0DB34FAF2C2B541A6143F93,0,0,0,0,1,2,2.0,1
0E58A9D53FBBD4E7E848123DE9307238,0,0,0,0,1,0,0.0,1
8ECA715134021AA07D907290113E862C,7,0,0,0,1,3,1.25,4
1D19D5D24DDB411AD649B898A422963F,0,0,0,0,1,0,0.0,1
6281B5ECD3AE4FEDA451D682B2EE0310,1,0,0,0,1,6,2.0,5
BC3ED041C85194F2DB29C92C2B145B5A,1,0,0,0,1,2,2.0,1
DD7B1BD94B147676612A03485DD1142C,0,0,0,0,1,1,0.6666666666666666,3
706C748E6D1E0768BFEFE6362B5D3F67,0,1,0,0,1,4,2.0,2
3FC8ECFC8F2976C5B56D0D782F36BD7F,2,0,0,0,1,5,1.5,6
B4BF7DC0B389F9822DEFF9A0DD821CEB,7,0,0,0,1,2,0.5,4
20B1942B628C7714F6A1C44B356CD652,0,0,0,0,1,1,1.0,1
21E94A46F6DF2AF6254F916EABA0084A,1,0,0,0,1,3,1.0,4
55E6467B8C73F70705CC297D9020F9AA,0,1,0,0,1,1,1.0,1
7E4C0ED28905363DBDC1D29947ABA274,19,0,0,0,1,4,1.3714285714285719,35
C8CFC0F5425A9C51D96F5987FE11A63D,1,0,0,0,1,0,0.0,1
C014306EEA249717BEE695830C365933,0,0,0,0,1,2,2.0,1
9CA3038968EF9557D6F00F7690927680,0,0,0,0,1,3,2.0,4
B71CB5D517BE99FEEED64A0F57842032,0,1,0,0,1,1,1.0,1
E091F3A5063C9F69FC0796DFA0CC3E21,2,1,0,0,1,0,0.0,1
679DC54CB8308F412A315B1704C31BB2,0,0,0,0,1,1,1.0,1
05F93BA3A667416D290A1691116CA0DA,1,0,0,0,1,2,0.6666666666666667,3
0492FB77E1C23B1993CC0B871AACC8C2,2,1,0,0,1,3,1.5,2
31071373B9850DA613FD9E24097B3135,1,0,0,0,1,5,2.351351351351351,37
3F6EEEB2D589AF8A25897D2851CA23A6,1,1,0,0,1,2,1.0,2
56F37FD95FB21AB3976C83E803D7AEA7,0,0,0,0,1,2,2.0,1
55F9FB7C14AA4BAB066EA326D4A2221B,4,0,0,0,1,1,0.5,2
7EC89D833B1186688C4891B443292546,1,0,0,0,1,1,1.0,1
6B5AFA5324CE1412608067F86E96602D,0,0,0,0,1,0,0.0,1
2A7A057011B97398D224EDDAECDD3B88,1,0,0,0,1,0,0.0,1
410456004F702B7F96B3B39BCC44051D,0,0,0,0,1,1,1.0,1
706E2A4CBFDE3788B16DCEAFAAF817E9,7,0,0,0,1,2,2.0,1
142CBDD5B3776D12C6FD64847CCE38C0,6,0,0,0,1,1,0.5,2
2CD0A58C01E50CB6D66FCF06ECAA4C1B,0,0,0,0,1,0,0.0,1
2EADA7FF9C0B29E0FA7451C0894BF88A,1,8,0,0,1,2,0.7142857142857143,7
2F74E23BEA1E45E3897274EE4903DCC5,7,0,0,0,1,3,2.0,2
4C2972AB90F34CEB9467DCFF1B0ED70F,2,0,0,0,1,0,0.0,3
4F98432849F007FEDE71E2110B55C443,1,0,0,0,1,2,1.0,2
5E4B8BBBE58491A3A1B462A95DC287E4,1,0,0,0,1,3,3.0,1
6D0E44840F2822F4F0A3AB818F92E324,0,0,0,0,1,3,3.0,1
95B70CC7DEBD3641FB121B5EEE99300C,0,0,0,0,1,2,2.0,1
DD2269BCB7F8532CD51CB6854667AF51,30,2,0,0,1,7,1.6379310344827582,58
70C0577FC47533A4CD3C11A02D886728,0,0,0,0,1,0,0.0,1
000A8B9167F5F9B7BF620708D320E32F,0,0,0,0,1,5,3.0,3
708E876A9807A8C1DBCA9A19BC35B702,0,0,0,0,1,2,2.0,1
051B165EBFFC4769333F87CBF5184770,0,0,0,0,1,0,0.0,1
4D0C0AAC3F4F8CE7C7BD65E3C09B13D4,0,0,0,0,1,1,1.0,1
73A954690D2F5365198147C5A06542BF,3,0,0,0,1,0,0.0,2
46667B8A61C1573787AD6A645BE51C5B,4,0,0,0,1,0,0.0,2
6D603D94A82C17D7BFCDCECBF1DDB37B,0,0,0,0,1,3,2.0,3
69E08695B81275BAB007C096F359A5CF,5,1,0,0,1,3,2.0,3
77774E718A928AF0FC3F8B73C05D11B4,13,0,0,0,1,4,1.7333333333333332,15
D5E1D162DCA93179CDDD1DBFAEBA4FB8,1,0,0,0,1,5,2.333333333333333,3
CF4E3EC122584053D89B93E888572464,0,0,0,0,1,4,2.0,3
4EADDFEFFF468661CE4EEE680514BEE2,0,0,0,0,1,1,1.0,1
114CC33870023348D9805E36A379FDC3,2,0,0,0,1,1,0.5,4
301F2ABF887C6954D1EB19054C22D61F,0,0,0,0,1,1,1.0,1
B3C03B080D8D5517B0F12536EBD37FCC,1,0,0,0,1,5,2.75,4
04EB70477096F5CE71C59900BDC3EEC7,0,1,0,0,1,4,2.142857142857143,7
5FC2FB966B4EF39E4FD7FDB6333714DC,1,0,0,0,1,1,1.0,1
807CEC0A6E124029C0885B53E1AE9F03,0,0,0,0,1,0,0.0,3
AB950D21D9F4B1084B1A233EF2F560AA,0,1,0,0,1,3,2.0,4
60CFF65B640769B6FD3BC9593EDF7C1D,0,1,0,0,1,3,3.0,1
18F64B514B4D980CF9605EBF1B77A330,1,0,0,0,1,0,0.0,1
26E6251B3B3A7C75B9B20FA4233232C7,2,0,0,0,1,2,0.75,4
CBFB54184C1F3F20B4B80B39378DF9B0,3,1,0,0,1,4,2.25,4
277254FB9C4F363B9A4D3A2FDC3D5005,0,0,0,0,1,0,0.0,1
2B8C48BCEDF2703CC0AA7262FA09769E,8,0,0,0,1,4,1.5714285714285714,7
859BD5756C9635B9A657B90A7265679A,2,0,0,0,1,6,2.4736842105263164,38
DEA86661D10473212B0AB6B43E869A58,0,0,0,0,1,1,1.0,1
4BFE2C939B56738A51F04170F9DACAA2,0,0,0,0,1,2,2.0,1
05D414E1BB011E8D68E27AA4AC4A1A3E,0,0,0,0,1,2,1.0,4
04D1448BED7366A1CACEDA442F7A18D8,5,5,0,0,1,3,0.8181818181818182,11
701C1ED5B5455D921B0F74043756C8DB,1,0,0,0,1,0,0.0,1
E130E3603B836038F509173BF4FCE158,0,0,0,0,1,3,3.0,1
CBE0CEC1EEBC5E4E51A4704292239EC4,0,0,0,0,1,1,1.0,1
590DE36E440A8EC39B5CF2C08781D553,0,3,0,0,1,3,1.5,8
62F23B2F4B8C99931D33309CB6013436,3,2,0,0,1,1,0.5,2
4C5E15DA5CF96884192A8132DA196A08,0,0,0,0,1,2,2.0,1
9C760E714732730042A2085E2500D6C4,0,0,0,0,1,0,0.0,1
2E5D5D624F9A2D2408F97441F677442F,0,0,0,0,1,3,1.4,5
F0EFFBEB5C7C5577B74764F09D715363,0,0,0,0,1,1,1.0,2
7FD3DF673E0B4E4B09F4A5B18F045D74,3,0,0,0,1,0,0.0,1
FE929C22E6DC2D64979699F346A82193,0,0,0,0,1,1,1.0,1
6192827C86E00B88E6877085D46104AD,9,0,0,0,1,2,1.0,3
D005DBB6676A8561A340A1ADDCE2A287,6,0,0,0,1,3,1.2857142857142856,7
C2B25EE9A659522EF7D7E6754150E1E0,0,0,0,0,1,2,1.5,2
901BFDA2B9D8339917ABD9785B4EC499,0,0,0,0,1,0,0.0,2
84D135997D8A4D9CB35D4ECA46EF6861,0,1,0,0,1,0,0.0,3
4411385D52B71A3242BDEFDF60609E55,0,0,0,0,1,0,0.0,1
16A4E810977B13F94B06336BFE0E436B,1,0,0,0,1,0,0.0,1
26442439EB5455656AD4D2E1607252AD,1,1,0,0,1,1,0.4,5
4EA76E484FE62B68F20B5175F591025A,0,0,0,0,1,7,4.333333333333333,3
674EAE8D70D203FEDBE60DEAE2F834CC,1,0,0,0,1,0,0.0,1
26672D1870059178E37D4C674138EF01,7,1,0,0,1,2,0.5,4
79802AFA82C86F70BFF74539B6F93590,0,0,0,0,1,1,1.0,1
C16A62FB8BD0E6BD915577DE1C18D443,3,4,0,0,1,0,0.0,1
4CA59854D12A61B673D5498111BBAE99,3,3,0,0,1,0,0.0,1
91F5161F80D1083CA7B37A08DEC9EC78,3,0,0,0,1,0,0.0,1
108E5CF059588863B1EA7C31BFFF20AA,0,0,0,0,1,1,1.0,1
25CDA81109184CF8A32DA1B7A6E3D993,3,0,0,0,1,2,1.0,2
16642EF75CA20C831AC9CCB7804D4B6B,0,0,0,0,1,0,0.0,1
12D15CA29CFE3CBA400CE28F31CDFEFC,1,0,0,0,1,1,0.6666666666666667,3
0DA6F11F3D7CB56160C37E2DE5708D2B,1,0,0,0,1,5,2.75,4
1918F6923967058300EECA2410775F6C,0,0,0,0,1,5,2.0,4
51350F5497804E91C6311DC404F392DA,3,0,0,0,1,2,0.75,4
182120EAC9171A5CCF780697DEC24C45,0,0,0,0,1,4,1.8333333333333335,6
49E9C6C52FBDE2759897A72EB7C37165,0,0,0,0,1,0,0.0,1
5E1D7A0315BB5D52CBFC3607DDC0ACD5,1,1,0,0,1,3,3.0,1
D5F0449FF1221DEAA0F03408ECC0C55A,0,0,0,0,1,2,2.0,1
A6630A673F6F8E75C960488B402BDA5A,0,0,0,0,1,4,4.0,1
5DF03F45FCA0DC0B5940784745BA70E4,0,0,0,0,1,1,1.0,1
0990A2B8DA74612120226181689C6E66,0,3,0,0,1,5,3.8,5
A7304B40822BA99D855AA826E9BFFD9A,0,0,0,0,1,1,0.5,2
1B1E066265A774DD53F9D1C9CEA6AD41,1,0,0,0,1,0,0.0,1
8669CA0A64242060E992A27B5E4E8830,0,0,0,0,1,3,3.0,1
51BE9D34ED694DAE091F5EE883508323,0,0,0,0,1,3,3.0,1
456603AFBA6433E9AD8685186F7F8425,1,0,0,0,1,5,2.5,2
DD9CB779BD294C2AAC7D2BDDEDD7A22D,0,0,0,0,1,4,4.0,1
6EABEB4C614A719988D7946B733FFCF8,0,1,0,0,1,2,0.6666666666666666,3
E74D49211C6B455F7C8D86EB4A8B4286,58,0,0,0,1,1,0.33333333333333337,3
D2801B01BE994D0B1C53A7E74044F903,4,0,0,0,1,0,0.0,1
D30416401803E77047A3EECF403914AD,1,0,0,0,1,5,3.5,2
C1401D22C2CC5D9C3F35CF5D3C0769A9,1,1,0,0,1,3,2.0,2
96CCC44DF99B87D1450A966D355E4A16,21,0,0,0,1,2,0.28571428571428575,7
27FC5BA1D977939BB70A5806FBFBE40B,3,0,0,0,1,0,0.0,1
7196230212F09EB7B63ECF8DDE992EED,0,0,0,0,1,3,3.0,1
01749360DADD769CDFB6D1E5DCBB2BD9,0,1,0,0,1,2,2.0,1
32969B27E5288830C99F4AC095D2C79C,8,0,0,0,1,5,1.3750000000000002,8
35D898CD53954F5BEFA33E569B04A4B5,5,4,0,0,1,2,1.142857142857143,7
47A7118B1B7FA4CD0EB591857CB9619F,0,0,0,0,1,4,2.6666666666666665,3
0E8DA2A671538E8E2B1FDD5C4E012DC7,0,0,0,0,1,2,1.5,2
59BDF74CC566D2CF194C9F294253D77F,6,0,0,0,1,3,1.25,8
2A4D82FF7ECC7F25BC259A1681D8391A,1,0,0,0,1,3,3.0,1
C060739351779C7B331E86B55410C875,10,10,0,0,1,4,1.2857142857142858,21
1C4A33BABEC27149E2A91113AA79C4D0,1,0,0,0,1,2,2.0,2
08E6794EAC892997E8C3BB2323173641,8,2,0,0,1,2,0.8,5
31017A05A48B25FED4834F968D5D0F83,1,0,0,0,1,1,0.6666666666666667,3
ABF7839CFAF40122C9FB9778F0BFC3F2,0,0,0,0,1,1,1.0,1
E0937BA260FC4C21B4465D894F8BB1E6,0,0,0,0,1,0,0.0,1
CAC4EB6A7DC80207923995F4BE2129DF,1,0,0,0,1,4,1.3333333333333333,6
D3DEE5275E9E1B8140808CAED6B93BE3,0,0,0,0,1,7,2.6,5
EB98831C618794B7ED160D1EFAEC151A,0,0,0,0,1,4,1.857142857142857,7
DBCA64144E263291E94297193210F051,0,0,0,0,1,3,3.0,1
24E7554554470BF2A019EC32A8BA4E34,1,1,0,0,1,2,2.0,1
DD85B56B11082CBCA0504F1EEC838128,0,0,0,0,1,1,0.5,2
6C25F32B241F12C5ACDDB52C4262704A,12,0,0,0,1,2,1.0,4
A7D14152378EDDAE57C152AC2DFB3072,0,0,0,0,1,4,1.1304347826086958,23
04104F6923B74F56CF20A9E0FC520C26,0,0,0,0,1,4,4.0,1
C5EE443E5D29715DF9FD82C84467381A,0,0,0,0,1,2,2.0,1
9B18A1CBA96D52D05CFA7CB7C9011EDE,69,3,0,0,1,2,1.0,9
E301BA2F91626EE5C287BB9991B42B7E,0,0,0,0,1,5,2.2,5
2F06297759B05D2703FF61344E0AF834,2,12,0,0,1,6,1.8181818181818183,11
9F95B36673DF1224EFAD571CD6D75FBB,1,0,0,0,1,0,0.0,1
5C5A0787542CD24F1E19F9EB778BA766,0,0,0,0,1,2,2.0,2
98578513E0F25350F961CDCBA9D3656F,0,1,0,0,1,2,2.0,1
00F541FA1C141575D0AD7048F809CC6E,0,0,0,0,1,5,3.0,3
00E542CEE1C381384B5D40B775F1C19A,1,0,0,0,1,2,1.0,4
6DB5C5157DCE3EBD6780FBBF6A076F31,0,0,0,0,1,0,0.0,1
3F40DA9781F89988A2F55EE761FDB330,0,0,0,0,1,0,0.0,1
7E7C003F2CB97FECFB06780B38600197,0,0,0,0,1,5,4.0,5
9D72883864A53568A1EC113918C48B1B,1,0,0,0,1,1,1.0,1
229254D7C810F98F72C89A8060E194D4,0,0,0,0,1,5,3.0,2
3B4A6FCA6DCB4C2749409DC4188A306E,2,1,0,0,1,5,1.073170731707317,41
B5740B68F8E519D9E33926EC25BB5C76,1,1,0,0,1,1,1.0,1
92400633510BB9E545007254608CF161,3,4,0,0,1,1,1.0,1
0990DBC0C58C099BAC9DC64FD7160807,0,0,0,0,1,2,2.0,1
95999C77751600817821BD41542C91D9,0,0,0,0,1,2,2.0,1
17636078D57884AD7EA5406C60E2BD10,32,1,0,0,1,3,0.8947368421052632,19
9395B351F1E680DEFE76336AAD13ADD1,0,0,0,0,1,3,1.75,4
157E7FEC37EA94B5D52587D51414F237,2,0,0,0,1,1,1.0,1
7A39546A482C32C0A6A988F73C020BE3,0,0,0,0,1,2,1.0,5
5C030A659F719FCEB300CCA0F17D420F,0,0,0,0,1,0,0.0,1
1B32FCCC38C526F65B45A99DA8572592,2,0,0,0,1,1,1.0,1
F41DE1D1223A0E4AA7DAD56608947629,0,0,0,0,1,6,4.5,4
CB3F4C8E528C2998DD6E022A2BD86975,10,0,0,0,1,1,0.19999999999999996,5
630BD3C34C2E3BE5504A3B06CAE40320,2,0,0,0,1,1,0.5,2
449CDABB9CC11226F694F8EF85F20A13,3,2,0,0,1,2,2.0,1
A321A68F8050F7262B29FDA89387AEC7,0,0,0,0,1,3,3.0,1
65E1F08C08DE2A775D714901FAB9BA96,0,0,0,0,1,3,2.0,2
DDA9F0BE5DA54CA707C48852142C3075,1,1,0,0,1,1,0.5,2
C64DFED2054263BE9B65222FC6D543E7,1,0,0,0,1,4,2.5,2
CCCFA3690BB29E4217CD366FF1567EB9,1,0,0,0,1,3,2.5,2
0BAC4230192E3CD4751114FD799E7840,1,0,0,0,1,4,2.5,2
BCEE3264C03284FEA9D7E709182033EC,10,0,0,0,1,5,2.1875,16
C79C76E03BB4638BDAF2C31322F7B160,0,0,0,0,1,1,1.0,1
6478069CD8A395DE1A022DD9BFD58752,0,0,0,0,1,0,0.0,1
BF31B08276AE9303402C8B21F6A93842,1,1,0,0,1,3,3.0,1
2B90CE94C6039DF03E72FE15B5320ABA,1,0,0,0,1,0,0.0,1
D57996BCD09F79724930AEA54D07D91A,0,0,0,0,1,0,0.0,1
86C5349843F75DB2A999EB74A5F12BC5,0,0,0,0,1,1,1.0,1
D910D7595A42D4B1A17D35075D8CDC2B,0,0,0,0,1,2,0.6666666666666667,3
70EAAFFF4BAF8F13D84495E4B81A2E8B,1,0,0,0,1,1,1.0,1
3CE2F3402E3F6885D2641FB0DEFF9375,0,0,0,0,1,3,3.0,1
50FC181B9C184533ED4870999CD99A60,4,0,0,0,1,3,3.0,1
15F3961A71B162451E128C20412A3FC4,0,0,0,0,1,2,2.0,1
83570AAA5D3E1533F69732AE8CA0871A,3,0,0,0,1,4,1.5,10
2AE16CCCFC6A5302F2AB41CDD3192014,3,2,0,0,1,4,3.5,2
5440CD134A36EC4BEE2849EAFF537B03,1,0,0,0,1,2,2.0,1
FD387ABAE2713B6E164E9B1ADD34FB90,0,0,0,0,1,5,5.0,1
1E69B76DB3340173DFD798DAFE119D39,2,0,0,0,1,1,0.33333333333333337,3
C18807A7687E3C82D60D433C5DB4B905,0,0,0,0,1,0,0.0,1
2A8C0877974E65AC403CA68F38EA447B,0,0,0,0,1,0,0.0,1
F17EA6A3B57963F44F7B81C5D761F9F2,0,0,0,0,1,3,3.0,1
A98E1D2B3C99339B983A72DDA9692C26,7,2,0,0,1,3,2.0,2
A98160DDC8407B9C581C385889629C09,0,0,0,0,1,1,1.0,2
A3E6E0C3B5BA721049E5756AF23A142B,0,0,0,0,1,0,0.0,1
C74B58C4CD2770A1E97D6DC13D42CCAC,31,30,0,0,1,5,1.3703703703703702,54
7D58578AE82840810D10AE512C6959FF,1,1,0,0,1,3,3.0,1
E93281A256FC37DDA502B64B6E210282,6,7,0,0,1,4,2.0,5
C6D97C0D6DA580A6FDB44BB2C3015A85,1,0,0,0,1,0,0.0,1
7FBAA7CAE0BC66E1AD29101083955CE6,0,0,0,0,1,0,0.0,2
EFD4B87C831C35A9C3A50D5D580842C2,0,0,0,0,1,0,0.0,1
CA7B71FEB82B214C5F8DB4E020B3811D,7,0,0,0,1,3,1.0,4
E5D9786D47EF1092AF9A0CF526FBE0D9,1,0,0,0,1,3,1.6666666666666667,3
E7BD6D8EA17D9FEFAFAAD8079532D001,0,0,0,0,1,1,0.5,2
BF2200872F1D3B9DCC37EC34A6225022,2,0,0,0,1,2,2.0,1
E89F2404C6A657A9C1E7FEAD87188A47,0,0,0,0,1,4,2.5,2
78A54036AF8F03CB35B585AA88F4CBAE,2,2,0,0,1,2,2.0,1
224C6AE85D60A605AC6164FA86738DF6,5,0,0,0,1,5,1.2,10
0090B7231E537B887F252A82E372B429,1,0,0,0,1,1,0.5,2
D9AA0EC27AF47514DDB5C664A6EF758A,1,0,0,0,1,1,1.0,1
17934EF7C1BC1CF2C7D942401FDE84CE,0,0,0,0,1,0,0.0,1
008BB135FC4C954B73C042127F3BA0BA,1,1,0,0,1,2,2.0,1
3F16EA5F1363CCFF39CE79707DECB359,2,0,0,0,1,1,0.5,2
663D371E97BB1A317A21DBF911D2C245,4,4,0,0,1,2,2.0,1
3C6C48C9DA0352678DEB14A34FEB354E,6,0,0,0,1,3,1.5,2
13F23FAD6BD15A62B3E2D32E1F117BB3,2,0,0,0,1,1,1.0,1
C5381A39AF5D4FD1A115F8B7B669AC68,1,0,0,0,1,6,4.5,2
EFBB9EE24CB66050B63EC3F878525DCD,0,0,0,0,1,0,0.0,2
C753C435C40D421DB0CC1C7AC6D3356D,8,0,0,0,1,0,0.0,1
C847E8B9330C7026B295CD4B3B92540E,1,0,0,0,1,3,2.0,3
0CD6C83306500046E45BA3710F778758,1,0,0,0,1,4,1.2,5
F6950B523AA144CCCD3B95D4CC9079CC,0,0,0,0,1,3,3.0,1
F1CE3887C2566DF4CD7012FE75BC62E2,0,0,0,0,1,3,2.5,2
86082A7FE09F220947E6F1972CE81763,0,1,0,0,1,3,3.0,1
D722090FDBA4108AA8F511919516DB69,0,0,0,0,1,4,2.333333333333333,6
D8D3527A513C3EEACF9D5BA1B612D9C4,1,0,0,0,1,2,1.5,2
B1AF454DE996A302235A9C354B6E5985,0,0,0,0,1,3,3.0,1
61CE27D4D9E4B3B945D645886F0A790A,0,0,0,0,1,0,0.0,1
22562B4EAEB582AABDEC394CDA2B3023,3,3,0,0,1,3,1.6666666666666667,6
D982AD4FD69F74AA725DAECD1BE74AA8,1,0,0,0,1,1,1.0,1
4930D1E24B57750792540C82C54D64E6,4,0,0,0,1,5,1.8571428571428572,21
BB29F8B0FF330F326605FA421BB37BC1,2,2,0,0,1,2,2.0,1
B5D5EECC05D20983F8E3729AFD3295C6,0,0,0,0,1,3,1.5,2
EEC307D8200019740B79FA7EFE9E169E,1,0,0,0,1,3,1.2,10
A473AA782BC09256CB3684EECEBFBFD2,13,0,0,0,1,5,1.75,20
F266753CA2B28C65DE2762CEE177AA78,0,0,0,0,1,2,1.25,4
03A9D32C44665A9E15CFCCEDC9F68EDB,0,0,0,0,1,0,0.0,1
D8A6BDFA89F65FC9B5159A3031C33004,4,0,0,0,1,2,2.0,1
C327FCCA66E292122146BE2ECF458B91,0,0,0,0,1,2,2.0,1
8CFCCD1BCABB1E4C2B70E374EAD03092,3,3,0,0,1,0,0.0,2
A12A18ED5F1C2EE3C3C0C8A8641B5AAA,11,0,0,0,1,4,2.111111111111111,18
5D7B75012F4A81127A627CF594A8ABF8,0,1,0,0,1,2,1.6666666666666667,3
CCE60CE7DBE296A7828A028094E21D51,2,0,0,0,1,2,0.8,5
2FF03DA9419A1F481A0CD9350B87C171,0,0,0,0,1,2,1.0,2
70F84603641B4C9AB4ECADE2B17F9D6E,1,0,0,0,1,4,2.3333333333333335,6
D22136B53EBF452C2C1A3148CBBC2CA0,0,0,0,0,1,2,0.6666666666666666,3
16AD1C031AF106322F082EE8EA61C295,1,0,0,0,1,5,1.5714285714285716,7
3682C2527BEE6BA0255321BB25DF44BB,0,1,0,0,1,4,2.2857142857142856,7
8C2CF4B79095AB25D5B6286615DA86A9,0,0,0,0,1,1,0.5,2
7C304CB855AFB5F5C742E936F34972AB,0,0,0,0,1,4,1.8,15
3F0AF70752B662B54E448838E1936D9F,3,0,0,0,1,6,2.230769230769231,13
8D47F88F41DB72ACC9BD419D0CEDD02E,11,0,0,0,1,5,2.7666666666666657,30
4C3755CD4C110848F33E659F49332796,0,0,0,0,1,2,1.3333333333333333,3
261DE08B40C78F4DCB9DC5D6703039A6,0,0,0,0,1,5,3.0,2
8BB84A22356C4B4BD15A09CD6269B55D,6,0,0,0,1,3,1.3333333333333335,6
4734F43D10B29776250D11D9D71FDDE9,0,0,0,0,1,1,0.6666666666666666,3
0014DFDE712A8A42EE68057DD4062E42,0,0,0,0,1,3,3.0,1
2C348995F2580AEA0C5DB06201BB0793,1,0,0,0,1,1,1.0,1
4AFB3A5323FC040EA669E4C496A5F89F,2,7,0,0,1,5,2.3,10
1C0C6C922F043DC64BF33AB0CE375BDF,0,0,0,0,1,2,2.0,1
0E2CCDDBF685395F7AB13984405D72DA,64,45,0,0,1,5,1.1818181818181817,55
0635682134C7480DD38F27D5CDCBCCC2,5,0,0,0,1,4,1.8571428571428572,7
268A97299A5C5D6B463C5BBD558A8A9E,6,0,0,0,1,3,1.5,6
4831779265047BB8B62308A63E6D81EA,1,0,0,0,1,4,2.142857142857143,7
0609C988CD429DF8D706827547C9FC2D,0,0,0,0,1,1,0.5,2
23B1108D68BA9BDE08A1C2F6897AD212,0,0,0,0,1,2,2.0,1
135BE5A161033D5A7BC7A0A8F4C80ACE,0,0,0,0,1,3,2.5,2
509317F6D83F7848C834EC340BFF765A,2,1,0,0,1,0,0.0,1
5D132423164B79F5A4DD8995ACF359C4,14,0,0,0,1,4,1.6,5
C4B7C57988803569B404F1F7A812CC8F,0,0,0,0,1,0,0.0,1
D09FF4F523DC97E4F53E6E36E027DE25,0,0,0,0,1,3,3.0,1
DA4C7EE76F2681B23BDCC5BA538D7FC5,1,0,0,0,1,2,1.5,2
E39D2DDDB7095CAB4D000D357B00117A,0,0,0,0,1,0,0.0,1
EFF25E323404995318BF89248DC78753,2,0,0,0,1,0,0.0,2
5B888A06EFF60B86B10367EEC3B44E85,0,0,0,0,1,5,4.0,3
B4F84493B3F693345C3561122EBEAEA2,0,0,0,0,1,4,2.0,2
99451746B90038466DA495E754E6ED64,4,0,0,0,1,1,0.8,5
C95BF64675F63B10B0D152E5FA3B5E2B,6,2,0,0,1,2,2.0,1
E0E981B5BEB0584A9949A2DE9CECF567,2,0,0,0,1,1,1.0,1
2A020CFF232914D20C44FC5DEB868A82,0,0,0,0,1,2,0.6666666666666667,3
D96E8F5A04B85016DB5809BF20B56961,0,0,0,0,1,1,1.0,1
148B6A9F5C238AE7FA053EE6DA2CC690,9,5,0,0,1,2,1.0,2
0F7212FD0E3A6F91C5F7983CE9BB15CA,1,0,0,0,1,0,0.0,2
79C5759CD4ABBB98B5885A3F293BEB2B,0,0,0,0,1,4,2.3333333333333335,6
343B740C7B3BD9C2CFA46BF097A8856E,1,0,0,0,1,3,2.5,2
393E151E8204698ED2244412BBA877FA,2,0,0,0,1,2,2.0,1
3E4C0AB6ABBE5286F11C346738A218F4,1,0,0,0,1,5,3.6,5
9ED8E7EF733F9699BE2ABDE84F1D33BC,1,0,0,0,1,0,0.0,1
17405ECCBFAADD8F74856F658C4DCBEF,1,0,0,0,1,0,0.0,2
4F74CB6F9A34D85B17BC4C8BC060755D,3,0,0,0,1,4,3.0,2
F377266FB96376544FA74161952F7A7F,8,0,0,0,1,4,2.5,2
E6B92CC2D56E83206D33E752DADEAB5C,4,2,0,0,1,3,1.2,5
EB89E5F1781516220B3BA4B570266DC6,0,0,0,0,1,1,1.0,1
AF06A87FD3FD797F7FA3A44DFC445701,1,2,0,0,1,4,2.0,3
1CEA99018BB20A7A426C128C1E972731,0,0,0,0,1,0,0.0,2
99F4AE4D59124072246056B3810A7324,6,0,0,0,1,4,2.1,10
0F563A10A8FF41F5FB354505EBC2E61C,0,0,0,0,1,1,1.0,1
E7C4F8D9F6FD4CE1968FAF0D3D19FF54,22,0,0,0,1,2,0.7142857142857143,7
EFD6F768B28BA326FAEEB42728DF7360,0,0,0,0,1,1,0.5,2
2D513A66980D72DE4AC49C2E3BC8DD34,0,0,0,0,1,3,3.0,1
CBF90A29335F62100760F6538964DF14,0,0,0,0,1,3,2.0,2
41049E5D33D357355EE77699D67F7131,2,0,0,0,1,0,0.0,1
5C5D78DD8E3D3B7FFC9118D4511E76BF,10,1,0,0,1,3,2.6666666666666665,3
EA8FCE9C5611B63C839669082B578E78,3,0,0,0,1,0,0.0,3
DABC5234774C4E18EF0B59DE32DEFD2D,21,0,0,0,1,2,0.46153846153846145,13
841A68D5D1F94857BEB64225193B2432,2,0,0,0,1,3,2.0,2
8DC5189969449E1BF8588B3EA64974A1,1,0,0,0,1,4,2.5714285714285716,14
00B6295EC351DBFE0E31015296871E35,0,0,0,0,1,0,0.0,1
58E204089E7397B4B3131D7232AA58C5,0,0,0,0,1,3,1.6666666666666665,6
96B108514A10609B9E8F4F78B47B6776,0,0,0,0,1,0,0.0,1
818B7B94997904AAC3FAD9106425AF43,0,0,0,0,1,1,1.0,1
682611EFBA4444A23864391A1F753827,3,0,0,0,1,5,1.5000000000000002,16
1527829DB2A4341BA986CA7B56040397,1,0,0,0,1,0,0.0,1
2684EA4DDB1F988E3C979AB15CFF601F,3,1,0,0,1,2,1.5,2
A1674695CC042F5979AC0B7477A8BA78,3,4,0,0,1,5,1.5625,16
BBA117EBB63C7CC6E3C9D836C4CE16F7,0,0,0,0,1,1,0.6666666666666667,3
46758A92B62273B1A72F73D3B58945CA,0,0,0,0,1,1,1.0,1
D4EE19113FF597D1D320BFCB908DBED6,0,0,0,0,1,2,0.6666666666666667,3
29F84018AEA58732B4C58FDA8188911C,0,0,0,0,1,3,2.0,2
D5A6C5F4F8B3D73D0FADFCEE09B520DC,0,0,0,0,1,1,0.5,2
7BB9FE7773F7E494EF8F2DAD821F9E06,0,0,0,0,1,2,1.0,2
71CD1253D6BB1366E146BEC63E305CB3,0,0,0,0,1,0,0.0,1
17C1D1465E6099F5D860426524FE16EC,1,0,0,0,1,3,1.0,3
65D1701E5BA0070CCF15F0CB0E1CF750,0,0,0,0,1,3,1.1428571428571428,14
129BA02669936B3E15346AF026F13550,3,3,0,0,1,0,0.0,1
81FBBC1EAB021C62534AB79EACEC0501,2,0,0,0,1,0,0.0,1
61D4C6B62D7A40C693BCD3933AFEE0EE,1,0,0,0,1,4,2.0,2
2CCE2E74BF8D764CC4F72E028FE4ED95,0,0,0,0,1,5,1.8750000000000004,8
09FC15B75E36120725A9C4E6CD2F136D,0,5,0,0,1,4,1.1052631578947374,19
5C52899DDE8868C8690879B23DA6DAC4,0,0,0,0,1,10,10.0,1
0E2AC4607840194FAC03D6F28F3E38D0,0,0,0,0,1,2,2.0,1
2F0F260BD7B876C346B41977D0D03D62,12,1,0,0,1,2,1.125,8
370CDFEE49990E4A9A1FBC0DC5C31C1C,79,0,0,0,1,4,1.2000000000000002,40
AD6737B5CB9D2EE4A10369F6BE53669E,2,0,0,0,1,4,2.6,5
C1B462C03F22166FF570D5CB7BCE2AAB,4,0,0,0,1,0,0.0,1
6CB48CA793FC0BCDD963C1488371447F,1,1,0,0,1,6,2.5,4
A8557C0968C76E80CFA9E718F41BA395,2,0,0,0,1,0,0.0,1
4CA1B556D8036FEF4DD68F1C38F7B48B,1,0,0,0,1,2,2.0,1
FEFDCBCB4BC8632E9EC9128C08ED226F,0,0,0,0,1,2,1.3333333333333333,3
4E6E7CCC91E56E7DAF155D81BEE99073,0,0,0,0,1,0,0.0,2
061A7B2EE1D047BA5531AC0468C13DCC,11,1,0,0,1,5,1.5714285714285714,7
72D8B3CA09BF3FD0482700D18DAD4C67,2,0,0,0,1,2,0.6666666666666666,3
69495B8489F605F197D1E8697BCBF02B,0,0,0,0,1,3,3.0,1
5340C8C334E8DF4F53DD33D1D07DF852,0,2,0,0,1,2,2.0,2
49F3AB14BBFC2C55FB9FF61D8499C0F4,1,1,0,0,1,2,1.0,3
6CE415DB4064A3F9905FB2A33392C084,1,1,0,0,1,6,2.2,5
06FA949F660356601FA8511E3CD19780,5,2,0,0,1,2,1.4,5
3A4F9A28B5B6839FFE23505CFCA55002,1,0,0,0,1,0,0.0,1
6D2D5995DD65BE20781C9FCB68D1D59A,0,1,0,0,1,3,3.0,1
A8ED1971AF99997BEF28F376A84017E8,1,0,0,0,1,1,0.5,2
3BBBF9670FF8A13D25833DE6965F6555,6,0,0,0,1,1,1.0,1
C78C0502784B9652827E9AAE1E79E14D,0,0,0,0,1,2,2.0,1
DB53FD52BC972DE3BD81F74504D49183,1,0,0,0,1,1,1.0,1
A8D2C68CD67D295A1688FA623A4D089F,3,0,0,0,1,1,1.0,2
7BD41B2CB11A811BDBC3208D51C38098,0,0,0,0,1,0,0.0,1
0027C519C06A4CF14DA090F14CC55E91,0,0,0,0,1,3,3.0,1
FE05B2D8777F0842B15F8A7CF8350E99,2,0,0,0,1,5,1.8888888888888888,9
3E15EFF438B220418EE37589F6D9E059,1,1,0,0,1,0,0.0,1
797844212D53A601F14C15BAB621F67E,1,1,0,0,1,2,1.0,2
8F9D2E21E1B2D41941545BAD0182F182,0,0,0,0,1,0,0.0,1
55F725AB1CC8281CDAC2FFEDC35423F4,3,2,0,0,1,3,1.3333333333333333,6
879D6EA2D8468406400586ED4C63836A,1,1,0,0,1,5,3.0,2
38D86591935A0378E98D455B8C33E392,1,0,0,0,1,1,0.5,2
C5812ABA182C366FA35727AB49049A79,1,1,0,0,1,0,0.0,1
6FD55D5E530CE79A6AC9C09BB03DEA3A,0,0,0,0,1,1,0.5,2
0C613C071F40585AF08ED1F0733EB538,0,0,0,0,1,4,4.0,1
2C7221CA173870D0E8BF347AE198A285,2,0,0,0,1,0,0.0,1
60BC4E6D9E4E1A130F36404099AF5F83,8,0,0,0,1,1,1.0,1
2C70CC6F3A725B18A2A085CB9CCFC615,2,1,0,0,1,3,3.0,1
15DF659F3F4EBA8A52D9331298633988,0,0,0,0,1,3,3.0,1
1CBAC9EB346031C816B188B8CFEB90F9,0,0,0,0,1,3,3.0,1
0896F71BD17284AEC7C97C4841CB650F,0,0,0,0,1,6,2.25,4
253FDED7F0607E2F58379FD2DCE5679E,0,0,0,0,1,1,1.0,1
35DE760896B0540F870B5B3047139199,5,5,0,0,1,1,1.0,1
661DE248B0C158E25B5808B6661E6625,1,0,0,0,1,0,0.0,2
554110AB0AC0E23B39D5EA92CA3D7FEE,3,0,0,0,1,1,0.5,2
C40F22701672A6B7AFF9F4F6FBC235EA,3,8,0,0,1,5,2.111111111111111,9
D93146C7F3004A3312A37B2BE372E358,0,0,0,0,1,0,0.0,1
A645F59DABBD8ED670286DCF716EBF47,19,0,0,0,1,5,1.4736842105263157,19
9084AF83ED36790FBEFC6819C4CED68A,1,0,0,0,1,1,0.5,2
53CAE64131E4335C718AD5802C8CEEA8,0,0,0,0,1,5,1.75,4
7F0AB922E141FE5ABB0D03537DFEC330,4,0,0,0,1,2,2.0,1
81F36CE188872C5CA5A8B7E28C9D55C5,0,1,0,0,1,0,0.0,2
80D8B94D9BCBA0C07218A15293BC91B9,3,0,0,0,1,4,2.0,3
2E6EC20A3654CA05985204703A90B801,0,0,0,0,1,4,1.3181818181818181,22
59A6A47009D8675EB8C3D1E38B5B5B46,1,0,0,0,1,0,0.0,1
39857AFD180050961B463989BF5A33FB,0,0,0,0,1,0,0.0,1
78F823570AF80894E8A6939D0A28C8BF,5,2,0,0,1,4,1.75,4
2E03DB1924573F3131EEC916E5444F56,10,0,0,0,1,4,1.1333333333333333,15
121BBB2F7F2F94B1DA7F75FD08709E0C,0,0,0,0,1,6,6.0,1
745066782ECE2ADC27174B4E46168058,3,0,0,0,1,1,1.0,1
19B2C810DED5665C0ADB9F938C156C29,1,0,0,0,1,1,1.0,1
5023561B36F535761B3BD2E70FDBD925,6,0,0,0,1,5,2.6,20
895A457ADCEF61F3E9653FC708B89C1F,5,0,0,0,1,2,1.0000000000000002,9
6FA2245F88F3A700828CA4D45F5223C7,2,0,0,0,1,5,5.0,1
350477BC673C1A86C51C37B97FCE8DBB,2,0,0,0,1,4,4.0,1
1D562E630E32481240B231A6E33C7337,1,0,0,0,1,1,1.0,1
BAE75BB7891B9CC60C9AF2DFECD764AB,1,0,0,0,1,4,2.5,2
7525E64A4430F8CEEFA5D4C66D9F65E6,5,0,0,0,1,1,0.5,2
F599994183A869707DBC45EDCC6013D8,0,0,0,0,1,1,0.375,8
7231A328589239F23EB90262DF617EFC,1,0,0,0,1,1,1.0,2
7507B0AA39479D2DB533FDDF9E12DB98,0,0,0,0,1,0,0.0,1
C3DDDD01BC219197FCB862218F7DC494,4,0,0,0,1,1,1.0,1
56D19D593B545FCD9B884A26CC95D2D4,4,3,0,0,1,1,1.0,1
445DCC09B2F9804ED5888313ED5E227F,0,0,0,0,1,2,1.0,2
145181C38F5B827AA1B60BE2EC628205,0,0,0,0,1,2,2.0,1
29990797A6C060EBBBAA99D41AC6785D,0,0,0,0,1,0,0.0,1
3EEB94CD029ED2C5EFB047C80FA9D395,1,0,0,0,1,3,2.5,2
37FB5810C2971D3B9EB0E96ABB3D5AB6,0,0,0,0,1,2,2.0,1
5E8B4AEF7E3373AA78408DB08E72E3B8,1,0,0,0,1,1,1.0,2
1E75C68279B302D2B8FA89C6BF4710A8,5,0,0,0,1,2,1.0,5
98F8D868287051A23D141DF1C2AD98F7,0,0,0,0,1,1,1.0,1
4CDB160C7A0483695AE6DB265C4E038F,0,0,0,0,1,5,3.285714285714286,7
76B80AC19A11BEB87D87ED5D1A8642BA,4,0,0,0,1,5,3.0,2
52BA61D5DD8A9BB441946B04F62BF108,0,0,0,0,1,3,2.5,4
2176E9F49CDFB093D1C95322D622BF07,1,0,0,0,1,3,3.0,1
6446880DC6768A51E7B22C82B77DBE67,3,0,0,0,1,3,1.3333333333333333,3
2D9D240B75267007E4B2410058CD8728,2,0,0,0,1,1,0.25,4
791ADBB1A3CD0AAA5F4FE0BB645CC655,1,1,0,0,1,3,3.0,2
DFCB762C82883925EBA2ADEB779BB961,0,0,0,0,1,2,2.0,1
992666BB4CCFC6F55132E65CB7D11819,0,0,0,0,1,3,2.0,2
FB98112938373BD2B844A8C15E40A539,0,0,0,0,1,4,1.8333333333333335,6
3DC0A85F35EA787A2CD83C39DE5D8064,1,1,0,0,1,4,2.0,5
8760022E43928C1D2156C8461C8648F5,0,0,0,0,1,1,0.5,2
EFB6E1BF79F802217742A8835485E072,2,2,0,0,1,1,1.0,2
DE0A867B728A0DC772A0057C44C2EB58,8,7,0,0,1,0,0.0,1
CCE1B466B4C26A8190A10FD0D7A9402C,0,0,0,0,1,3,3.0,1
55C9C6FB51642F734F0D41148A8C63D2,7,0,0,0,1,3,1.6666666666666667,3
0BA211F804FF458F657EBC18DDEA8738,2,0,0,0,1,4,3.0,3
02311BD462580F5DF942A0D6D05ED877,1,0,0,0,1,2,2.0,1
6F0F241207BB23F40E300D8674D30FF8,1,0,0,0,1,4,1.0,5
95574EEC74AC765D85213BAAE39AC031,9,1,0,0,1,4,1.8,5
C6A48E7151FD7570E5AB3A087E00942D,1,0,0,0,1,4,2.666666666666667,3
F3559B5B5E0B6D6028B8CB29E2286676,1,0,0,0,1,0,0.0,2
FC7A8023A3BA1C3D7257647D66A1AC9F,1,1,0,0,1,1,0.33333333333333337,3
537BF60056C260DCA1ADB5CD1824383A,0,0,0,0,1,0,0.0,1
F650B9983AB45336BBD3C6C08ECB1001,1,0,0,0,1,1,1.0,1
6EDA0BB1611F7E5AB409221AE13ED52E,18,17,0,0,1,3,2.0,6
CFCC0229C767F3E02E722E087AE6BDBA,0,6,0,0,1,5,1.8,10
98250CE72ED3686F8E170A7EAF8B85FA,7,0,0,0,1,0,0.0,1
3B168DA00A67E36400FE38D1CCB6D8CD,1,0,0,0,1,3,1.0,3
DC18953E301975C7D7D2B860520720AA,1,0,0,0,1,1,0.5,2
202D0BD948032EF9BD2055F9FAC376DA,2,0,0,0,1,3,1.5,2
EF0FBB41BE6F40A5CC1D68D8E1CD3591,0,0,0,0,1,6,3.5,2
83B2810298A42907030999DED800A7D4,0,1,0,0,1,3,1.6666666666666665,3
B4E4D699D0D235F372AE1DD88F9662C8,9,0,0,0,1,1,0.3333333333333333,9
7D613AF4DA0F508C7090E96FD73B7E6D,0,0,0,0,1,4,2.0,4
E707EF96D408A4FEED0DD25AD19CD9EF,0,1,0,0,1,4,3.0,2
595B654526FA7B7CA08C89F0C0D3EAE9,1,1,0,0,1,1,1.0,1
B3CACA9F734652707C70415EC3200810,0,1,0,0,1,0,0.0,1
931536EA82A2A56D3B470E26FA8A4EFD,0,1,0,0,1,0,0.0,4
77C1BE2F5D508392EEDF95636B5135A6,1,0,0,0,1,2,2.0,1
E42E01EB4C3B845E6F61A6D09CA1051E,1,1,0,0,1,2,2.0,1
79CB6ACC45415E09A25132C8284A43FA,2,0,0,0,1,0,0.0,1
1411655CCE0C545C2B6E32F6DE994D9E,3,0,0,0,1,1,1.0,1
6351849D04432F45F92C7ACAF872311E,3,1,0,0,1,3,1.5,2
AAB21B8EE6D46A3DECEDEF613DB50002,0,0,0,0,1,2,2.0,1
281FF6147F6514F19DE8AD2184367931,0,1,0,0,1,0,0.0,1
53BB2C3D9C62AD1169788AF86C59750D,0,0,0,0,1,2,2.0,1
FA30269453141794E79B8F15EE0BA5B9,1,0,0,0,1,4,1.6923076923076923,13
DBF421BDF300FB2A2E6CF806252CCC31,22,4,0,0,1,6,1.2764227642276422,123
23FB24C9178CBD3DEEB8BA90BA95FF02,4,0,0,0,1,4,4.0,1
F4A5875281BF668493218BB882D437AF,0,0,0,0,1,1,1.0,1
D7EA8E3645EFFBD6443946179ED704A6,1,9,0,0,1,6,2.1129032258064515,62
BCED2FC932F8E88F04EFE9C2D8E2AB0E,0,0,0,0,1,5,3.5,2
B224957B5C7A071A449284DDAEA2B581,1,0,0,0,1,1,1.0,1
C6DE585349744A40725DB0AB17041BA3,0,0,0,0,1,4,2.2666666666666666,15
AEACB7B3AA815C09B5E61B6EBE04A12F,0,0,0,0,1,0,0.0,1
FF3BAC9A3FF1AB524FEB9DC273362AEA,112,45,0,0,1,4,1.0266666666666668,75
7ABF37E0152158FDC3A093A116C75BE1,4,0,0,0,1,1,0.5,4
DAED69587964D46E7508B63FC8A3C837,23,10,0,0,1,5,1.852272727272727,88
BE6B33C0368029CEF622DF2A399B6225,0,0,0,0,1,4,4.0,1
AEC162E61CAF66AC209F108733FB4486,0,0,0,0,1,1,1.0,1
749D1C8A698B9549D1E4CEAD631A4610,0,0,0,0,1,5,3.0,4
B286FF12F87B02EA0A3DED393BED692E,0,0,0,0,1,3,1.6666666666666667,3
D6C51794FD1D140415F13CBA0366ABD2,1,1,0,0,1,0,0.0,1
3EF8FC940E379D53BBD3FEFDAF626BB2,5,2,0,0,1,1,0.33333333333333337,3
96CE199B30A1BC1462AECDC118489DBC,1,0,0,0,1,6,3.5,4
96052EC8B466796F398FEA2D23A393C7,6,6,0,0,1,1,0.6666666666666666,3
1AA169AF1C7C60B2F5B6B51443E36358,0,0,0,0,1,0,0.0,1
0B9739BFB4122E1863C894E34F812D56,11,0,0,0,1,1,0.4285714285714286,7
316C478F300B0BA8DAFF7995336802D0,60,2,0,0,1,5,1.21875,64
2E69D0ED86197DCC21710AF7C7A720CE,29,0,0,0,1,3,1.0476190476190477,42
075775BE376B28061289A99CD55999F0,0,0,0,0,1,4,4.0,1
96BF863C89BC48B9E32E28BBE430BE59,1,0,0,0,1,5,2.0,3
51825D61E76B9BBC83F0411D14E6D1F2,4,2,0,0,1,0,0.0,2
74AA252973ED84AA7C2471A3A4E5FDB6,0,0,0,0,1,2,1.25,4
8E4AA5F07E1C2F90597D4B06DD0BF093,0,0,0,0,1,3,3.0,1
9B08177FE3971EFE0EB44D2C7945F9B4,3,0,0,0,1,5,2.6666666666666665,3
440F2D5814BE7FC65ABA0891683AD426,0,0,0,0,1,2,2.0,1
04B64EF65CF088E8C44DC8633B64FF30,0,0,0,0,1,3,2.5,2
3F5BD0264CC72EE0F890B607235D13E8,6,0,0,0,1,1,0.3333333333333333,3
806B89C2F8514374D2F9F4DD50EA681A,3,0,0,0,1,8,5.0,3
382AB8855523607AADC979100E723BC3,0,0,0,0,1,1,1.0,1
0C621E64FC5D74AC60AADCF0EA9D640A,0,0,0,0,1,2,2.0,1
22C7EB46372F9F81C6FB9757A3875E04,0,0,0,0,1,2,1.0,2
CD5B67EDE47D854B8FF373B9DCCC45B6,0,0,0,0,1,3,1.5,2
60089CDC00533D1F85A52670E48D594B,0,0,0,0,1,5,3.0,2
9D0069D23AA3767ED932F2C28DAA0382,0,0,0,0,1,2,0.6666666666666667,3
3B21B398D6518D48AD878537495DFADF,1,1,0,0,1,0,0.0,1
C968978A432B024DE5C41695E79C9EF6,3,0,0,0,1,1,1.0,1
EEA5AAE43BD264DED635FBDB2CC9EBB6,0,0,0,0,1,4,1.8,5
C376FE9AC9D252C0445407FB97FA8CCD,2,0,0,0,1,2,0.5,6
06EE14F393C527E3A2BA2ECE805A92A1,0,0,0,0,1,5,3.0,2
D302FFE84575B7160B211908B8BCEFB3,0,0,0,0,1,3,3.0,1
7B19557ACA958BC12A14026847342657,1,0,0,0,1,0,0.0,1
24EED66707DBBEAE56954F7F45B834F1,0,0,0,0,1,3,3.0,2
6895EEFC23B59DB13A9B9A7EED6A766F,64,3,0,0,1,4,0.9722222222222221,72
7022668B999D681DF7EBB64BE271E752,0,0,0,0,1,1,1.0,1
8FE37A61629829F7C11F6BB9BFBC0B79,0,0,0,0,1,3,1.8333333333333335,6
6E36F9DCD6619E1D5B5F6AD6C1D33F22,0,0,0,0,1,0,0.0,1
5BD2E4A81A047751A75C297C3CE321F6,0,0,0,0,1,0,0.0,1
446F37EA9E4D5B1CF5C9F235D730457B,0,0,0,0,1,0,0.0,1
A140217526C281E3031EDD046A1443EE,0,0,0,0,1,0,0.0,1
D55D4E5B60368F4BE64F16EFD78B2BE7,8,0,0,0,1,1,1.0,2
B7CF3B9A7508CC9C6CB8AFDADA309643,2,1,0,0,1,0,0.0,1
108D09DB520942B16C86056E4F92D707,4,0,0,0,1,4,1.6666666666666667,3
32DEB1F24ABD2430CC3EB1A917D1DD77,0,0,0,0,1,1,1.0,1
27F58E1834BE7A5243E18251193958A8,1,0,0,0,1,5,3.2,5
944188E92874080B6FBB8190818E92EB,0,0,0,0,1,0,0.0,1
CB3247B1C1CDA46A0F086191DB3FF5B2,4,13,0,0,1,7,1.7692307692307692,13
9E0EAF2829B764D79D3D939DD81C850C,0,0,0,0,1,2,2.0,1
04165EA2996046BF44B478B53D1F8194,7,0,0,0,1,5,1.6875,16
93CD991A5D10398F5534E4C196C59972,7,0,0,0,1,3,1.0,3
0224B89E5A7079D57A98B240CBFFE3DB,0,0,0,0,1,5,5.0,1
8252847DECB3C31CAB9BDEE566F97BA2,1,2,0,0,1,1,1.0,1
E63E05E96DDF0571A10849C65A7F7B1C,1,0,0,0,1,1,1.0,1
3CB80C0D089274FB79040BE72A482779,1,0,0,0,1,4,1.5333333333333332,15
05C3616722D042AB16D2F6FEF2409F3F,2,0,0,0,1,0,0.0,1
934B199F95052FEFABD25F51AA6F818C,0,0,0,0,1,2,2.0,1
A51BF75239709A5494645BEAABC3453D,6,6,0,0,1,5,1.4,20
3EE796FE44360A6E40DD8B3217920901,1,0,0,0,1,2,1.5,2
34827B2ABA064F0F47354BB1E83410A6,0,0,0,0,1,4,4.0,1
81CA00E3DD418D9A93FC1641D3E68CA3,0,0,0,0,1,3,2.3333333333333335,3
9A1937D9AC8F83AC10817AA8DD360CAE,0,0,0,0,1,1,0.5,2
5648A954EBE1643361A91165FC9F249A,0,0,0,0,1,0,0.0,1
A25F3BC7C453989DF4127EEAD4F3FDC6,0,1,0,0,1,2,2.0,1
A1356979CB1EEBEB6844AE65A9161A1B,6,5,0,0,1,1,0.3333333333333333,3
F92B2FB00F381010F8895FDFB47A8331,8,0,0,0,1,0,0.0,1
94501F48A0A231D442FAE2DBA258FD18,0,0,0,0,1,0,0.0,2
A65FAEAB5577A16B517735A9D9C54958,13,0,0,0,1,5,1.7368421052631577,19
B12D624F44D9B288CDC9E8CE6F8189B5,1,0,0,0,1,2,1.0,6
51C58309304097EFF968922A83299000,3,0,0,0,1,1,0.33333333333333337,3
EC822F5ACEA06DC432D92DF2EE6CD787,0,0,0,0,1,1,1.0,1
A9456EA9DE1E76E222BE37EEFBE4BA80,0,0,0,0,1,0,0.0,1
A93555ABADE54B5A993C8726FF947340,2,3,0,0,1,0,0.0,1
373016F8F89C087DC8C89E06B362AD1A,7,0,0,0,1,4,1.2857142857142856,7
3219167CC1073BBFEBB776873A6A6AFD,0,1,0,0,1,2,1.0,2
E10A839237C8E024635BB36936FF4D81,16,1,0,0,1,3,1.5,6
0CE121373708375EAA3E7526568E9A20,0,0,0,0,1,4,4.0,1
53ACAE15981F1A8F9A3133340D599299,14,0,0,0,1,2,0.9090909090909091,11
7C7DE40DCACC2367C56621C0835BF04E,1,0,0,0,1,4,2.1666666666666665,6
8A7B9CD58D794011078CB0D0ED2D797B,3,0,0,0,1,1,0.6666666666666666,6
DD2B90F9386D450813BDAD426BB57628,0,0,0,0,1,1,0.5,2
48F3FC056F6771C91831E4015FFC9E01,0,1,0,0,1,3,3.0,1
57C80420C2F00E682DDE7410CF10B4C4,0,0,0,0,1,5,1.8000000000000003,10
6B3058472BEB4287D2FF3BA77F78F410,1,0,0,0,1,0,0.0,1
7CA838857E3B7B8C9FC6A34E975FBF22,1,0,0,0,1,7,2.3571428571428577,28
1FDA8AA1D88C8996E055430A55FBB8A2,1,0,0,0,1,1,0.3333333333333333,3
9E64FC6B99923656A77E12F934D2C461,0,0,0,0,1,6,6.0,2
67F4E812D975351DD19B09417D8C1642,1,0,0,0,1,0,0.0,1
6B3490A226015271C15E6634764B8280,2,0,0,0,1,6,2.0,6
9D356AA1D8D9B729C6E4CE569D654307,0,0,0,0,1,1,1.0,2
F82F5EAA32029DC0C382921D528BC71B,1,0,0,0,1,6,1.75,8
EF3C088821369C8F39D4594A6EB00D3D,0,0,0,0,1,0,0.0,1
A8576CA2812F32F35A850A7C773DA391,0,0,0,0,1,0,0.0,1
48F28EA4B3DBB9890DC909CBB88291E5,0,1,0,0,1,2,1.5,4
556EF590A035FA27033B6741B6F80249,3,3,0,0,1,1,1.0,1
F36F1694CF053FD67EAB62D5E773AC03,5,1,0,0,1,2,2.0,1
289B1E1B27ED4803044E65DF0DF5554B,0,0,0,0,1,0,0.0,2
F40390B3966B0F225C46E00B78F9886D,1,0,0,0,1,1,1.0,1
5E92DDB76B8C196DCA97B870842950B6,1,2,0,0,1,0,0.0,1
301AFECE7DEEE17ACC059F6C18017D80,0,1,0,0,1,2,0.8571428571428571,7
4BBFA2CC3BCD8A6224EBB488B3831271,1,0,0,0,1,0,0.0,1
5C3F8293B23A1EE0067CD8A64B722A1C,4,0,0,0,1,2,1.0,4
6EC263DBA95206A1A9EB55CD93F58FD2,1,0,0,0,1,1,1.0,1
5F9640DEACCA3869D6DC064DA2E06CA4,0,0,0,0,1,4,3.0,2
131935FEE6DB89D1FC585229D0D7F635,0,0,0,0,1,0,0.0,1
75574B7DB9C97F001537DA36DDAE0C80,0,0,0,0,1,1,0.5,2
19EA272CEA5C14D4E55F2AF25CB30950,0,0,0,0,1,3,3.0,1
4D4483585C0A28A8685AD2DB9D8AAB83,0,0,0,0,1,4,4.0,1
AF2B2CA944080F72C71FF77726D8BC44,0,0,0,0,1,0,0.0,1
E6FD64150EAF08AFD3D45E1F0B0611B4,1,0,0,0,1,3,2.3333333333333335,3
20BA5DF9529C27D5BCAD90076DA9B8E9,1,1,0,0,1,0,0.0,1
82FC3BA0FCAD61A9976249A40EFD9627,1,0,0,0,1,2,2.0,1
ADD82F1153554D07815E0ACFBD68A23F,2,0,0,0,1,1,0.3333333333333333,3
A259C3B812CA9C77EF825497FCA53BA2,0,0,0,0,1,3,1.6,5
57D297B8D74E5900F0404AAED49E8790,0,0,0,0,1,2,2.0,1
EC205455CE8108A86587F94C680017C2,0,0,0,0,1,0,0.0,1
AEC8CFB4C44D434EE98AAA7E984CC997,0,0,0,0,1,1,0.5,2
9EA7405536919543D0D31F50CD205CF3,0,0,0,0,1,3,3.0,1
47F7713B7F3C4F3149A9200360757C6B,0,0,0,0,1,3,1.6666666666666665,3
74E4C577F4A72A39E81DC8BF5E0B12CE,11,0,0,0,1,1,1.0,1
0D27B97DF320113800B3584648E1716B,4,0,0,0,1,1,1.0,1
733FD50FD08F351E54DBC2C9FC0D9B09,3,0,0,0,1,4,1.5,4
EEE878184DE04313CD12A9D10E0F8C09,1,2,0,0,1,5,5.0,1
AFA41EF5E9CDCC4DF87A199049813E45,8,8,0,0,1,3,1.8,5
D2A4FF268B6047FDA0EC15B0365458F7,2,0,0,0,1,4,2.2,5
24AE2684031A85F9FA4CD5E40AEB0CEC,0,0,0,0,1,2,0.75,4
BBBB2C46108622C7B2A5444C3B823176,2,0,0,0,1,3,1.8,5
CD93E1D286EC5C24E033D0D887133880,1,0,0,0,1,1,0.5,2
234995B94F9D6393EC3DF219345100F7,0,0,0,0,1,0,0.0,1
41CE65642EE9559E1892826A3B37D97B,0,0,0,0,1,2,2.0,1
1F49228410C60283C7EA6DB87F3B46C8,4,1,0,0,1,6,5.5,2
10C2C581B86886D7EA94355A435FE00D,0,1,0,0,1,2,2.0,1
BA3E7A5857FD7BE68F02E4D2F5744BE8,5,0,0,0,1,3,0.875,8
6795CE3FC3D5319BEFFE39428A456919,0,0,0,0,1,1,0.5,2
64D78D4FFDC962C09639D6097BBB5202,0,2,0,0,1,1,0.6666666666666667,3
0D9FE426A56790E0051A28A24F63C63B,2,0,0,0,1,2,1.3333333333333333,3
91F13956AAE16BDE5A39DE910888F78A,0,0,0,0,1,2,1.0,2
9CFB637E96BD8A853BD89B39171AF694,1,0,0,0,1,3,3.0,2
D33CA70DD804898B4CF53FC33AF912AB,0,0,0,0,1,0,0.0,1
2B06E3516A74184DC1107C07C71764F5,2,0,0,0,1,5,5.0,1
CFCA2039A06322FA4844F831ACD4B808,7,0,0,0,1,1,1.0,1
7288C0D2279483F63ECB1B01E7FDDC4A,16,0,0,0,1,3,0.8666666666666667,15
27D0B01EBF8B78EA0B61171428EFD542,0,1,0,0,1,5,5.0,1
FEC0B30EED7870C4D46230D73032E5CA,0,0,0,0,1,4,4.0,1
F9C021D9A8B84158F73A8662D76E9EE9,7,0,0,0,1,5,1.5555555555555558,9
8D04117CE19C020B3BA1BB8D40C4B383,3,0,0,0,1,4,1.7499999999999998,4
FAC88DED41D1B1BB13A7702430BC044F,1,1,0,0,1,0,0.0,1
D55AAEB31FE05190D0797D17150A564B,8,8,0,0,1,0,0.0,1
53A0BD3DCF2B401EDB8A810C0E162BD0,0,1,0,0,1,2,1.5,4
B4394AD77C6DE7A5C7385C307F35F84F,0,2,0,0,1,2,1.3333333333333333,3
D3F06F9B7BD9D7FC8758BF78BF0705E9,0,1,0,0,1,3,3.0,1
187F3053F04D9D7EF93DF21DBDB59684,4,0,0,0,1,4,1.8888888888888888,9
F05968B82C467ADE2E78A68CCC334EA7,0,0,0,0,1,0,0.0,1
CD86D0CCD91B43EA8B6FBAD81378AB5B,5,0,0,0,1,1,1.0,1
85DB15BDADAB65F9CC1E33B872745B87,0,0,0,0,1,3,3.0,1
4EEF8695A84237BF3C479792381272EE,2,0,0,0,1,2,0.6190476190476191,21
9F056AEC0D7B47E9352A64B94B71DC74,10,0,0,0,1,6,1.2,15
5C0E3D65407B0031F983E6E596EDF9F1,0,0,0,0,1,4,3.0,2
DE6989E3354848A1339B220C08883B07,0,0,0,0,1,0,0.0,1
3AFC5B3464A82D0B9CC474C05D6D9AC1,7,0,0,0,1,4,1.8181818181818181,11
446938DF13347E075AC68753A3ED4DFF,0,0,0,0,1,2,1.3333333333333333,3
487DE902636DD8A9844A2D61FE7BD568,1,0,0,0,1,1,0.6666666666666667,3
7EE035CA8E6132A8877C39656896BA41,0,1,0,0,1,0,0.0,1
521EC2187BCA734E9B4733AE1E76E47A,14,0,0,0,1,1,0.6666666666666666,3
91814809BD9374D5CEDFC6A31727CC55,0,0,0,0,1,6,6.0,1
0FACE6A96710262CACCDABEC0957D4A6,0,0,0,0,1,1,1.0,1
0C777BD44F304574371C97674DCD0702,0,0,0,0,1,3,1.75,4
2C1DA5791D813EDBF757A250CD828181,0,0,0,0,1,4,1.75,8
4514AE17591D9C14A67FE865E36C3860,0,0,0,0,1,4,3.0,2
3A110988C8149D12D9F52341B8FDFFD2,2,1,0,0,1,7,2.3333333333333335,3
51C511BDA46B8307F21527B455A1A59F,35,0,0,0,1,5,1.2222222222222223,27
E50040332FFC349B06262CEE75DF9730,1,0,0,0,1,2,2.0,1
41DCB93A0F8A09E6998CD2FCA73DDBCC,0,0,0,0,1,4,1.3333333333333333,3
EF9E8CCCCBBB015CAE0C334AB1745417,4,0,0,0,1,3,1.0,6
408CC046A2803374E22210CDB323158E,4,0,0,0,1,1,0.5,4
3D0D0AB12593E5C8B5C8BE2450ABDC6E,0,0,0,0,1,0,0.0,1
D2DD949E7844145667DD7102E43E29F9,0,0,0,0,1,2,1.5,2
5E3176E1324C55D2DBE87CD94CEA32EA,1,0,0,0,1,2,0.6666666666666667,3
68FA67F15A3DB9121D78FD064E5D644C,2,0,0,0,1,2,0.6666666666666667,3
0D791C00AF304C3BDDA26EF979A320C8,1,0,0,0,1,2,2.0,1
1FB025874AAA1193C2279833544D1B22,0,0,0,0,1,4,1.3333333333333335,3
6BAF5EF07C8B8104E8FCEC26BC1FDA6E,0,0,0,0,1,1,1.0,1
1586863BBF7E05456B131E06792BD72E,3,0,0,0,1,3,1.5,4
0A1BE2DE5E8F994D51EB1D5E287843AB,0,0,0,0,1,4,2.3333333333333335,3
8D9D62A4402581BB1181D3AA73AD54E8,0,0,0,0,1,2,1.0,2
CB2A03B9DC1894380C75344D15BC0BE6,0,0,0,0,1,3,2.5,2
1BEC66DACD6101F025995CD80F8DBEC2,1,0,0,0,1,0,0.0,4
66739352C8F94F55906F93AD35A7D894,0,0,0,0,1,1,1.0,1
4FF7F514742F03A28090DC5B835B2DEA,0,0,0,0,1,1,1.0,2
3474F67724A68A5E6C39F63A0FB6286C,3,0,0,0,1,4,4.0,1
6D16DFC946ED02BDEF46FEDBB0523DA6,0,1,0,0,1,3,3.0,1
0A0EBC33126893C86F3F6272037A5003,1,0,0,0,1,1,1.0,2
B4E7C450E25659D0193A97157D730CC5,1,1,0,0,1,0,0.0,1
816041F91B1FD5515FECD8470ED15D9F,0,1,0,0,1,3,3.0,1
6AF3E60392A6716A257DA1B79C851F33,0,0,0,0,1,6,3.5,4
525E3BEE74AD824923CC04FE45E45B40,0,0,0,0,1,4,2.0,9
82486A3B62D50DB914F1C6857733DAB2,2,0,0,0,1,3,1.5,2
678F34DADB6195EC745FBD1FE5397F49,0,0,0,0,1,1,0.5,2
2D3B78BB770408974EDEA479962E171B,3,0,0,0,1,4,2.0,11
AEB8F7B1FB1B4DE3877A516FC322E1E7,11,0,0,0,1,1,0.3333333333333333,3
FEDB8A805FFF2FFBF5659EA373CDF3A8,3,0,0,0,1,2,2.0,1
50819623BDF347C3C7DCAF0D9F5C0730,1,0,0,0,1,1,1.0,1
F2B54F849781D17AA472E38BBC0DC373,0,0,0,0,1,4,2.5,2
5D46BA742602176E2BD6E6B3917E08C9,9,0,0,0,1,4,1.2,10
15032ACA55945231058608EDC6A14ABF,10,0,0,0,1,5,1.928571428571429,14
E13885AF4AE315097039088E04C775CB,1,0,0,0,1,2,2.0,1
57A64EB2ABD60937979A683D71025060,10,1,0,0,1,6,1.2727272727272727,11
CAE9C8EE4B2F382EDD8090E417324F01,13,0,0,0,1,0,0.0,1
5846B1F471C58594B5E42074E7FFC05C,2,0,0,0,1,0,0.0,1
ECA7E21BD6A07DF07E8F9E1DCC040EC5,2,0,0,0,1,2,1.0,4
14AECC4547D05B687FD4BE15AF6DFC63,1,1,0,0,1,5,2.2857142857142856,7
A8FF30877FB5CE1DDF75322B4B74EE30,4,0,0,0,1,2,0.75,4
A7E8FD2EC2BD6DDF4C6CD6FBC74638AC,0,1,0,0,1,0,0.0,1
F866B1D9D660101FF4C436E5D93D2C08,77,0,0,0,1,6,1.2049999999999996,200
4AD259771898207D5869B39490B9DD8C,149,151,0,0,1,6,1.75304347826087,575
4F447F2C6BB7966B771EEEA1E6DF3D42,1,0,0,0,1,2,1.0,2
986BCC5319B29A4EA06FDEB7DAFB01D0,0,0,0,0,1,2,1.0,4
159002C6F393752AD79B3C2E8C7104C7,2,0,0,0,1,1,0.6666666666666667,3
032943312C482A60B80F8C7DB2E81C2B,0,0,0,0,1,3,3.0,1
15955C2770D8FE60B329BCD0805BB35E,1,1,0,0,1,4,2.0,4
8EDB9A9856CDB5AFC42546106EE46734,0,2,0,0,1,3,1.5,2
74DCDBEC89234F0E83AF6AD036DB27D0,0,0,0,0,1,2,2.0,1
812C25744DA187D0D3E93A0AE53B4B59,0,0,0,0,1,3,2.0,2
D08DBED31B667C28985C15B0AF489C09,2,1,0,0,1,5,2.5,4
5739392D677D5C10C44F446DD14DBF60,2,0,0,0,1,0,0.0,1
AF070F60DBF28F26A8885E8554418C0A,1,0,0,0,1,0,0.0,1
3CD4C596C073814F9120416B1C163961,0,0,0,0,1,3,1.5,2
AC5BB8A4162F0D60D28B10AB440DBC26,14,1,0,0,1,3,1.6666666666666667,9
95285F1A7C9E04D4CF5112118B1E1441,0,0,0,0,1,0,0.0,1
474A6B3CA88D086A10C806D7DB2D3B37,0,0,0,0,1,2,1.0,2
8C7937123B3FAEAC4EF46B1DB181BEE8,2,0,0,0,1,2,2.0,1
59C952AB04D797753C92608F0B32BD42,0,0,0,0,1,3,3.0,1
2140B2F99D166DB107C70A44749580F0,0,0,0,0,1,0,0.0,1
00F318B55E522F45AEA8DD1973AF0C07,3,0,0,0,1,0,0.0,1
CC5E87B6417CF3450D9B7AEBB8645E01,0,0,0,0,1,6,4.5,2
0155220BAB309646CC7AC980AB75A212,5,0,0,0,1,5,2.1818181818181817,11
372E8CE8A7D150B1374696B670B927A3,2,1,0,0,1,3,1.3333333333333333,3
63248E747D60998BC2F157C882920CFF,0,0,0,0,1,1,0.33333333333333337,3
FAB64BF2AAB75062ADDB083CC46E9E20,1,0,0,0,1,1,1.0,1
E24D750CDF314F2688DC53B0ECB162FE,0,0,0,0,1,2,2.0,1
2D4A14089D29812CF04475CB7184A943,0,0,0,0,1,1,0.5,2
DE699C40D3AB9DECC4D1A5C25444F825,2,2,0,0,1,1,1.0,1
4875FD3334EF936AB95CA45EF3098AC5,2,0,0,0,1,1,1.0,1
325EF84B59DAB4F8D8B855FB321830E5,1,0,0,0,1,6,3.5,2
FC1AB780305424E46A65979E2D2F4661,0,0,0,0,1,3,1.0,5
CE6F7C72330E5D16E1470BB067D23DE1,0,0,0,0,1,4,2.6666666666666665,3
9A82F669C3263DECD527D298DA2BB729,4,0,0,0,1,2,1.3333333333333333,3
AC5EA1E535BB6314706BBEF6193C72A9,2,1,0,0,1,0,0.0,1
482D15E27FA10BECDA119E0FE1EAE9E0,1,0,0,0,1,2,1.0,4
ADBEFCA55EC84BD5D403A123B698DE94,6,4,0,0,1,5,2.3529411764705883,17
DF0E6C6C5E4F3F34FEC6EE54FD945B05,2,4,0,0,1,5,2.6799999999999997,25
D8A4973047AF2FA8E9061F6F52E6BD61,0,1,0,0,1,3,2.0,2
EA9A16D9042286D55399A418CC7A28F3,12,0,0,0,1,,,0
EB1A430BACB37E6EA72592BF838E64A6,2,4,0,0,1,2,0.75,4
73E64123FA583DA60507E5A6D9EF5CA9,0,0,0,0,1,4,4.0,1
45BDDEC4DF8773F88DC51D1AFD145521,2,0,0,0,1,4,2.4,5
B99B2307868665ADBA04E3BB039E67A7,0,0,0,0,1,0,0.0,3
AE78C5FD5FA3181EF4B30088826FCA42,1,0,0,0,1,2,1.0,2
728398B33BFD42D1E1C4E909C1875843,7,3,0,0,1,3,1.5,4
126A05CAE2C84B1EA287992F5E412C43,10,0,0,0,1,3,1.6666666666666667,3
46DF567E21D725ABBE224062F2461B80,0,0,0,0,1,3,1.6666666666666667,3
645ADF1505EA560FF95D65650EAB212A,5,4,0,0,1,3,1.0,4
2EC2D88FD0D008546A9C8D82782F2C5E,0,0,0,0,1,4,2.0,4
E23E0331BAB974E5CE2DA177F7489978,2,0,0,0,1,3,1.5,2
B5F3D00E28A57C9522F2DEE3CB903DD1,0,1,0,0,1,0,0.0,1
42E6A7C3536775E3B8C3DB919AE9A452,1,0,0,0,1,6,1.9230769230769231,13
4254BB9B56C28304B6478CCC78ABB053,0,0,0,0,1,1,1.0,1
27836A8CE8E00FBF2BAC953C139A1C7F,0,0,0,0,1,0,0.0,2
AFC155DB8A0F7E990FDD46BAAA65A4E5,2,0,0,0,1,1,1.0,1
2BEA707B03705B0CB54A23D237DEE416,0,0,0,0,1,2,2.0,1
93C7081BACF75EFA0B487C2F40E96BA0,0,0,0,0,1,1,1.0,1
7DC8212A263404ECD48D5FFE3F2218AF,0,0,0,0,1,4,2.0,2
23DD04F65B2097608958AF503FD06892,0,0,0,0,1,1,1.0,1
97B422DCCB84169BF11FF0168929E31B,6,3,0,0,1,0,0.0,1
BC4975868D38E7BA0AC93C69B4FE6FF5,19,14,0,0,1,3,2.0,2
3FD83714C2BC47927FA375E1FA7E2C7F,0,0,0,0,1,4,2.6666666666666665,3
56A3ECD9106EA59DE52682BEFFFAC53C,0,1,0,0,1,1,0.33333333333333337,3
CFBEEA42B6C47B6A8EEE787AD9AC1D52,0,0,0,0,1,2,2.0,1
DF0E8F12B1AA38135A5448195EFEC25B,1,0,0,0,1,5,1.1111111111111112,9
CB5B845B01EF1C4D58492EF76895A782,0,0,0,0,1,2,2.0,1
C7D0D209383F232092E47A1655F5B907,0,0,0,0,1,2,1.5,2
E4CE5D9648FC25FFFB6CD0CF2DD38F96,0,0,0,0,1,0,0.0,1
FD73CD8F923981553C861D7ACCE76D27,2,1,0,0,1,0,0.0,1
102CC7D8CD5D3E861EACE1BAB97E61EC,0,2,0,0,1,4,1.1818181818181819,11
44962B1EB7295E6C001F7F75CFA52D3C,0,0,0,0,1,4,3.3333333333333335,3
064753F4DE400882CBF47644C9FCF8EE,9,9,0,0,1,5,2.6666666666666665,3
76D03103B626F044F11C3C64AADAC2F0,2,4,0,0,1,3,1.6,5
F0474AE7E789771DD4E975C6E7A49000,0,0,0,0,1,0,0.0,1
2A55853824D51DDA7999DF1B5FD91002,0,0,0,0,1,2,2.0,1
B5CC3C5C4CC8847CAF03FEC3E44E053A,0,0,0,0,1,0,0.0,1
F4A4977930421DC1ADF9BA887C9F6306,0,0,0,0,1,4,2.8333333333333335,6
6615405565FB63B8B67C59E9CF90EFFA,0,0,0,0,1,3,1.6,5
0081AD106B7DBC9A4B70CE88CCC8AAB8,6,3,0,0,1,1,1.0,2
7D05DF6F0141D016FD20F7B8E71FAB0A,5,3,0,0,1,1,1.0,1
1D952D8F895C30395903EA6FF0D8A69B,0,0,0,0,1,2,2.0,2
6C11E535AACB16C5B016AF468CC0904B,1,0,0,0,1,2,1.5,2
3A2D53CBDC4E55CA73FEB38FCE638A2D,1,0,0,0,1,1,0.5,2
F655D26B0F7A4093F1D2FFBD5E61B09D,0,0,0,0,1,0,0.0,2
05A63B82C9355A6050AD8FF2882892D3,0,1,0,0,1,6,3.2500000000000004,8
BF378D5EFCBC6FC6249CBE8FD629345F,0,0,0,0,1,3,1.0,5
CCE4BDDE62CA393AC9563B8718F5CFB9,1,0,0,0,1,3,3.0,1
00AE0CA4117376AE083FD6AEA744CE88,0,1,0,0,1,2,2.0,1
A1E8E850F47738BCA47176AD5282595D,19,15,0,0,1,1,0.25,4
058520E12010190322386C3E356AEE8F,0,0,0,0,1,3,3.0,1
5E09265F12D64B9FA85FF9427A0A7FB0,7,0,0,0,1,1,0.6666666666666667,3
40EA6B250AAD32DFE4C6A49D0B62CCB7,4,0,0,0,1,2,0.9090909090909091,11
418C1FE4FF01EA36F511E5D9073F11BD,0,0,0,0,1,4,1.6896551724137934,29
2A0B5110E405737D03252E4149115CF0,2,0,0,0,1,4,2.0,8
1BB423329161893DD39846D9E68E7099,0,1,0,0,1,2,2.0,1
01C32D7902049B768BAA294A7F0D150D,0,3,0,0,1,5,3.333333333333333,3
E10CAEBCD2A24F4AB3BD8184F77469F0,0,0,0,0,1,4,1.375,8
D4233AF1ECC193375484C63AAD97CE3E,1,0,0,0,1,0,0.0,1
C2A5198C78553E22DA460FC704397E6C,1,0,0,0,1,0,0.0,1
9045DAE6501053FD4259E764808840A9,3,0,0,0,1,3,1.5,2
495E86ACD69C18B8AE7DE876B6EB0FA8,0,0,0,0,1,2,2.0,1
6E824AF7F592793A79DAD4E66F66755C,0,1,0,0,1,2,2.0,1
3A540A2426891205362CA11B28D4D612,1,1,0,0,1,3,1.5,2
5C2021C557C223E20478E46337402FA4,0,0,0,0,1,3,3.0,1
0FBEF4C0354C2546DAFEA1E54508581E,0,0,0,0,1,3,2.0,2
2740D063D5B61EBCC4E1AE144FF797F4,1,0,0,0,1,0,0.0,1
58C6DA2410672A28E7C098EF588CF22F,0,0,0,0,1,3,1.3333333333333333,3
16DB8E847B4DDC16F3F250637F2D8C89,2,3,0,0,1,8,1.6666666666666667,9
05A4DF1A1701E5448535C56529753864,1,2,0,0,1,4,2.111111111111111,9
86F19DAB73E484FB7DD2F805DDD7957D,1,0,0,0,1,4,1.3750000000000002,8
1BC48261308D4CA54DD966B2AFC52008,3,0,0,0,1,3,1.5,4
1C707CBC0853CB4EA6B2EB075D1CDCE3,1,1,0,0,1,1,0.25,4
4C986A6F789E77AACF482E2B887ECFEA,0,0,0,0,1,0,0.0,1
4610F908386219EA1BF40E00749B3308,0,0,0,0,1,4,3.5,2
B86EA0BFA87E80E441ABBA4D071A312B,0,1,0,0,1,3,1.6666666666666665,3
272B79A643979B8011025902016E5CE4,0,0,0,0,1,0,0.0,1
9BF56DEE5166364944BDF61ED31E6F30,0,0,0,0,1,4,4.0,1
050231DF01854EFA691E0D5F4DB9ADB2,3,0,0,0,1,4,2.5,4
0B80FE0B9AF69F6B040D6F48FFEB8A8B,1,0,0,0,1,3,1.2,5
AB092A489DBF42616CDA56E114013230,0,1,0,1,2,1,0.5,2
6AA58246505F9C7A54D55074B908CBBD,1,1,0,1,1,,,0
BFAFDF13A67B045E96563CEB5B49E1BF,0,0,0,1,1,,,0
8598BD0A144E1836E3928E630817631E,0,0,1,1,1,19,19.0,1
9AE670FA900182D3E838259F9C55D196,0,0,0,1,2,1,1.0,2
241293471505B5DFB907A2AFC5D26BC1,7,8,0,1,2,0,0.0,1
AEDBF99F36EC79F4BCEDB99BA87B2203,0,1,0,1,2,4,3.0,3
14B32C9FD0A69C18E36D7E07014366E3,0,0,0,1,1,,,0
4A81FE8E75C780C97EEE73A7574F0B4F,0,0,0,1,1,,,0
3CADD3E729DE6E1BE1CA571E83999293,0,0,1,1,1,21,21.0,1
E8D079DBA4F198FC368C129D43D4618F,0,0,0,1,1,,,0
99802DB5CFDE1F6348B0FA18126A2267,0,0,1,1,2,21,12.5,2
172B72644467779696BD486F28D198EB,2,2,0,1,1,,,0
363F1923549B4499EB3E1D1E5508F66B,0,0,0,1,1,,,0
8FD6ED0CD6258782D10996A087AB9D66,0,0,0,1,1,,,0
E4DE819781767EFFD5AF5C06B99893AB,0,0,0,1,1,,,0
985F451F66CBDE8F3D4AF608CDEF5B46,0,0,0,1,1,,,0
0AB1C0CE7818F484F7583FCC2DB2A6DF,0,0,1,1,1,15,15.0,1
053914EB0DA99A613D6AF0E92FCA9940,0,0,0,1,1,,,0
A7301452B4E2495730C4E3BE533CBD8A,0,0,0,1,1,,,0
6A6F0AAB0DC620FF06861957584A3208,3,0,1,1,2,21,7.0,3
E9DE33F197EC82071E63E289323369CA,0,0,0,1,1,,,0
9331CD659DE47C9195F4B29BD74026A4,0,0,0,1,1,,,0
14294180CB3279D586A86522F7FC7F4B,0,0,0,1,1,,,0
3E5101BCD089218A0E026C6750673B33,2,0,0,1,2,4,1.6,5
E5BA19D4AD7664651F8F16BDC91CF7D9,0,0,2,1,1,21,19.5,2
677FDD1656297F161FE8E0081699BAC7,0,0,0,1,1,,,0
5F6DD799F3958CF37A364C8CDDB1560A,0,0,1,1,1,21,21.0,1
AB47EE46761CA3B3D3E052E149BD9826,0,0,0,1,1,,,0
1C4E1D80DF49FF1844D2A1AF31ACDB9A,0,0,0,1,1,,,0
C057B75E2B20B1A4A09B771C52EE0CEF,3,3,0,1,2,0,0.0,3
15C047FB330537BE72C8B690117BC25A,0,0,0,1,1,,,0
0AE8B0300A8BFF8957FE6143A6008D51,2,0,0,1,2,1,0.3333333333333333,3
BE042BC1484A69E1731FB487C1AD34B9,0,0,1,1,1,18,18.0,1
CBA19A7A66AA91E9181E4C7996AD54E0,1,0,0,1,1,,,0
B5EE4A89792209060659C9A6719EA8A4,0,0,0,1,1,,,0
56C204C9DD6B595C802C0BDF8F4445D7,0,0,0,1,1,,,0
6202381695390EB9E0F6CC22E9E55443,3,0,1,1,2,21,3.833333333333333,12
8DEB6CB6C3E85D0032D8557C73ADD49F,0,0,0,1,1,,,0
B27F6463047977351E76AEED8456E9FF,4,1,0,1,2,0,0.0,1
532704A77AF901A8D5E9A94D8FD70C2F,0,0,1,1,1,21,21.0,1
518DABD4A0DF4C41A6D811D6D45EB2B6,2,1,0,1,1,,,0
1BD262D8268726F3B854D7BAD40774A0,0,0,1,1,1,21,21.0,1
8310DC2A15DC92C13DF598D4C7C35F9C,2,2,0,1,1,,,0
793A045251FDBE9306190B13E7D30BC6,0,0,0,1,1,,,0
9099AAA376C3F86DA1203D34C5110326,0,0,0,1,1,,,0
716EEB4171114A58FBE5A95255BB67B6,0,0,0,1,1,,,0
C337446FADC0FB49C18BB3C9C86339B6,1,0,0,1,2,5,1.8,25
6EF4CFA92C4D36D321606743DA348F5B,0,0,0,1,1,,,0
FD7785BC8C792D50EFCFC8BA128FDFF8,0,0,0,1,1,,,0
4DD9ECDFBC9BDF634A16A484F6094197,0,0,0,1,2,4,4.0,1
5E3CB701F06E57FB36C28741D182DDCE,0,0,0,1,2,2,1.25,4
8E85F9B503273C041EE56963F6F68C78,0,0,0,1,1,,,0
3E8245CE87EEDBDF995B682A717AE2FC,0,0,0,1,1,,,0
E102F19E39B32A45B7153A21B8F9A6FB,0,0,0,1,1,,,0
3135AA6E1A3D452423977DDA7F6201D7,0,0,1,1,1,19,19.0,1
51C46BC53A765564EDFC48E1EDA7EAED,0,0,0,1,1,,,0
73CD319D6CB0912CF6C0BE14D5516653,0,0,0,1,1,,,0
AFA25B217428A5328ECE8D2C4C583916,0,0,0,1,1,,,0
4AE80FA4F541357CA0F83F3E60B7B5E8,1,0,0,1,1,,,0
F097887D7FFBBF061FFA4B7E098CE440,0,0,1,1,1,21,21.0,1
56D046BB27D20419EC5F11B5A443B1C0,8,7,0,1,2,2,1.0,2
7A2B97EF274C785C520630383E8620C5,0,0,0,1,1,,,0
BADF540AE69F1B2E63064DEEE7673513,0,0,0,1,1,,,0
2C33E7A3E02384439F6F3A61AE37D6AE,0,0,0,1,1,,,0
370631465168E174D7D2305DC0DB120B,1,1,0,1,1,,,0
B7B44C7C4701B0E0527E88F3A2529C33,0,0,1,1,1,18,18.0,1
D876188655C7C6C93AFA2C8B1BEF6FCB,1,0,0,1,2,0,0.0,1
8F09C3B476E71697EAE0CE7B4EA61606,3,2,0,1,1,,,0
B0A4FA0BACCD710A51DE42F066C65B35,0,0,0,1,1,,,0
CA0C8DBC4EB741AFC8E9779262D3B2B8,0,0,0,1,1,,,0
42327F3D4C5238486EC689F87D5EA3D1,0,0,1,1,1,14,14.0,1
184B6DE721CD75D84BB9975E19003195,0,0,0,1,1,,,0
AE1DAAD2776B4DDBB323537D823AAA67,0,0,0,1,1,,,0
C2FBFD78E9734D601D394DA76099EBFD,13,0,0,1,2,4,1.7692307692307696,13
6FC11768E2D8132D0EBD54B823E26DC4,0,0,0,1,1,,,0
AEAA78A175DF8EC1874201A0F5B0E651,0,0,0,1,1,,,0
D234212C4453672E3B8E013C7A7307C5,0,0,0,1,1,,,0
61633448555C128551BE7E095F5C0E10,0,0,0,1,1,,,0
AB34C2DC3FDFA61951DFCD3831F38723,0,0,0,1,1,,,0
C1A8B1E41C2F28BBA8BCAC12897550F1,1,0,0,1,1,,,0
0018E9BAF92AFA2FFFCDCB5F48A3B134,0,0,0,1,1,,,0
0C6709F20BA3698D40151DF9B43DF04E,0,0,1,1,1,21,21.0,1
5F6368DB8C99B341992180CFE26538B1,1,0,1,1,2,21,10.5,2
8C4ED00A3FE8B206958698CD6539538A,0,0,0,1,1,,,0
7B5294C11C626FEAED923B9141A4287F,0,0,0,1,1,,,0
2EC341EDFBBFB0D1C449264FE5C74FF9,0,0,0,1,1,,,0
E1B79A92AE2233DD2B2FD41E94708F66,0,0,0,1,1,,,0
B3234CECCA15CEE80BDE39DA9D8AE687,0,0,0,1,1,,,0
A21FA27B87923DDDF416E3B7F7EC47AB,0,0,0,1,1,,,0
289290E298ED08B95B10DE971359B101,0,0,0,1,1,,,0
E68A264ADBA1C799CEC92C1B6D234E2A,0,0,0,1,1,,,0
E67AAD89794950F36FFE36E8DA277021,0,0,0,1,1,,,0
CFA741BB81765E66DC761EBD78D41B96,0,0,0,1,1,,,0
15738B2D71E595B2660489D8AC2FB07B,0,0,0,1,1,,,0
6DBEB1852370C5EE1C4C9D7C3959460D,0,0,0,1,2,0,0.0,1
915ABFB61D5DD02D046EF7041AF4B740,0,0,0,1,1,,,0
75E867C341064727BFDCA0A6D3E92B1F,0,0,0,1,1,,,0
37D5BFCBAB879776946C3A2A71476D2F,0,0,0,1,1,,,0
CB0F363BD3031762CA6C7F81C079D21B,2,0,0,1,2,3,2.5,2
07B5EA5ABB9F6FBAAFC0AD944F38E297,1,0,0,1,1,,,0
2941E920B4FD9CB80D870C3B78CC707D,0,0,0,1,1,,,0
1273C08596B2765F8CCB5EE78192339E,0,0,0,1,1,,,0
4B52620535B533B2271FBC73313C24D4,0,0,1,1,1,21,21.0,1
7207044281C74501C14233463AAD9A71,0,0,0,1,1,,,0
6849AF2EDD81FF4AE901E695A6394D5E,0,0,1,1,1,18,18.0,1
825F4907FFE96A74E98D2D5EBD24CC13,0,1,0,1,2,1,0.33333333333333337,3
409772BBABA0048CD6F3EEACFF4A5F8C,0,0,0,1,1,,,0
F7B7DB806FBB3D8C109CFD6AA30EF34D,1,1,1,1,1,17,17.0,1
F4F5EE3E3EBE823045849FA3527AB311,0,0,1,1,1,21,21.0,1
F51601197BF83FA0598C901D8B5B0489,0,0,0,1,1,,,0
BBBD36272E3F89302D5E750692188911,0,0,0,1,2,3,3.0,1
CCE79C01AD7DF8D0E29E93CFA2DAD6E3,5,5,0,1,2,0,0.0,1
578CB14FCF0AB3CD15250A6991E76B91,0,0,0,1,1,,,0
C35316F394A55F2EFA33F3E406AA891C,8,0,0,1,2,1,0.5,2
90CC0C53AB8C20C6ACD31C2049FF1C03,0,0,1,1,1,21,21.0,1
5183DA0CC05DCEEF96B42F140B5A85FC,0,0,0,1,1,,,0
4ED2EE747CD9582D0E7D0FD40AC126F9,0,0,0,1,1,,,0
79924325F573EE46FDE4F2493F138307,9,0,0,1,2,2,1.0,5
26385876B7737E92C1A8EC6E337B0915,0,0,0,1,1,,,0
0AB9D59442F557E2EADC2A775560E13D,3,0,0,1,2,3,2.6666666666666665,3
2B1A8699D5D9CC85A21E5AD20A5F1278,3,0,0,1,1,,,0
C2F62D6F8815057409C5F511E3ED8A89,0,0,0,1,1,,,0
14CE6D01072B5345D007545B4B00A003,1,0,0,1,1,,,0
0E468F1F4418FEA7D579287759985F8D,0,0,0,1,1,,,0
8CECF02FC87B0087044CA4E30B792B2B,4,0,1,1,1,21,21.0,1
0E4DA497F21D37D7000DEFDC78BC5834,0,0,0,1,1,,,0
C8F8D0690CE62FC1DEF00A5B121BE251,0,0,0,1,1,,,0
E8F3673FBB2F17844765CF491CD568FE,0,0,1,1,1,17,17.0,1
EB4432A4BDAAB8F5135FCB36503ADC7D,0,0,0,1,1,,,0
9EAAC1C6222FFE3D209C02C81C20F2A2,2,1,0,1,2,2,1.3333333333333333,3
1D2C3164D8FA25925C038C828BCE4B5A,0,0,0,1,1,,,0
60597897170A939505105BF1863E9E4E,1,1,0,1,2,0,0.0,1
74A96A24D288A625E8F28CA86B895433,0,0,0,1,1,,,0
5702409FE03D8BF50EA36519654DF18F,3,0,2,1,1,21,20.5,2
724DEDBFE6C39B53BC4B1E222F9BCF31,0,0,0,1,1,,,0
AEB21692315E4F72D255C75E3584C12E,0,0,0,1,1,,,0
8648F30D4FB826F3380196C82764290F,0,0,0,1,1,,,0
DB8FF95DA0346459D3EF59D5142D9ECA,0,0,0,1,1,,,0
325A146F81F71E8599DE55667988D76A,1,1,0,1,1,,,0
40C85E00FDF820D19E5E55534DDBAE68,4,3,0,1,1,,,0
C4E724D4880087C4E1D33F1BCD64A60A,0,0,0,1,1,,,0
92B0DE523AAE2E68BEE6EE4B2EA33AAA,0,0,1,1,1,21,21.0,1
A6E8B0AC5E066F7670116136442F728F,0,0,0,1,1,,,0
6CAD93D843929DABFE34B96178A4FDDA,0,0,1,1,2,21,6.25,4
C2FA5A2FB3F1038EABEB1BF697D6A092,0,0,1,1,1,19,19.0,1
573258C3C79B7B051448BAC4407F8099,0,0,0,1,1,,,0
85B0A372ABD5755A1BA8BBBD3B9F074E,0,0,1,1,1,19,19.0,1
284D05260C7E7C3AD85F56A7487AFBCC,0,0,0,1,1,,,0
95283BA663F6537D1AB0A6FB43E4950A,0,0,0,1,1,,,0
58CAB99FE371CFE26EEFE32A9BEB9C96,0,0,0,1,1,,,0
53C62BFF7D715334B8C3C4904EC34880,9,1,0,1,2,0,0.0,3
9D080010659E58645D8E0765DF83ABFD,6,3,0,1,2,1,1.0,1
8089AA9F181B6D1AF1F1D11696E4E428,0,0,0,1,1,,,0
33A1F72714BF8B0591A135AFC746C038,0,2,0,1,2,6,2.0909090909090904,22
C29F62DB26819D2C468ACD4CECE6E18F,0,0,0,1,1,,,0
1B7F44132C02A9964527CF70291C2D0B,0,0,0,1,1,,,0
96A72898FF482DB4D91FFB5B22846C79,0,0,0,1,1,,,0
4A36793E405A836B8EEFC860ED4F5749,8,4,0,1,1,,,0
B35C0207AA8F8D4EB1700A7BB0742FCA,0,0,0,1,1,,,0
5C587BABBABA6DF97AB0E495D4E8CF08,0,0,1,1,1,21,21.0,1
5A1E948F05E441187F3119C006C921D0,0,0,0,1,1,,,0
2876F06859C078320051B7A886306865,0,0,0,1,1,,,0
1521424D33DCF011133317B863DE89B6,0,0,0,1,1,,,0
91A2560153399B4323A14CD148CB2F1B,0,0,0,1,1,,,0
61A1C5F0C88099572CE914B2EE66C12F,0,0,0,1,1,,,0
FDC1699ADEAB83576C842727BFC5E16B,0,0,0,1,1,,,0
6D64FB2A8EF479ECA25B319DEACA6C2B,5,0,0,1,2,5,3.0,6
5F86C514B339814A604D3ED457388B47,0,0,0,1,1,,,0
ECC86F55D599ABD6E88F68C3E7CF53CC,0,0,0,1,1,,,0
98F24970B416ED0CB0F56CAADAE3AADC,0,0,0,1,1,,,0
C96F1CB586725A7D165BCF665C131114,0,0,1,1,2,21,6.0,4
193F34B68CCF6A48F446DFC708A253F1,0,0,0,1,1,,,0
5356FA0F1B89E60163B19C88905905E5,0,0,0,1,1,,,0
83BD247F986B80A1459E119D2891452E,0,0,0,1,1,,,0
CB597BC37DC603EE025C8B3579112736,2,1,1,1,2,21,10.5,2
7E832B95E7313AD2E9F24D9D2AA33E97,1,0,0,1,2,0,0.0,1
1DA9CE8F372D1E9E57A9916E28AAC4B9,0,0,0,1,1,,,0
09FF3AA4F3FE00E7FC084395C4615EA6,0,0,0,1,1,,,0
F69F53A9BE23937F3528CC840C4958D4,0,0,2,1,1,21,19.5,2
DBC6A716E8C8B299C246DF95E03ABC0D,0,0,0,1,1,,,0
F0C7B321FDEFF5E5090682F5129A7CF5,0,0,1,1,1,20,20.0,1
A33DE80957EE65767566B772BC3E8BA5,0,0,0,1,1,,,0
98001421668C25D7C0B41F550C53D949,0,0,0,1,1,,,0
97E7144B7FA861C3C8DB7424D7039832,1,2,0,1,2,2,1.0,3
B904372ECB2B09B75395B88221CDBACA,0,0,0,1,1,,,0
F3CEB16AAAD2F63C31AAD8617261FA78,0,0,1,1,1,21,21.0,1
E90B98235AB244B2A25A73706E2FC370,7,0,1,1,2,18,3.5,6
AFF35810D9962CD8476636476A2831D8,0,0,0,1,1,,,0
C4411A9EA6C9822AD521C60A4ED25F25,0,0,0,1,1,,,0
E3210532BA0838094E646E12D714BFE2,0,0,0,1,1,,,0
FD034D7D200F23C38A941FE5BD5F1042,0,0,0,1,1,,,0
02B2A6606975971F9D79F56EF63D6A24,4,0,0,1,1,,,0
C5558CE95739F785A76DDC61DF770201,0,0,0,1,1,,,0
E0F1ED4167D0C0B2D6DCBA85CB020F52,0,0,0,1,1,,,0
B82793CB1270A48BB2697C51AEED3E4A,0,0,0,1,1,,,0
00CBACD3F5BB79458B825DE063EBD883,1,0,0,1,1,,,0
8C5B32896A06D9EB916F80758B608F5D,0,0,0,1,1,,,0
A079C09208EA2D3B58ECA147393C5C71,2,0,0,1,1,,,0
501815F5DBBB1BDB73EE78E81C0BC602,0,0,0,1,1,,,0
1CE575E56139E8AFF17EB99D513BD853,0,0,0,1,1,,,0
7E9898E8D3E1A3DCE6C69C757A17A57B,0,0,0,1,1,,,0
A2B7DF97E146FC5AB4C8F89A94D85B4A,19,0,0,1,2,2,0.5,4
A17422CAA8DC0BE4C747BE58A1270EF8,0,0,0,1,1,,,0
1D966D99C71490E648F36A86B0356744,0,0,0,1,1,,,0
EADD2CCCDF289D29D8F4ADB90B57D1C8,7,3,5,1,1,21,20.0,5
F0B196A54C40CDF64768F4266EA4B9AC,0,0,0,1,1,,,0
77C4FDB322DEE319C6CC2C2AEFD9E63C,0,0,0,1,1,,,0
D2AF6887FE6C33DB5E01B95FE94624E8,0,0,0,1,1,,,0
BD5FD681E3C1AFB84F705DA2DEB5CAEB,0,0,0,1,1,,,0
A97014AF95ACE257C9E907D909665550,0,0,0,1,1,,,0
BC523DF620F11DBA8353917882C0745B,0,0,0,1,1,,,0
5395F60242FC48E9F91290D6BF5BC3DA,0,0,0,1,1,,,0
462DCBC8BA661FBCF8036197000DD8F5,0,0,0,1,1,,,0
4577AA859D9AF314CF514CB00DF32D23,0,0,0,1,1,,,0
5C59D8599904559699BCF406D01EBFE4,1,0,0,1,2,0,0.0,1
94151C7D5EAE222036540C64BBC8AD9E,0,0,0,1,1,,,0
21B30AE758BA6C7E73FB9E0D139A21E6,0,0,1,1,1,7,7.0,1
D556B9114C77ABE46882A4C834307A53,2,2,0,1,1,,,0
F3F1C15581210A90DBF2CE41BD8DE139,0,0,0,1,1,,,0
850924D53849BF4AE201472A5D99A4EF,0,0,1,1,1,21,21.0,1
BCBFBC1CAB6A1C8FB6A443268548C35B,0,0,0,1,1,,,0
5F99FAB2A6750F6391E248AF619389AA,0,0,0,1,1,,,0
E257276F0588FCD48CDBB90133C335E2,0,0,0,1,1,,,0
B8CDEAEA0DFEB9F6BBE3C0064F09F487,0,0,0,1,1,,,0
6CF9555F887B611585653890F37F5CF6,0,0,0,1,1,,,0
53866E32BA0ABFD846772D4B7B9B5921,9,1,0,1,2,4,2.0,2
404F96BC2D4D75D1FC091EEF9EE52F93,0,0,0,1,1,,,0
DCB109F15C5BD8C4B02F84B6A3B7D242,0,0,0,1,1,,,0
09E3CDA2CDDE4036C1DB9C5A61266AA7,0,0,0,1,1,,,0
8A315264BC7C1FAA87051112FD46F3D4,0,0,0,1,2,0,0.0,1
A8410038474DBDEEA7E94FE4E83C8984,0,0,0,1,1,,,0
4E246E12AC481377A56103BFDA4AEEEF,0,0,0,1,1,,,0
723D2711F54CF331288DDE633017A745,0,0,0,1,1,,,0
ABDD4C24CBE6C1FD41A78CDB476406DC,0,0,0,1,1,,,0
C6099401764D6B1AA87396939E3F2A71,0,0,0,1,2,3,2.0,4
2E54DEA47E2FEDE687BCBB1C4C797023,0,0,0,1,1,,,0
BE16FF7FC44EBB2C18B28114FEDD894A,0,0,0,1,1,,,0
A24BE32557991950C3D4D76FF17F5DFF,0,0,1,1,2,21,5.2,5
D4E5F3E52BAA8B36A2CE113D26758A33,0,0,1,1,1,21,21.0,1
4E082BBA23503F6DE2C251B0AC6A31A3,0,0,0,1,1,,,0
8D73A60806B4AA8B6C1559892F474786,0,0,0,1,1,,,0
7FA778C27A7CD840454FC893B8200200,0,0,1,1,1,16,16.0,1
B1E13FEA498D83826A1FE38A1AD92B37,0,0,0,1,1,,,0
BA8A6FD523D3003991CA8EB1F575A280,0,0,0,1,1,,,0
F7D09AFD89AFEA294B430C83737224A8,0,0,0,1,1,,,0
65ECF2D5F4B319A8DC6552E0EEFB9758,2,0,0,1,1,,,0
1AD44ED4D2D182D1D26513A3E5DFCB4F,0,0,0,1,1,,,0
694D7924F1831BEFC1F95C7FA6DAA163,1,0,1,1,1,21,21.0,1
BCB7ADD0B699E763A1324C46695E6F34,0,0,1,1,1,21,21.0,1
6363AD51AD581F7F3BA59CDDD21DB024,0,0,1,2,2,21,21.0,1
F9231C977F262065AFA5F376C746E0ED,2,3,1,2,2,21,21.0,1
CF092C279C3407DD69A44008D7511A2E,0,1,1,2,2,18,18.0,1
65A2FB302E0C84CD0EF594764B12B356,0,2,1,2,3,21,7.333333333333333,3
23A385FFD794B70BEAC80DEC78A4D6D9,0,1,1,2,2,21,21.0,1
DD695F4DCB9694F4E026B78E17BD7945,0,0,0,2,1,,,0
62440E2EC0A24E9FB2CF09E230FFDEC4,0,1,2,2,2,21,21.0,2
3F60C23A9CC824C3BE265C4968417093,0,0,0,2,2,,,0
5B676202268516B467A71617A1C83CD6,0,2,2,2,2,18,17.5,2
937DEC758815AB88CD3FDE404009879D,0,1,1,2,2,21,21.0,1
95A027EBCEE3333EB5863CA1E97BCE20,0,1,1,2,2,21,21.0,1
83AC0CDAB34863426BB2CE5AB0A4F02B,0,1,1,2,2,17,17.0,1
37A3C46088E501AB87767546AA7AF421,0,1,1,2,2,21,21.0,1
1CA5216B55152DE31E8C236E95CE7D50,0,0,2,2,3,21,12.0,3
D72DE09483AD7D6A0473CB0815C35951,3,3,1,2,2,16,16.0,1
9F6B20994FDF755E6C19B40D38E42BDA,0,1,1,2,2,21,21.0,1
D8A3FB65349D7DC9D73D39B1E473782F,0,1,1,2,2,19,19.0,1
28E44B5D5095EF494073AC47353F64C9,0,2,2,2,2,19,14.5,2
06E860725EBA5AC36346CB0C961AC6EC,0,1,1,2,3,21,11.5,2
89069E9256BC740F91BBE4839FFE698B,0,1,1,2,2,21,21.0,1
C2CA984F82805D1BE2DF939122F9924E,0,0,1,2,2,19,19.0,1
747538074CEC9FE551F488F3E47F9FD9,3,2,2,2,2,21,21.0,2
5FC527F78605EE99044FB10929B1A547,2,3,2,2,2,21,19.0,2
80C6CD273ABFDA169B95411AC29FC8D3,0,1,1,2,2,20,20.0,1
8D76B80E2CCAE0EDD0F2D50D1ABCC0B3,0,1,2,2,2,21,16.0,2
A55D4E8EC90FF07D0489BD37D4AEE69D,0,1,2,2,2,21,16.5,2
72CFF82A654325847A21759536D97336,0,2,2,2,2,21,21.0,2
461ED15685A45FB403394E9A91F729A6,0,1,1,2,2,21,21.0,1
BB9C8E1C7042DE8D95E4D832AA00E525,0,2,1,2,3,21,10.5,2
576E6FE650FF5035987626A38AAB6AF2,0,1,1,2,2,21,21.0,1
0C68DB4121FA4DA0A82C6D6406E8CBE6,0,0,2,2,3,21,10.666666666666666,3
F0D6388DD41B3D262F73EF05C790073A,0,2,2,2,2,21,21.0,2
EAED910DB082A91645E89F7B0970B129,0,1,1,2,2,21,21.0,1
50EA79F18D71071A63A27AA59A453D6E,0,0,2,2,2,21,11.5,2
A7DDB215574485B9529CBE8CF14EF183,0,1,1,2,2,21,21.0,1
BFE9BD2764E2661EBAC8EC1146812A62,4,5,1,2,2,14,14.0,1
CF8F91E78DE1AB9EC8865DA0EF7C18AF,0,1,1,2,2,21,21.0,1
58ADB0EF380D27E479B336C9FB293D28,0,0,1,2,2,21,21.0,1
F183D1950EDA9E115C8C05A84E42EA62,0,1,1,2,2,21,21.0,1
988E20C1031C6FA5301C7D2FBD90A4BF,0,1,1,2,2,17,17.0,1
73AC7ECB12813FB1647F11D788F3E30A,1,3,2,2,2,21,21.0,2
13B53755195B2ECBBAC9596BE166D906,0,1,1,2,2,21,21.0,1
50D8D93B8BCD7D3954135274570F3400,0,1,1,2,2,20,20.0,1
908D6EB0646A0411AB2B0D6DB73A241F,2,0,1,2,3,21,10.5,2
4ED374B9B92A519B1EDB27CA90DE1FCE,0,0,1,2,2,21,21.0,1
4B44B78D8D8D507D918890F2B26E20E9,0,1,1,2,2,16,16.0,1
EC8265F573C82B919B7336B1AF63E3ED,2,3,1,2,3,21,10.5,2
37D57CC60DE90C354F1345D8379A845E,0,1,1,2,2,18,18.0,1
4F5874E120901483663EFE43CC56A87A,0,1,1,2,2,21,21.0,1
AC14799A5E8C340D6CADCBAE72037D81,0,1,1,2,3,21,11.5,2
F5B3C520B6C16AEF201A60393DD5AE91,0,1,1,2,2,21,21.0,1
E8EF9920D6437CA7E5AEAF580FFBD26D,0,3,3,2,2,21,21.0,3
5BFDC0426DE9C09CA5FF18E4982F2506,0,1,1,2,2,21,21.0,1
E50460D3EAEB1613CDEB229A712F5864,0,1,1,2,2,21,21.0,1
C91B4AEF85C259439D264D0CE800E6B0,0,1,1,2,2,16,16.0,1
CAF520AB0C23BCE70BA0854832368591,0,1,1,2,2,16,16.0,1
CF7EBCBE6440F540C69EED917FFE5345,2,4,2,2,2,17,16.0,2
FA0DE2EF57C08C0F1E4722BEA3B747EA,0,1,1,2,2,21,21.0,1
4A9684AFE6827E14BB7C9DB72251F4CA,0,0,1,2,2,15,15.0,1
5DCCE9BE91074A0EAC39594D7E1EA30F,4,3,1,2,3,21,6.75,4
54F72BBEEF3F1BF140ACAC01C27C457A,0,0,0,2,2,,,0
1D812B50963340FA4DD4EDA79FBF412F,0,0,0,2,2,,,0
875A6901B633D21352CDE560EE3DA656,0,1,1,2,2,14,14.0,1
3EBDD6F7B6591A3C86A571852D3E7338,0,1,1,2,2,16,16.0,1
AEA1F6A2CF2C0FA66DC73386799DFF61,0,0,1,2,2,21,21.0,1
463E8A7250094131F8EEBD495659007B,3,0,2,2,2,21,16.5,2
796209E82B1E94B73C7B45E25A86C039,1,1,1,2,3,21,10.5,2
1E4AEC3626FA2D8DA2522810B11A0278,0,1,1,2,2,21,21.0,1
14811D9D29E86F3AD408F1AAD953DC60,0,0,3,2,2,21,20.333333333333332,3
17CCC6417A528996BFB7D538189F62F1,1,3,1,2,3,21,4.6000000000000005,5
C752FC449B20CE5CA3BE3DD5197D7CAF,2,3,2,2,2,20,17.0,2
B5AD6569D99E82C2EE44E38C3487F49D,0,1,1,2,2,21,21.0,1
03546CF44D99271301F518C2D8119543,0,1,1,2,2,21,21.0,1
ADD0757874A418957AAA60903AA5F62D,1,0,1,2,3,21,6.5,4
551B893D34A2A59971B8FF185C1CD0C8,0,1,1,2,2,21,21.0,1
B9D800D33FDCF7AF2157CB66910A0797,0,1,1,2,2,21,21.0,1
DAD134C77F7E09BC552E290534CB90E8,0,1,1,2,2,21,21.0,1
66788E34B6E292DE03B1B54E797CADBF,0,1,1,2,2,16,16.0,1
0DCD6B00CAB93941AA5EB18DE8C053EE,0,1,1,2,2,21,21.0,1
E895B73C574D64F0B5869318DD022053,0,1,1,2,2,15,15.0,1
8EDDA1DF0A706C454685D6F1412A9A24,0,0,2,2,3,21,11.333333333333334,3
20D0FD31D501D49BF13B3F598B21B7D0,0,1,1,2,2,17,17.0,1
91BC222EBCFB227AE0A73299AF2284F1,0,0,1,2,2,18,18.0,1
C6928D8A0DAE782911786BF2C5614279,0,1,1,2,2,21,21.0,1
2344AFC9EF64F71D5500B8390FD997C6,0,1,1,2,2,21,21.0,1
510CE1BA524C33E6D5667411B86F00BF,0,1,1,2,2,21,21.0,1
8D2A2793A6480E23435FA5DCEAF8ADE8,0,1,1,2,2,16,16.0,1
9B408170A32D0F2968CAD490F3A0A394,0,1,1,2,2,21,21.0,1
A02092FDB686DDBB00C4DB984C2333C0,4,5,1,2,2,21,21.0,1
37B003197370E8FB7DA7A2FA4ED09427,0,5,5,2,2,21,20.2,5
5EA849B2BCAC680E6B90FF25F358723D,0,1,1,2,2,21,21.0,1
2C8294A0EF5FF73A6C43819F67D450F4,0,1,1,2,2,20,20.0,1
47CEECC477E37BBFF85825843B6FEAB1,0,1,1,2,2,18,18.0,1
0483B422C1E40D850B1D35F732DDEBFF,0,1,1,2,2,21,21.0,1
BF4300C9D037DE73C46D3E9165969A10,3,2,1,2,2,21,21.0,1
6C474EB2BBEFEC76D9768E9943BD8ABE,0,1,0,2,2,1,1.0,1
63B75A9443CF373FEFFB1D5D628A10AB,0,1,1,2,2,21,21.0,1
E3DC42160E4691F876D10A397600A05E,0,1,1,2,2,21,21.0,1
1DBCC601E562D991D4B4A7D73207ED9D,0,1,1,2,2,21,21.0,1
70D2F634EB46DA3061AADBA078ADF7E9,0,1,1,2,2,21,21.0,1
337A3F347AE32CE90A631DF3028500A5,0,1,1,2,2,17,17.0,1
07D1A24DC2164260EEA5FB510C491431,0,1,1,2,2,21,21.0,1
A070CCB06DE90B72F374E9CB7EE77CA1,0,1,1,2,2,21,21.0,1
9363A38E5FC20BCF0E0A9F6D0EAF0E25,0,1,1,2,2,21,21.0,1
90BFDD123E310B0E198CD12D14E6572E,0,0,2,2,2,21,19.0,2
9B4BBA3AB1458F2D5F242F66F668F497,0,0,1,2,2,21,21.0,1
EBF25E53B6A300972214A8868E70F379,0,1,0,2,1,,,0
EEB0505F178AA612B26B78143CDF7C09,0,1,1,2,2,21,21.0,1
5FD7F0AF867C33B937403C93158D2150,0,1,1,2,2,20,20.0,1
40972A87661D837BA8B80C3EF122FDD9,2,2,1,2,2,21,21.0,1
BE843AE985DB519DF7B2802013EA7FAA,23,3,2,2,2,21,13.0,2
FA9072B5D545036DE2A04C8C0436CDE5,0,1,1,2,2,20,20.0,1
32C1FC06D7CEB6F161FC2EE0EE8744E8,0,1,1,2,2,21,21.0,1
28AEB934872EB727F66ED2FC4789816E,0,1,1,2,2,21,21.0,1
5788A16A3FF89DFC642034165C8932D8,0,1,1,2,2,18,18.0,1
64E6AACCD7CC8E661547A0AFFA2F8131,0,2,3,2,2,21,18.333333333333332,3
A2B5E21E449AB673D5C27C796B292FEC,0,1,1,2,2,21,21.0,1
626BB03EF982B33F94E9A306A6168530,1,2,1,2,2,21,21.0,1
9AAAE2A96BA29B283C25AA62182ECA9D,0,1,1,2,2,21,21.0,1
BC72E6EC71D0116A4F9B1C4ADE02DA20,2,3,1,2,2,21,21.0,1
9ECDA81D5B5E97747B4AA89296AF6126,1,2,1,2,2,21,21.0,1
BF9E489CE8004DC804FC09444669C858,0,1,1,2,2,21,21.0,1
F5AA12B1E19AD1665537A6BBE3FD676B,0,1,1,2,2,21,21.0,1
5BD4B4EFC3830BA2054984E72BC1058F,0,1,1,2,2,21,21.0,1
79A80F87E604F93AE1AE3281A1692495,0,1,1,2,2,21,21.0,1
61814C6B80D24FFDE5FEB59D61FD5B1C,1,2,1,2,2,10,10.0,1
1EAD8B59DEC54D9202E7A3C58BF31A84,1,2,1,2,2,13,13.0,1
1815C30B91D87CE6D9E06452AE694620,0,1,1,2,2,21,21.0,1
7E061A2015FD06DA5253F44B1492F82C,2,3,1,2,2,14,14.0,1
DB8E1187DDC1B1EA10231A3F0739CCC6,0,1,1,2,2,21,21.0,1
C28DDEEF3DB6AE313D008F22AAFFFAD8,3,4,1,2,2,21,21.0,1
674130E41A47881E8DC3961B233C895B,0,0,1,2,2,12,12.0,1
C576922AC96E60240D148752D36BF34C,0,2,2,2,2,21,21.0,2
4C8DDCE9EC914EA21FBFF27A069D5E71,2,3,1,2,2,18,18.0,1
3AC8672A9D3E74108AEEA08B26D9DEC2,2,0,1,2,2,21,21.0,1
D0D476CA1660A598CBF9E0B6946E031D,0,1,1,2,2,21,21.0,1
A976A39B8E08829A5BC5CD3827C942A2,0,1,1,2,3,21,2.634146341463415,41
0061B4B16D4EABF6E23141FBAEEFE7B2,0,1,1,2,2,21,21.0,1
514D74E7070C74CC5477E21AD4BF83FC,0,1,1,2,2,16,16.0,1
4258C93DFECB87785C47C00404908412,0,1,1,2,2,21,21.0,1
CD1D906FB130FF55A227F2DE79F0C15A,2,3,1,2,2,17,17.0,1
A100243833A4A2AC7041C41B4807F961,0,0,1,2,2,13,13.0,1
D744C3C96CC0E370DB6994F28C1B03EC,0,2,2,2,2,21,18.0,2
9598D7469CFA9550D6CCA6C48E05895B,36,1,1,2,2,10,10.0,1
E5B46EF4557F636F947C8F3398E68551,1,1,1,2,3,20,10.0,2
C5811F52F3FCFCEA6C57EA9770BF4209,0,1,1,2,2,21,21.0,1
6D6DFE56F10EFA7F2D6395C4C3FEEE72,0,1,1,2,2,21,21.0,1
7CC3E48F863D45B2DD78029A7D200FC3,0,1,1,2,2,21,21.0,1
77D5FF20DF909CDD790ED52FC94AF7BD,0,0,1,2,3,21,7.666666666666666,3
BECAE3B757D93900084EF7404D609D4E,0,1,1,2,2,21,21.0,1
A161D33D29F8E607E3D4AD6314CA30BE,0,1,0,2,2,,,0
53C1B5940D0CD7993E09D41E3E5E3A31,0,1,2,2,2,21,16.5,2
EDAE93B271F232CF885169007A7B3CB8,16,0,0,2,2,,,0
20A11070867F5172E7311758D1880C91,0,0,0,2,1,,,0
FA0EA6658C901A2B7B9217DFE84D42E7,0,1,1,2,2,15,15.0,1
A677442E9D284590F976180D77E3DE84,0,2,2,2,2,21,19.0,2
7812F3A9DA27FABC642D740873E9832E,0,1,1,2,2,19,19.0,1
E19F04BAB15FBA761833F71BCF5D97D3,0,1,1,2,2,17,17.0,1
B4D11E4EF84093E985E1938CC1ED8F6C,0,2,2,2,2,21,19.5,2
609EBCD3BB9E9FAA642287CA2A2BDDCB,2,1,1,2,2,21,21.0,1
B1FE899BA05B7808B5535F23BB866E3C,0,0,1,2,2,17,17.0,1
8ABE795235A1683E4D5156137B6A0E8D,0,1,1,2,2,18,18.0,1
146B1C215275774027FAEF96E5AA3713,0,0,1,2,2,21,21.0,1
E30E8756808AB219B28276F129C51552,0,1,1,2,2,21,21.0,1
130C423896FDF134ABA8F275D4664B96,0,2,3,2,2,21,15.666666666666666,3
B2BC6242B2C7D226422B758664BF064E,0,1,1,2,2,21,21.0,1
75953CE66AC2140FD48AA21EB6E5AB13,0,0,1,2,2,21,21.0,1
89E4F685DF983A177EAE221134468F95,0,2,1,2,3,21,7.2,5
3B2F510266EE4C430F9105E6D77F9084,1,2,1,2,2,21,21.0,1
F532CB105ACD0EDDB0F789A06F6D7076,0,0,2,2,2,20,19.0,2
AA287C3266DB6069B75DCBB51006D808,0,1,1,2,2,21,21.0,1
7A2F2D5700419C320E18E9D366A2C6B7,0,1,1,2,2,21,21.0,1
717B5FE4BAD7E3CDA39EC29D0ACA13C8,0,1,1,2,2,21,21.0,1
66AFD4A2B8BC073FC2021F5C42CC7C86,0,1,1,2,2,21,21.0,1
1BBCF13621604F9F41279EFCD701AB07,0,1,1,2,2,21,21.0,1
B7684E7147F9608E1B0F0526FF0315A2,0,1,1,2,2,21,21.0,1
04EF01C1F4723249F90F920DF018F16C,0,0,3,2,2,21,7.666666666666667,3
6722ACD286AC0F5CA22E745302CAEB89,3,3,1,2,2,15,15.0,1
8F9C8753ED258C5A0450118FC6B2EA6A,13,9,1,2,3,21,1.7058823529411766,17
B6B0F4BBC09D5060440F7E798F85118D,0,1,1,2,2,21,21.0,1
3F364BA6DAAB9F399A47D66C32E06060,0,1,1,2,2,21,21.0,1
814DC12FDC4A62A4A0CDCF837F04CB17,0,1,1,2,2,21,21.0,1
96AA1DC2FBAC40566A2B90E131F3ABE1,0,1,1,2,2,21,21.0,1
F89FB7FA61F2B6CAA3679E739CAB2477,0,1,1,2,2,21,21.0,1
32BB0517B25570ED5C7B780E6B5B63A5,0,1,1,2,2,19,19.0,1
8E68D3D802E39F996CD4B6CF78EC23C5,0,1,1,2,2,21,21.0,1
CFA10DA7945C3E1801DD4CA479474A96,0,1,1,2,2,14,14.0,1
0DE4EBCE44333B05234A4C1788886EEB,1,0,2,2,2,21,16.5,2
099B96DE363931D9A44264ABDABC5854,0,0,1,2,2,21,21.0,1
6AE4C2E59BEAD8C97D0CE344CA7A1AE5,0,1,1,2,2,21,21.0,1
98DAE39C81EE21654D2AB4D4DE822B03,0,1,1,2,2,21,21.0,1
B0DB31EA200264874ABC4F60BB72BA6E,1,1,1,2,2,15,15.0,1
B108145758BBB6A7B69869E2E4EB9203,0,1,1,2,2,21,21.0,1
EE3313A88EB65A1E860A49A8EA0EE165,0,0,1,2,2,21,21.0,1
5EE589061E18FF6E502E31916D42B638,3,2,1,2,2,21,21.0,1
611EB5EF1A47091A14D6B721F9AF3B82,0,1,1,2,2,21,21.0,1
504ED77548EDD05418C0C336DCDB64CE,0,1,1,2,2,21,21.0,1
1F0F7898A5CFCF4487F7A550FF382C0F,1,2,1,2,2,21,21.0,1
B79FEE3597E3C4A3B5A38FE33B684341,0,1,1,2,2,21,21.0,1
0E3E6936E3AC681876BC1DD6ABE7E937,2,0,2,2,3,21,8.0,4
177C0BEFFC69408F88D3377632F1BB60,0,1,1,2,2,21,21.0,1
A5302213F1605BE400E8AA34992B18A8,1,2,1,2,2,19,19.0,1
A1A9A8FC9138E7F9B568176AA7091F2D,0,1,1,2,2,21,21.0,1
24B74996895DBBFE033044C0D0088766,1,2,1,2,2,21,21.0,1
E7807570E39D6647CFAC88FDC2A6128A,0,0,2,2,3,21,11.0,3
76515A5A5DDB817C3CF49F1FCFA4D733,0,0,0,2,1,,,0
68774A17601A1EFFC38C53ED3CB4FF6C,1,0,1,2,3,21,10.5,2
2B22D72F625F968E0AC0C0EFC63DE229,0,0,1,2,2,21,21.0,1
8165B8A88DB3120D9C73A19779230F2A,0,1,1,2,2,13,13.0,1
85CF6E4B151AFD463B17331BEB732430,0,1,1,2,2,15,15.0,1
ACC9710DAD24A644E2F9360C67EB9110,3,3,2,2,2,21,15.5,2
1808658733660F3EC33CDCC3EC995394,0,1,1,2,2,21,21.0,1
257774E79E4827F63414C62DD5C64DE9,1,2,1,2,2,21,21.0,1
3FA72C470C2EB0F8797AF22DAC9FED49,0,1,1,2,2,21,21.0,1
3ABBB04D95045C9DC870049AA9774FA5,0,1,1,2,2,17,17.0,1
2125F29DF2FE82287BD647D543D652FC,0,0,1,2,2,21,21.0,1
AB5E4A93E331EFF2410A9AEA19AD3C88,1,1,1,2,2,17,17.0,1
BFFA8383DFA03EB4C8A9DDCE54DD6255,3,0,2,2,3,17,5.250000000000001,8
C396673C7AE50F8C274D1A525952621D,1,1,1,2,2,21,21.0,1
1549B246CC2E5336466E091CE6EBC892,18,0,0,2,2,,,0
10CD441F79B53D8F7E281C38ACBEE2C3,2,3,1,2,2,21,21.0,1
11D4615E14683D7EEF92EDD47D302F09,0,0,0,2,1,,,0
4BE56484BCED8D482626223F001B8CA7,1,0,1,2,2,21,21.0,1
84B38C413A7F3C683BCC6CBCCA246FBE,0,0,1,2,2,21,21.0,1
693EB525C74694F2E6990CA738F5E5D5,0,1,1,2,2,21,21.0,1
32D1ACAF6ED5605FA1C7488FE7AB5023,0,1,1,2,2,21,21.0,1
5DB4BEE5E42B0B4090B5EC05F6C9EFE9,0,1,1,2,2,18,18.0,1
A962A7A1BCF4047FDA782025675F746A,2,0,0,2,2,,,0
8451D765F2E54409DF18BBAF23B0A500,0,0,0,2,1,,,0
011068A78F16C35DE89A649B12D640DA,0,1,1,2,2,21,21.0,1
083FD14A74166E944901279BE6BF56E6,0,2,1,2,3,21,15.0,2
CA7898B734DBAB1A53FEB4B8379D4EC3,0,1,1,2,2,21,21.0,1
9E2D0B40AD908AA9A4AC10C1753215AA,1,2,1,2,2,16,16.0,1
25383A20AD94F12A0E73574F7E192409,1,2,1,2,2,21,21.0,1
1BE22595EEE9E8C6CA569DB24E5302B2,0,1,2,2,2,18,10.0,2
E5C178D4BFF3620219044DB9157DA94E,0,2,1,2,3,21,5.6,5
438155305E11A95AA0A624FB3EE8BAB6,0,0,0,2,1,,,0
C659A5D6C3237809D9B76BD6F15D84BC,0,1,1,2,2,20,20.0,1
FFCB4862EE1A6728952D4B43A8005EB5,0,1,1,2,2,18,18.0,1
134F8C7E3BF950807BC8AEB77F76F167,0,1,1,2,2,21,21.0,1
A2616A0876190B8C349DE35A9AF631B9,1,0,0,2,2,2,1.0,2
62E7B9088F79A20CADFD49569BA58056,0,1,1,2,2,16,16.0,1
3BCBDE9AE51D4CC529190EF2C7AD0AEF,0,1,1,2,2,21,21.0,1
4B12ACD507A3752A8CD17C7824BF3851,2,0,1,2,3,21,10.5,2
21C8516D8DA71E5746CE3C9F1CF61C32,1,2,1,2,2,18,18.0,1
8AC6BADC0BF6E2030006F5C981311584,0,1,1,2,2,21,21.0,1
CE264AB9D445FF50DA23D24496D50865,0,1,1,2,2,21,21.0,1
027BB047D6496E6D274AF1380FCF13CF,0,1,1,2,2,21,21.0,1
744567DCBDD5AACE58EA12FAFB3FC95F,0,1,1,2,2,21,21.0,1
A7642D8075588A1BE483081F553C97DF,16,2,2,2,2,21,21.0,2
FCFD916504325E3E9B720DE4B34E10DD,0,1,1,2,2,21,21.0,1
CA37F774EBF501D06CF14866877A2EA3,0,1,1,2,2,17,17.0,1
0BAF522ECC60142249DB9D277C9C471C,1,0,0,2,2,,,0
4706B1DFC3945AAB8B7A170E91F45A53,1,0,0,2,2,,,0
3A4F5028A0CA512C0E2CCA1F36CE160D,0,0,1,2,2,18,18.0,1
C0FEA1FEDD1E408DCB2DF84A471AD280,0,1,1,2,2,21,21.0,1
93D5DF30DC509863B8918BB7F73E0BC5,0,1,1,2,2,21,21.0,1
BC064795B00FD9555A89CF78BEF9091A,0,1,1,2,2,21,21.0,1
9BC988D6503F463323AD99E9C859CB83,0,0,0,2,1,,,0
837DA3BC7F14F77F8FC1402099FE43F4,1,2,1,2,2,21,21.0,1
D849FB573A9B61AD00A57DAD01821DFE,0,1,1,2,2,20,20.0,1
9D850AC692F181FAF8041F7C565C42AD,3,3,1,2,3,19,10.5,2
5110D174E1BB8A7B1D364A9061FFA15B,0,1,1,2,2,21,21.0,1
FDA2FB709A03485AF15E290269AE6A83,0,1,1,2,2,21,21.0,1
99102A5913030C7A0191F37F71BD00BC,0,0,3,2,2,21,14.0,3
DF580CA44730C9A892FBAB19B7358209,0,1,1,2,2,21,21.0,1
07A99B74B4D496F6BAFF9945E0A77245,3,0,1,2,2,21,21.0,1
C2C63C13ABABCABF76D52E91E64B44D2,0,2,2,2,2,21,18.0,2
37FF02FE37FC09B92A825B94447AE16D,0,1,1,2,2,21,21.0,1
75711C3113A09A2976DAA5A0D8C3E84D,0,1,1,2,2,15,15.0,1
CCD317C2822E5DF44EA6A59CB72E78A0,0,1,1,2,2,21,21.0,1
234B4595798B16D4B0752F33A76CBA1B,0,1,2,2,2,21,15.0,2
673C6607EE4AD5848948BE88E550D630,0,1,1,2,2,21,21.0,1
A77FFAEE0FD822CD7F387ADA352EDB12,0,1,0,2,2,,,0
688C1F640EFE5747507270CA7363EC0D,0,1,1,2,2,21,21.0,1
C8C37FE99773C84625B1569515B491F2,1,3,2,2,2,21,21.0,2
C511F57974EDE5FE7CFB6E3EFD67D960,0,1,1,2,2,21,21.0,1
9D3DCEDA84FCB94FD92EDDA0DCE121C3,1,2,1,2,2,13,13.0,1
5A66BC427F25EFFDFEDED4A07D8F9F91,0,1,1,2,2,21,21.0,1
A305B55D5049F38F5139DA95B3DCE247,0,1,1,2,2,19,19.0,1
9E25C5FED0F3F775FBB2A5C76DD0511C,0,1,1,2,2,11,11.0,1
A1959F7082D82015768E43409DC15E50,0,0,1,2,2,21,21.0,1
EA34B5F3FEA18CB5999F1C156ABECC13,0,1,1,2,2,20,20.0,1
6B743763D2790D33F26AFB5618307222,0,1,1,2,2,21,21.0,1
725BBF78CC7F167705D334B4FC848508,0,1,3,2,3,21,6.444444444444444,9
85B9BAA3105AD395E7D84C61108F0D7E,0,2,2,2,2,17,16.5,2
8AA2F0B828B18842CA7AE7B76D20A3CF,0,1,1,2,2,21,21.0,1
499D2829438BE946DBF956830C1B6F3C,0,1,1,2,2,21,21.0,1
93DA73B120BE64477ED6F5EDB6D014DB,0,0,1,2,2,17,17.0,1
4515CFE284B0622651F14BBC2E8EF808,0,1,1,2,2,20,20.0,1
F672052AB826AE5FAF605902FEDE8DEE,0,1,1,2,2,21,21.0,1
90EF405F5D9151A5DE83569BB7E7126C,0,1,1,2,2,18,18.0,1
4481436304506E0159F4CC6470B259B4,0,1,1,2,2,12,12.0,1
DABD5F8DD42B23039CE6055C9C93E50F,0,1,1,2,2,21,21.0,1
DDF4E5E491C70D357A54656268C46DA9,0,1,1,2,2,21,21.0,1
51C443BF08E769EFAA29B66E91C4F946,0,0,1,2,2,21,21.0,1
242B37810A135CF0A8CA54D6B21D3250,0,1,1,2,2,21,21.0,1
D6C490619341122FCBC6E45E8CCA6740,0,0,0,2,1,,,0
EA5907924EF10ECB8AE8AD017E53B0E9,0,1,1,2,2,21,21.0,1
331649413C4805886B190709AB46B66B,0,0,2,2,2,21,21.0,2
35CF08DA631AC27582D6A0FE710131F7,6,6,1,2,3,21,4.6,5
B891FB3B934244C19C73ADD9883B509D,0,1,1,2,2,21,21.0,1
76632219C629CAC04FA90E22A4F2AE64,1,2,1,2,2,19,19.0,1
A8BB996E09D55433B1F57CE431B3A7FE,0,1,1,2,2,21,21.0,1
69657C3E0E0234BDB375D05F576B9921,0,1,1,2,2,18,18.0,1
65E82DDE9E359FD49711C00E1B4AABBC,0,1,1,2,2,18,18.0,1
F00F1E006770842CC139749CBA8E9451,0,1,1,2,2,16,16.0,1
89D57EAF8F7A4FF245A227FEE9AE9459,0,1,1,2,2,21,21.0,1
E2D541163121B35C342178FDA98CD3DC,0,1,1,2,2,21,21.0,1
F0DDF083423215EAC2148F4E94ADFCA8,2,1,2,2,3,21,7.2,5
4A8D4276A1EBBD17E6CB7EE30FE71CC2,0,2,3,2,2,21,20.333333333333332,3
C13B525407D557296763616356BBCAB5,0,1,2,2,2,20,14.0,2
BFE1012C78D7737AF5B5F8029419AF1F,0,1,1,2,2,21,21.0,1
83EFC46E4DDEABCABD11F72FF4841A5E,0,1,1,2,2,21,21.0,1
B691081A30CAB743B42EFF9E11AD7E1F,1,2,1,2,2,21,21.0,1
52CA2B9D0999E660D187E3FF8CC7678E,1,2,1,2,2,21,21.0,1
954CDF14F7D8C4EA49D96FCBF18CAEA8,0,1,1,2,2,21,21.0,1
8C39710950BB3B4B85684766405792FA,0,1,1,2,2,20,20.0,1
92C10D83032CE96D9C772D9A529C7E34,1,3,2,2,2,21,21.0,2
D10B1A380359887542A49D51B3841952,1,1,1,2,2,18,18.0,1
335156392A0F885ACF5A91CE029E159D,0,1,1,2,2,17,17.0,1
33E8B12FD99A752C7586B94FF0F8C349,1,2,1,2,2,21,21.0,1
477FA30F5CCB727AB2E9DDA8E74DB00D,0,0,0,2,1,,,0
7C40A0217A53A3B38606B160C9444366,0,2,2,2,2,21,18.0,2
A570AE92F13C8E94B13A51478BF96B1B,0,1,1,2,2,21,21.0,1
029EBD2B01A3857606BBCCC1AF8992D4,0,1,1,2,2,19,19.0,1
ECCE001A6DA43639E5F20314BFA64447,0,1,1,2,2,20,20.0,1
6753E2A2009627BE49FA92546F5AB5DF,0,1,1,2,2,15,15.0,1
C173C4340BD097BCB5FF94ABA9C2F0A9,0,1,1,2,2,19,19.0,1
9991D4763C564343D9B899E4BEA9D4F8,0,1,1,2,2,19,19.0,1
888D1C6E8DD15927E6DF8103110472C4,0,1,1,2,2,19,19.0,1
0CCC9C71BC84C8B2503B9EE93191D263,0,1,1,2,2,21,21.0,1
4195D74948718FD945D63DEC2992E09B,0,2,2,2,2,17,17.0,2
8CD1C44A6F041A965C4645CC9DAB8797,0,2,2,2,2,21,21.0,2
88CE6B580698B1629E831342E186DD0C,0,1,1,2,3,21,12.5,2
C147F6A864F23A881E38093C41DC1070,0,1,1,2,2,19,19.0,1
A2BA4DC59DE828E7FA1A3D2746162D86,0,0,0,2,1,,,0
7F66A1BC5980819BC227A173BF506D68,0,1,1,2,2,17,17.0,1
1CE19ED5366D09B6A3E9CCD4AA475B85,2,5,1,2,3,21,2.909090909090909,11
27458870652D57B3D0B5F1586BDC3E63,0,1,1,2,2,21,21.0,1
FF257495DF0D60A5DBC46AAE6F78308B,0,1,1,2,2,21,21.0,1
64E3BBB507EEFDE76364031EADF502F4,0,1,1,2,2,21,21.0,1
C7BD1BBC4F5AEECAC864DB28F257FF03,2,2,1,2,2,21,21.0,1
6B181883ECA17021A2795EF8234D3D91,1,0,1,2,2,21,21.0,1
D16FE5B61B4FBE025987B596C9D52348,0,1,1,2,2,21,21.0,1
0A7AAC29C353686D279F1752D120A53F,5,1,2,2,3,21,8.0,4
2F5BD1921856273F7949A24ABB385A4D,0,0,1,2,2,17,17.0,1
B590F4E6B052E5C92FCB783823691317,0,1,1,2,2,21,21.0,1
1AE6C4E5DFF6715503FC7C79A7C0C363,0,1,1,2,2,18,18.0,1
95B822BEFE16968B26474ECD045F731D,0,0,1,2,2,18,18.0,1
1ECD503B688B839F8A195D711D214DAA,0,1,1,2,3,19,8.0,3
52B07E869C01CE684AD503F8F9445125,0,1,1,2,2,20,20.0,1
D9BAF94D5A6C5B5F23C8C9008F5704D1,9,11,1,2,3,18,2.6666666666666665,15
DD17202A1AA5C3250E15ECF69A6FC073,0,1,1,2,2,21,21.0,1
3B741C8F7A1A1854A090F62E3FE117BE,0,1,1,2,2,21,21.0,1
5775DC7050F1E3C015506989D7D8976D,0,1,1,2,2,21,21.0,1
C1C41F475F12D897EBB7CCD3A16729F2,0,1,1,2,2,21,21.0,1
7548882CCAE499A1BFC892A5F55DECAA,0,1,1,2,2,20,20.0,1
2A6418C893DC4180E73D0F1EB4E5562B,0,0,0,2,2,,,0
BBD99D8850F41DD900934E8A5859CEFA,27,1,1,2,3,21,2.1666666666666665,12
816B305B5D5F17BD29C0677AF5790C3F,0,1,1,2,2,19,19.0,1
EFBB2DE47B7E353F0B8C365BAC9E77F0,1,1,1,2,2,19,19.0,1
23B19473149E9A87C6ABACCA77984E70,4,1,0,2,2,,,0
C98FE4C10160A105798C65E6AA160974,0,1,1,2,2,21,21.0,1
9127DFE97E638774ED6C4547918BA162,0,1,1,2,2,21,21.0,1
824D686213A09439DBCCC406B0739558,1,2,1,2,2,21,21.0,1
AECA9B4BC6B44A39554EC6B0B3B365C0,0,0,0,2,1,,,0
707C0AFA81F8D488E330273B62D3C26F,0,1,1,2,2,17,17.0,1
B6610E585CDD175B0C442921E9643B74,0,1,1,2,2,21,21.0,1
189090032544C8B0BCF7E009A7F6C826,0,1,1,2,2,21,21.0,1
A500CDE6C4C77B19A10D57125E1B6010,0,1,1,2,2,20,20.0,1
18B75DE6050B93995ECCC72794B3BD38,2,1,1,2,2,13,13.0,1
7882AB6102FD2201CCAB33F876EB8ADB,0,1,1,2,2,21,21.0,1
2B38130AF309DC84605BF6658EC03470,0,1,1,2,2,17,17.0,1
39EF695D0747486FAE1BCABEC98EEEC0,0,1,1,2,2,21,21.0,1
CBF557F9E0A96E0FCC3AA3995CC3320F,0,1,1,2,2,21,21.0,1
492F7F04FA27A466D29C9C0FE7D0E843,0,1,1,2,2,20,20.0,1
6ACE5BAE10ED466414D55E135A3A4CBE,0,2,2,2,2,21,20.0,2
044E7E1D177B5D3065A6B2F7C05EC38C,0,1,0,2,2,,,0
DAC3C60A9BB7734F83F0C7478185AC4C,0,1,1,2,2,21,21.0,1
EDC0FC3AE68BF04109622ABBDB8F0171,0,1,1,2,2,17,17.0,1
0ADCAB98C7686603278BCDD71FE16CC8,8,2,1,2,2,21,21.0,1
55CA70077121BAB756139482239C7337,0,1,1,2,2,21,21.0,1
EA8800CC23E789060BAF8F66E10F6940,0,0,0,2,1,,,0
4DBEB5B9A21E6DBC6F52F17C4B761B4A,0,1,1,2,2,21,21.0,1
8FBA68B371BCD408B4E1CCD4A3ABE3D1,1,2,1,2,2,16,16.0,1
A8FE5F735DD08FE9C343F84F0ECD94A8,0,1,1,2,2,17,17.0,1
5F817154E971AB71D4794782B10C123E,0,1,1,2,2,21,21.0,1
681C624CA1F2D5B357213AF8CBD9A8E6,0,1,1,2,2,20,20.0,1
86FD44981AC5E1E744A44F2D34ABAC45,0,0,0,2,2,,,0
C2855DD102FDE21A3702927D6D341A13,0,1,1,2,2,21,21.0,1
5C7FB72A7CD89D7C56DCB2B71C91ECE9,0,1,1,2,2,21,21.0,1
D61E39534FB8155BB4009A5437EAC9EE,4,2,1,2,2,21,21.0,1
A944897CEB774B1BC2AFEA13A907B39E,0,0,1,2,2,21,21.0,1
7E48E529DD8F36846B02F6ACE460236F,0,1,1,2,2,21,21.0,1
24FB700D11A670AF3CABC52D75648B37,0,1,1,2,2,21,21.0,1
BA080D2B8FCE6B073BB3C0C82455A485,0,0,2,2,2,21,18.0,2
6D83B211112257C4EDC018E9081ABF35,0,1,1,2,2,21,21.0,1
C095B807B75252FCDEBC054289E4F89C,3,1,1,2,2,21,21.0,1
E1CA3A181B0EBFCF0E8DA26EBEF7DFC6,1,2,1,2,2,20,20.0,1
DA8D4305F41170A421D362E73F726754,0,1,1,2,2,21,21.0,1
C51C2D1651FFD1956541E126BD6B724E,0,1,1,2,2,21,21.0,1
97380FCE77BAB6B251B50DDE4ABD8F8A,0,1,1,2,2,21,21.0,1
8041E05E5422C53623460B04B135D134,2,3,1,2,2,16,16.0,1
4DF0974323ADE2EF172CFFD894C65B82,2,2,1,2,2,15,15.0,1
FEA816FC51362F4CCCBD617511B9336E,0,1,1,2,2,10,10.0,1
4A0A237C8AB244CE7449AF812EA5E641,0,1,1,2,2,21,21.0,1
7FF9CE7414991DD42EF2D273A676DFAB,3,0,2,2,2,21,15.0,2
DFD440E5A6ED9EB7BEE70013C9CB82DE,0,1,1,2,2,21,21.0,1
09BDD816257873A6FD3E231C5DE598D3,0,1,1,2,2,21,21.0,1
0280C8F16D33C9D040B9BDA8B74CAD3A,0,1,1,2,2,15,15.0,1
36EE4F03C639EC236E6BE9880B83ABAA,0,1,1,2,2,21,21.0,1
C9ADDD0F70E255FD7105712C43C3A45F,0,0,1,2,2,21,21.0,1
33A6FFD01037460698AC47C3B6722664,0,0,1,2,1,11,11.0,1
422C08B906E37449BA477CF1AAFE7BE5,3,2,1,2,2,21,21.0,1
6709A1FC02246FEFF8325C35049787D4,2,2,2,2,2,21,12.0,2
73AD4EE421086EBD382C4F97E2138DA1,0,1,1,2,2,17,17.0,1
D1C9E5CF7E31B0F8641712023BE269F5,2,2,1,2,2,21,21.0,1
23C13507FB762E84FC1E7C04EEF1A3BB,0,1,1,2,3,21,11.0,2
5203ECFB3629867CE18B271452D7F8E5,0,1,1,2,2,15,15.0,1
0C67D250019C3714C55CFCEB663544A4,0,1,1,2,2,18,18.0,1
E6DACB396AFBAD52C3AAA62AAAFED1B2,1,2,0,2,2,,,0
FD9D01F4150A114F2D9050908CBA78F9,0,1,1,2,2,21,21.0,1
FF2D6D2366E710D0FBF8BF00D2081ADF,0,1,1,2,2,21,21.0,1
8E919F2B4CEAAC6DA6531D62501CD480,1,2,1,2,2,17,17.0,1
3C871B56B2654F95B13DB5388E58DDF9,0,1,1,2,2,21,21.0,1
45028CA4ED6D9709B55F50CF82E88B3C,0,2,2,2,2,21,21.0,2
8AE61BC30F02ECB3AFC1B6DB91FFDC4B,0,1,1,2,2,15,15.0,1
160E90D8586EC5DBB391CDC4AE40218A,0,1,1,2,2,14,14.0,1
002D9F19C4713F59939F0E333AF8ED83,2,0,1,2,2,21,21.0,1
A6CEB2FD671C2B70FB1333181046029D,0,0,1,2,2,21,21.0,1
81B0637636FF876E195B4202F50CF215,0,0,0,2,1,,,0
DA3FC715028E88088DD9826F4A6511ED,0,0,2,2,2,20,15.5,2
64227D200B582B315735F9D3F6D95BEE,0,1,1,2,2,18,18.0,1
6135D8D8F7CE4ED79A903F15A5DFB6AA,0,1,1,2,2,21,21.0,1
46620EE6C67C1DA11E2DB5D63DFC518A,2,2,1,2,2,21,21.0,1
45F69B905EBE7D436F86CB5C0802D4BD,0,1,1,2,2,18,18.0,1
99AEF7972E0B774A904B5F2839FC09B0,0,1,1,2,2,21,21.0,1
B8429B75BCB661EE6B9B8786989DB224,0,0,0,2,2,,,0
D21451ACF492761DBC86B3549AEA194A,1,2,1,2,2,20,20.0,1
3E4C43800AAF680A27494242E956F838,0,1,1,2,2,21,21.0,1
0798BB6B8C026CEFB003241B31932B67,0,1,1,2,2,19,19.0,1
AF3B84D80B1A8A0C9CC2587252CC7048,0,1,1,2,2,21,21.0,1
C5D3E8CBDDB09A397F8E6A626106FBC5,1,2,1,2,2,15,15.0,1
DAED6B0E3EEEEDE2779A2312B8174762,0,3,2,2,2,19,18.5,2
4479F0349D25059D2499C147B5100D12,0,1,2,2,2,21,21.0,2
5F4C7C1A20C6606C1F603044A0A06470,0,1,1,2,2,20,20.0,1
7BA1098EE744CDED1FA599098513BF43,0,1,1,2,2,21,21.0,1
43772A28659FA410858F75B18ABA984D,0,1,1,2,2,17,17.0,1
5A03A3E45C2B1BDF9DC916A2CBE7C4D8,0,1,1,2,2,19,19.0,1
B9DFF32CBEB23C14C0CA2E839FBFA852,0,2,3,3,3,21,12.333333333333334,3
C8512BCE348E996C81697F6BE81F8B98,0,2,2,3,3,21,15.5,2
039475DD95F5ADE2AEBC55F60B706B11,0,2,3,3,3,21,13.666666666666668,3
E072E9442BE2222647BEE7FF89FA1337,0,2,2,3,3,21,16.5,2
9669A9911E183A5DCC390B981F20FE48,0,2,2,3,3,21,16.5,2
ED244919E490C36963714E4C3E3025AB,6,10,5,3,3,21,18.2,5
D14D9C988B05F4C46E75E7323F805247,1,1,0,3,1,,,0
BC4B7D24B70042CD139198B2027C8F95,1,4,2,3,4,21,8.0,4
2EB746D02B7B3DEF95022A0958D422CF,1,3,2,3,3,21,16.5,2
F8B95AE4A257A86F7E55E7C80935A4E2,1,3,2,3,3,20,14.5,2
FD9223BA1689E43F814C545A5FEBA7F4,2,3,2,3,3,21,16.5,2
8439664C58068EECAD08249094DD9F28,1,3,3,3,3,21,16.0,3
E8FE09424907F6CA22E68BE02A0ADF2C,2,3,2,3,4,21,9.0,4
24A8BF795679D50BB8D2F72FA84CC936,3,5,2,3,3,19,13.0,2
0E3ECDABEF1382AE1EC8A2B31A2D505A,0,2,2,3,3,21,16.5,2
B08E7CF6F2FD5B89D0736DAC76D9029A,0,2,3,3,4,21,9.75,4
9D6ED0F32359797E2D434FB8233F0FE0,0,2,3,3,3,21,12.333333333333332,3
BFB76CCA44481D38771807148E491FF7,5,7,3,3,4,21,5.5,8
DE4E1F6888A81BC1E0C10C8A40474A8E,0,6,6,3,3,21,12.833333333333332,6
960B0B1A46719775CA23739784E9C320,0,2,2,3,3,21,10.5,2
F5D89058472B8118849A7B2BEDAF60B4,2,3,0,3,1,,,0
BBC2EEB75E601743F13AF88E06F80659,1,0,2,3,4,21,7.5,4
D714D62FB7F82CAF05C2670AE6BCA8A2,8,9,2,3,3,21,11.5,2
491146C3F268CE8EDBE7652004FDF5A9,1,2,2,3,3,21,15.0,2
9B3B7AB4B77B74807ED37CD63DE0624E,7,2,2,3,4,21,10.666666666666668,3
E15CC599FA923B9D51503DF30CC3A40F,1,3,3,3,3,21,11.666666666666666,3
9F5BB05E83166A05D957BD8709452328,0,0,3,3,3,21,17.0,3
9BFA45225ECA7CD4D2A9F956B875CF85,7,9,2,3,4,15,8.666666666666666,3
DCE678124B6F7B9F35BEAD1882180A68,0,2,2,3,3,21,16.5,2
A663E84EF7EC8534ABD2E99664E61BEC,0,2,2,3,3,21,16.5,2
AE7211CD343B3C7FFFACDC5149347E17,10,1,2,3,4,21,9.5,4
B7E1645D07FE202F218A6EECBE0FF16B,2,3,2,3,3,21,10.5,2
A16DE718D8908FFC01DD297FEA600583,0,3,2,3,4,21,11.333333333333334,3
5F44E03ED9953894523FCE9137596363,8,1,3,3,3,21,12.333333333333334,3
550B46D179FB8EC540DE5AC81967539E,0,2,2,3,3,16,13.5,2
2B5D7D51F2F3BCC0B01B60FF5E37A255,0,2,2,3,3,18,15.0,2
593C3E0972AA84543809299ACCF3A4FE,1,3,2,3,4,21,13.0,3
330BA76BCDC87F4885B51639761C8878,0,2,2,3,3,21,16.0,2
57298FDAFE8B18FD7BDA1785297C4A6B,1,2,2,3,3,21,16.5,2
479E4A926BB9D1ED6C75A9FA143DA593,0,2,2,3,3,21,16.5,2
167B78C1DC2F130C849A115F41586452,0,2,3,3,3,20,12.0,3
87AA5620C1BC0B96C7B2F620B69748FF,2,0,2,3,3,21,15.5,2
D94CD20A6CC825AD36B00512A6CC92B1,1,1,2,3,3,19,11.0,2
3DA885537C8B031959908EC7E8F27C9A,2,4,2,3,3,21,11.5,2
BED8A5D6788A8D8744F4656392DD2D7B,6,7,2,3,3,21,19.5,2
12E605C18BD3297C684F0EC6F1D45967,2,0,2,3,3,21,16.0,2
60A36D65D2C9A3DA5C804006972CCAF8,0,2,2,3,3,19,9.5,2
56C13EA0BBAFEB544DBA5FAA4C5E3F81,1,2,2,3,3,21,16.0,2
01E3F5C89603FFF6C16EAC6B6324BFC6,0,2,2,3,3,19,15.5,2
76C0329792AF3B96D0029219D2A52DA9,0,0,3,3,3,17,9.666666666666668,3
DCEB9A1F6C5B9B67F0994C7A7388A8C1,3,0,2,3,4,21,10.333333333333334,3
78B79C3B3B586B7C8C26B260D3A4B186,0,2,2,3,3,21,16.0,2
779BD82ECF83AC881E311EDDD3D31067,4,6,2,3,3,21,13.0,2
22758EB02AC5EADF2CB2F8533D85603A,1,4,3,3,3,21,16.333333333333332,3
9EAF65F175E7AF7F4B895545595E8E8A,0,2,2,3,3,21,16.0,2
4293BE87C4C4EE3249F6DCA7A27A866C,0,2,2,3,3,21,16.0,2
A759925C7E035CA52AC6C214671DDBBE,1,3,3,3,3,21,12.0,3
67C3A376AA6970390E90F65D5AD46AD0,2,5,3,3,3,20,16.333333333333332,3
899025E230D60C049CE84BE950238FC6,2,0,1,3,2,4,4.0,1
1B224BEF5B098515A60BACA8068E3239,0,0,2,3,3,21,13.5,2
AC5992D988A9567EB1B331401A29204B,1,0,3,3,3,21,12.0,3
56BB8C5154AD6D11F06903EBC42DF594,0,2,3,3,3,21,13.0,3
AE89CF8BE27A4602C6EA8D2F8D383F42,0,2,2,3,3,21,16.0,2
D2007306ACADFF75B22DA3DD3F2F7F77,0,2,3,3,3,21,10.333333333333332,3
F27B48550E188A679E647268E9B9FA23,1,0,2,3,3,21,12.0,2
1BA8A3FE9D6AD54C6C77BC8A350BF2DA,1,4,3,3,3,21,18.0,3
3E1C51353A2BF5684592B09F75E76873,3,5,2,3,3,21,16.5,2
28252A9A61C7682819BCD92FE66FC06F,0,2,2,3,3,21,16.5,2
9C480845A4CA91E1B4A794B6AEF425BC,0,2,2,3,3,21,16.5,2
B61FDDD57DA47BA00E14707352203938,0,2,2,3,3,21,16.0,2
C8DE1880B14EA6F6BF5A756C94C0ADCF,2,4,2,3,3,21,11.0,2
624039D9EF1900EAE8E0A4393038CCB2,1,3,3,3,3,21,12.666666666666668,3
165751CA7688A2C96EEDFCFD7EEB759B,0,2,3,3,3,21,12.0,3
B490A2727FD6879FE9CA78D952186F82,0,2,2,3,3,21,16.0,2
F75ADCE19222358D8E75D0AE239D595E,0,2,0,3,3,,,0
4B0D1572D3FC926C92B01DCD8AD1136E,0,0,0,3,3,,,0
E3D9F7190DC8430B3DEE9D5A123646AF,0,2,2,3,3,21,16.0,2
2D73C87B0DD91F1D3ED83B9EB932EB35,0,2,2,3,3,21,16.5,2
72BE2A95E7B8B6FDCE2B74CE3AA4344D,1,2,2,3,3,21,13.5,2
B69E579D490D0275ECF798F461ED40CF,2,4,2,3,3,21,12.0,2
8EEA719A624599EE3D9B4473F1C99CBE,1,0,2,3,3,21,16.0,2
1CAC2E52D17A0A56A330FF2C17533931,0,2,2,3,4,21,6.6,5
5A604E7013A5C032FF0D1C94A66C5430,1,3,2,3,3,21,16.0,2
4ECE982F87221BF7A2C3642A15329244,2,3,2,3,3,21,15.0,2
6E8E2F3F6A34809ECE127F006709FBEF,0,0,3,3,4,21,7.333333333333334,6
7BCB79558EC50E9F62A905FB5136B552,0,2,2,3,3,21,16.0,2
71B1D9279ABC5D66169F2937CFB9DA47,0,0,2,3,3,21,16.0,2
419C40467E1925405ACC7A50929B2546,0,0,3,3,4,21,9.75,4
95A8D8AFD787233E129AA693DCE2EF92,2,1,2,3,3,21,15.0,2
2AB4D31F327FBC53C61C7BC533087133,0,2,2,3,3,21,16.0,2
DE7350AD7068B30F98279BBD65AEF609,0,2,2,3,3,21,16.5,2
78665185409E66882897117D28E0835B,3,1,6,3,4,21,16.0,7
257A35EA0A92B4B2F8FB4BA3F8B4C3D8,1,3,3,3,3,21,12.333333333333334,3
41F62B68F0D1C05B6F17CFACD42913C5,0,3,3,3,3,21,15.0,3
58613864711355CE99E999ED2B37A963,0,2,2,3,3,21,16.0,2
814700C58B117F7ABFFB1145B9C29D29,8,1,3,3,4,21,4.555555555555555,9
022891093337BA8FAFC0E5B82B9C276D,0,2,2,3,3,21,16.5,2
C6CE1CA83D19050F46D6C6D57231D574,0,2,2,3,3,21,17.0,2
46AE1B2A500BC810A363BE6C9B56EFFA,17,19,2,3,3,21,14.5,2
267E5A86ADA8B1DEE4DCE2983EDDCA32,2,4,2,3,3,21,16.5,2
7E719ACECED5B3D90F6D24E7CC6A2F57,0,2,2,3,3,17,11.0,2
E8212EBBF2BD8B9BB721BFAF3440F12F,1,2,2,3,3,21,16.5,2
A98BC893A86F57736473659510116FF3,2,4,2,3,3,20,15.0,2
105C40D7BA605A4120E001AB8C830C1C,1,0,2,3,3,21,15.5,2
BF42BFAB6841EA07426BC556C937BD0F,1,3,2,3,3,17,11.5,2
ADC05EA38A1F3DA4719033CE7D801D43,0,2,2,3,3,21,16.0,2
441387A1F67B6DE82272CEE4692663B4,1,2,2,3,3,20,12.5,2
9768367BE6132B5C5AD84DD63411E2E3,0,2,2,3,3,21,14.5,2
BF39F7E50DF553025ED075EB76CBA23D,0,2,2,3,3,20,16.0,2
76EFCC5393F879C2163589E0108D5BC3,0,2,3,3,3,21,13.0,3
830461B02C9A488AFF82BA7AA8C58052,1,3,2,3,3,21,16.5,2
0DAA9C19C1988CAF9777E0261D837CF3,0,2,2,3,3,21,15.0,2
92F774505A8C37C5B988F590CCDC0A4F,0,0,2,3,3,21,16.5,2
F1958B6FC5B2EB0E81883F1FB5B12CFF,1,3,2,3,3,21,16.0,2
DC7B46EBC100B639364CC9789DE001B0,0,2,2,3,4,21,12.0,3
D53026C925AEDEC505D8F8A007B19FFF,1,3,2,3,3,21,13.0,2
7F12F87E29E894031F904B8BCA1BC05F,1,0,2,3,3,21,16.0,2
FE47196822AB89CCE12396BBB50306A3,0,0,2,3,4,21,11.0,3
A33B3E5D320A35A5BA168F271D6BC956,0,2,2,3,3,21,16.5,2
3151F3461C50299BC4F328702654F9C5,5,7,2,3,3,17,10.0,2
D49B24FA9F7D4D482074FCE5E0469C55,0,2,2,3,3,21,16.5,2
B082C1AA996253D2D7A753ACA6DD5364,0,2,2,3,3,21,16.0,2
63D27A9DA8B74C75FC5AF5D639A24098,0,0,2,3,3,21,16.0,2
2B745E8433DC278AE01318EFB8BC74DE,16,8,0,3,3,,,0
79FBA27652B9524ED3F877083729DCB5,0,2,2,3,3,21,15.0,2
CD941760EAFE0D8AAEA7BA7F37597A06,4,1,2,3,4,21,6.666666666666666,6
19D4999CAA44D4877A481001A486DFF0,0,2,2,3,3,19,15.0,2
11B62C98F2E47BBC4F38D5DBEF9A9319,4,3,2,3,4,16,10.0,3
0A1A9197E3080554A067BED5EE0772C2,0,0,3,3,4,21,7.6,5
390CFE5F2487173EC95DCF3CEECDB837,0,2,3,3,3,21,13.333333333333334,3
132817793B6D8CB1AA37B26EBCB7C97D,0,2,3,3,3,21,12.333333333333334,3
64EE8ED87BBB901D34D3F7AE81979C01,2,0,2,3,4,21,11.333333333333334,3
F9E0DEDB9995541CB15CDA100C740051,0,2,2,3,3,21,15.5,2
1D6E665E08FA59D135C68CD3E8B0A85B,1,0,3,3,3,14,8.666666666666666,3
23FFF41D90489FDF6A1EBDAA9AE010FA,0,0,0,3,1,,,0
5B5F304923EFB1AAF108A4B9D5383923,0,2,2,3,3,21,16.0,2
B3E836AAF566B39F5C0F87C8A010A6F3,0,2,3,3,3,21,13.0,3
A166F08E0FCE336D909C2D7CF3E4969F,0,0,0,3,3,,,0
DACD1498411E056455073E0371DF8EDE,0,2,2,3,3,21,14.5,2
16535A918ADAE06E4E30A71918B6E92B,0,2,2,3,3,21,16.0,2
67169A7142CBE3AA9569A8EB2DDFBD29,0,3,3,3,3,17,14.666666666666666,3
3019D242435D0E7C4AC7FC148F433636,0,0,1,3,1,8,8.0,1
49CCBCC666BB8FB803C44A65366109C7,0,2,2,3,3,15,9.5,2
65BF56455C9B2CAFE68AB07D23A7EFF1,0,2,2,3,3,21,13.0,2
D54B4AD21B08073052E66713674BAE3C,1,1,2,3,3,21,12.0,2
1EB8DE8DA9B239516FEB747056D44138,0,3,3,3,3,21,15.666666666666668,3
69EE9FDF2F2C5A503484DD212696667B,0,2,2,3,3,21,16.5,2
FA1CBA7312F0DDF83E2EE1573E400043,1,3,2,3,3,21,16.0,2
F6A0EDC95D3920BFCE418CE7ACC3C8FF,2,4,2,3,3,20,12.0,2
8FEEFD188BEA7318BECEBD9811F0626C,1,0,0,3,3,,,0
C912F19E37826381F481E31986DC440C,0,2,2,3,3,19,10.5,2
8461EEA2138F5055F374833100F00976,0,2,2,3,3,21,16.5,2
D569C8A6542F874AA7D67CB15D2C1735,0,2,2,3,3,21,14.5,2
19F583003EE86B07255A6233C1A13078,1,0,0,3,3,,,0
4444B14309355CB56DC2D6AE75FCCA31,0,2,2,3,3,21,16.5,2
A4A0A491EB22A58225818379E768BE3B,0,9,9,3,3,21,18.0,9
F505D39D04A5141F7A113A0AE18B0475,0,0,2,3,3,21,15.5,2
FAD835B2685732F929BD039038406EC9,4,1,2,3,3,21,15.0,2
FDA47F17691319BAA33FA75E17D293F8,0,0,2,3,4,21,11.333333333333334,3
B5FFB2BC424A23635F872F45A78A0948,3,4,2,3,4,21,8.5,4
B1D3AA2352DD71BA510BB26EE86BE27E,0,0,0,3,3,,,0
C69167F944BB20CFF5B66A8FE6070604,1,4,4,3,4,21,7.333333333333333,9
C552986AF8B757F3F7E518740ECD738A,0,2,2,3,3,21,16.5,2
F37D0945286059018632F1151EFE1AD3,0,2,2,3,3,21,16.5,2
F00520A971B304A0B45AF31AECC75826,0,2,2,3,3,21,12.0,2
A01D5D6CBA39124B941D81344ACBC9C9,0,2,2,3,3,21,15.5,2
77619E28EEE4A7F622E5CAE5847B5B0E,0,3,2,3,4,21,10.333333333333334,3
2CEF0B3F63A7FD536BD7A1D7EBDAA82A,2,4,2,3,3,21,16.5,2
91A3BEB77EC018045F0FD13FEF0A3629,0,2,2,3,3,21,17.0,2
BB9B0A7EAB36A7AE1FDC9932CD39A33C,1,3,3,3,3,21,13.666666666666668,3
43B8EEA09D7D62EC90F40D0E3716E960,2,4,2,3,3,21,11.5,2
BE025EA29CA25B4F0EF9A9C5DF034A1E,0,0,2,3,3,21,16.0,2
D6803CFD38D435F0364EB47684F7CCF6,4,6,2,3,3,21,12.0,2
0CBC523581751D977C4121B95429E8A9,0,2,2,3,3,21,16.0,2
B4BF91F8CFA904E81999D0422214BDF8,0,2,2,3,3,21,12.0,2
4C8514033B25A1B49E85B8C0240C6C3F,0,2,2,3,3,21,16.5,2
A686EFE3CE39E784C3A88C4D866FC31A,0,3,3,3,3,21,17.666666666666668,3
13980004E3242DFB00DAF05ABACFAF3C,1,3,2,3,3,21,16.5,2
557EC88F5EA9ECB80D6670E79643B87B,0,2,2,3,3,21,14.0,2
2A7EEC4B71E9E97EFD6504A7D57931FF,0,2,2,3,3,18,9.5,2
E853B79033DEAA4E22412485E768DCC9,0,3,3,3,3,21,18.0,3
611D2AC30EE506E38950643C7B4C5F20,2,0,2,3,3,21,10.5,2
93C5C5EEACDB9F83DD795449363339E2,2,0,2,3,3,21,14.5,2
FCED8D34D16B209A5DCAAF1B9B6011F1,0,2,2,3,3,15,13.5,2
4E70CB9CF51205F056587DE7F4C49C53,2,0,2,3,3,21,14.5,2
862005E2959F6D338CCF396902631495,0,0,2,3,3,21,15.0,2
1E5DBD09EFA45FAD3B46F67DB12A9CA9,3,1,2,3,3,21,12.0,2
35435E2D0D5B9806E1E0AF78775704EF,1,1,3,3,3,21,12.333333333333332,3
015D5BB93CA7C81AE10106A8C39CB34B,0,2,2,3,3,21,16.0,2
67BDF7F0F8523403730CF2EC1CB238AC,0,0,0,3,1,,,0
032429BB3CF9541D55447C36168A8C6E,0,0,3,3,3,21,13.333333333333334,3
25E9B7A675E4418C6E5BDDBEB4F21D7D,0,2,2,3,3,21,15.0,2
E83D14E125252A6E3AEB349FF07C7543,3,1,4,3,3,21,9.5,4
E8710E77072D6674A93E46DFEF725587,0,2,2,3,3,18,14.5,2
85549E512A7BB6B13BD956D427B86C74,2,3,2,3,3,18,13.5,2
675713FF3C659DB5DF09B7E0B66C6D16,1,1,3,3,3,21,12.333333333333334,3
17AC67BC8CCDA6672DE2523CE1D83B3F,0,2,2,3,3,21,16.0,2
FC18A1EF5691E0FE7A0962269BEB4BDC,0,2,2,3,3,20,14.0,2
4CA71B6706FC5C0AE66BE5E6F7A28EB8,0,0,3,3,3,21,12.0,3
F66B01A6AB34927F30FFB26913CE081E,0,2,2,3,3,17,11.0,2
F408520947ED05F322604CDB9192E943,0,2,2,3,3,19,15.0,2
393E81B1B8D37D383C3E30613300C2EA,0,0,3,3,3,21,10.666666666666668,3
088D51F73401B7A5DAEBC03D5924EBB2,1,3,2,3,3,21,12.0,2
FAA8A7851C75935EDC148F38B4F39F06,0,2,2,3,3,21,10.5,2
E66740FA6929FC82620C5A7F93F63E07,0,0,0,3,1,,,0
E8755950FCC0CDF1F62E9024153DD624,0,0,0,3,1,,,0
481CB078689F876EDF2BA0BA2F2E3B5E,3,2,2,3,3,15,11.0,2
C4D5047D953E47CF2ECFF6E827420A99,0,2,2,3,3,21,17.0,2
7EDFFF7CB9DB49F6C61708EEBA33A32D,0,0,2,3,3,21,15.5,2
85F83E90C99912F89521244BD25C99C5,0,2,2,3,3,17,9.5,2
94AAC3126541777AC4894F1A54065EF5,0,2,2,3,3,19,14.0,2
E6ED29C19B3023BCB6EAC2FF0C4EF678,6,2,2,3,3,21,15.5,2
43E7850389000AFDA1F5442E6D167DF6,0,1,1,3,3,8,8.0,1
3EE96AEC74CEA54798DA21755FCF235F,1,3,2,3,3,21,16.0,2
C59C61AC294B490D5610A2E35FDA8397,2,0,0,3,1,,,0
A04ED9A077932A7C3C8C02C24CA9B84C,0,0,2,3,3,21,16.0,2
F3C51AAD312E2312B693648105EB76F5,0,0,1,3,2,1,1.0,1
1CE1B47B82E95E803320CAAF30EC6BD6,2,3,2,3,4,21,16.5,2
5EBF8502142E66A011B97904BE28B5DB,2,0,2,3,4,21,8.75,4
6590A4BA5F89F232EFB895130C1B090F,0,2,2,3,3,21,16.5,2
0B39995191298F69FBA5C267EE8E9F03,1,0,3,3,3,21,14.0,3
0AFE3DE6A443BD660CDD5B1FA36686F6,0,2,2,3,3,21,11.5,2
955ECCA7F51F6523D6F528819D58B594,1,3,2,3,3,21,13.5,2
03A75C48AFA4420AF4B3C23D7EDAC213,0,2,2,3,3,21,16.5,2
F6B1C559BC50693DF420E05719EFCCEB,0,0,0,3,3,,,0
16C9D7C29B9E5B2DCF85633C74874924,0,0,2,3,3,21,10.5,2
D0E31F472E977281F3682285AC8346F1,2,5,2,3,4,21,6.666666666666666,6
C3295C36C51EAF010079266FB55EF2DD,2,3,2,3,4,21,7.0,6
30554DAFED89CF897809B6533F952BC7,0,0,0,3,1,,,0
E42066B3F588F26AE64518AA41805F62,0,2,2,3,3,17,9.5,2
6687EF7B4862F69A75C80BBA7DE6B6D8,1,3,2,3,3,21,13.0,2
6D6EB70E837A5007BE550C44FF276440,0,2,3,3,3,21,12.666666666666668,3
75FA03FB567E73743CCD088BE766A525,0,2,2,3,3,19,14.5,2
A88677B5AFFCEE375D2EBA4EC85820C5,0,2,2,3,3,21,16.5,2
65F8E2B80A986C0FDF372EF08A031483,0,2,3,3,3,21,13.666666666666668,3
05454DFCC1343B3BF60C8FC060A670C5,1,4,3,3,3,21,12.333333333333332,3
CB46ED7A0C52CC8F5BF3F695631CFCF2,0,2,2,3,3,21,16.5,2
59279CC4C897051599F544C19F5A623D,0,2,2,3,4,21,9.0,4
9401992FBA78E40EC900D3E89EF1C75F,2,9,2,3,4,21,4.75,8
796E479053EA9A2D01F18623B9671CA1,12,14,2,3,3,21,12.0,2
C3E9C2B8B2FE07F0D9EA6C75A11CAEB0,3,4,2,3,3,21,16.5,2
60B766E7BB3D77B2F3453302137C6E0A,0,2,2,3,3,21,16.5,2
EF2ABE51605E2E6787E32F4A2CCE1B5A,0,0,4,3,3,21,15.75,4
F470625FCD13350142D1FAB619BEDE53,0,2,2,3,3,21,16.5,2
DEB0F2675C6B29582F641E55772F90C8,1,3,3,3,3,21,17.666666666666668,3
AA2AA0FC35015EE0124CCE4C6559F95B,0,0,1,3,1,7,7.0,1
38430536CBF969116CDB8851199BB523,3,0,2,3,3,21,15.0,2
E4CA88442149C9E1F3A64917A85797D3,0,2,2,3,3,16,11.5,2
35AC012EC3E42432CE9AEB49975989C6,1,0,2,3,3,21,15.5,2
155263A40D769D42880C8E43690F3E70,0,2,2,3,3,21,16.5,2
A7D91091BE0A71CACBD3A4F8248474DE,0,2,2,3,3,21,16.5,2
69541D4D4F182FBB46C3225DA0077DDD,0,3,3,4,4,21,13.666666666666668,3
E15B0CD4F51AD17273D0EC73D1A787B3,1,4,3,4,4,21,8.333333333333334,3
0A88F441D8A6516E672F2D5DC31B5E3C,0,0,4,4,4,21,10.75,4
0579CD8B9F2F5C48A5F1ACECF88750A7,0,4,3,4,5,21,7.4,5
925CCAABF0A2EF864D36F9167BC40627,0,3,3,4,4,21,14.333333333333334,3
95E8B558A75B1E45E41823B9D6076657,0,3,3,4,4,20,13.333333333333334,3
7C7FEF6E6A5AB4D4BE8170B7E5CAF626,1,3,3,4,4,13,9.666666666666668,3
C35849BEA02BBE500370DEF84511F856,1,4,3,4,4,21,13.0,3
5D5895B1267014C54ECBE08864420979,0,3,3,4,4,16,10.333333333333334,3
EDCF5F0453031547746F4F1DBA9EC5CA,0,4,3,4,5,21,10.75,4
41DB722D2F983320866BF0B697513B16,0,3,0,4,4,,,0
B592F276FE86F970D46D9177C1FECF86,0,3,3,4,4,21,13.333333333333334,3
61EA9465F8BB4F67295FF548258C304E,0,3,3,4,4,21,13.666666666666668,3
E0F2491A4884203D5532C7265B9BB7FD,0,3,3,4,4,21,13.666666666666668,3
83B875CC5CD4D444DF6433356523DE45,0,3,3,4,4,21,13.0,3
8A191E0C1E499B5F76701438E697EAC7,0,3,4,4,4,19,10.5,4
E63711A66A34FED2396D9129A9B3E914,1,4,3,4,5,21,11.0,4
B77E9CDAB1478586A587937AFE4AECF8,0,3,3,4,4,21,14.0,3
7950C80787853A25016543882356FD76,3,2,3,4,5,21,10.5,4
06B95A287747969EA536281F69C72096,0,3,3,4,4,21,13.333333333333334,3
6149CF5736DA3BEECDA6BB4725FCE5FA,0,0,2,4,2,7,3.5,2
D02E16495F73B6EF3C4846253C6B9721,0,4,4,4,5,21,6.714285714285714,7
6BBF56852AF8805C504619560311BEC8,10,13,3,4,5,21,7.0,6
1782E2EF6DFBA5C1CF0813CF698AD4B5,0,3,3,4,4,21,13.0,3
9B7FE90C25E366DB974B1F54E0883A40,1,0,3,4,5,21,7.8,5
50C0AAC23307E008A37574D40D607CCD,2,5,3,4,5,21,8.4,5
64DA91FB11E883E1DD4429309EAB9024,16,13,3,4,5,21,3.052631578947369,19
362FA50A14492F365C556ED8B09F2C8B,0,3,3,4,4,21,13.0,3
528DCDE633FF2E15550C684B1B2CFCAC,0,0,3,4,4,21,9.333333333333332,3
96B6D639BF5D2D99108B15A023F86CE0,2,1,3,4,5,21,9.5,4
FE99206384972883D1EC4AFBA6C08AFE,0,0,3,4,5,21,9.0,4
2EF814FCC7768BCB56538F6375C5FEF9,1,5,3,4,5,21,5.625,8
44ED38A539DE12288621EA8C2C79C318,2,4,2,4,4,6,3.0,2
42FA1C4A68AA590DFB0A5096C775480F,0,3,4,4,4,21,12.0,4
CA9136455F325D81B4A1FC232A7CCE43,1,4,3,4,4,21,11.333333333333334,3
0CC5E5E794CB2FA570F8E6076A4022C1,0,3,3,4,4,21,13.0,3
BCD37BC09EFDBC9BEEE314EBBF815D01,0,3,4,4,4,21,10.25,4
6A2F4E7AB1816D2F6EC741BC92141766,18,21,3,4,5,21,3.1250000000000004,16
9C2DD86B2DCB9FFB2356BC97F1ACE65F,0,3,4,4,4,21,12.0,4
42421044D6B3F0190A37145A20403036,0,3,3,4,4,21,13.0,3
AA9C5876D7EB769A269380558FEE0C6E,0,0,4,4,4,21,11.25,4
85BA81CA205F8D8F786495ED93FE3F92,0,3,3,4,4,21,13.0,3
DE8C865ECDECDD5CE81CB141AFD698AD,0,0,0,4,2,1,1.0,1
B9ED3615FED0CEE0C395F4676E0759C3,0,2,3,4,4,21,12.333333333333334,3
B2089DB2A7A8996E0FA25E5D02336F0B,2,5,3,4,4,21,7.0,3
3A73CDE17520867FB9C03E491F778B60,0,3,3,4,4,21,13.333333333333334,3
9726AFD0F81D522D98EA3D33CA14759C,0,3,3,4,4,21,9.666666666666668,3
6EB6C261434410DD81C3CC809464B1D5,1,4,3,4,4,21,12.0,3
D5A644624E0D407445643D503F43B944,1,0,4,4,5,21,9.6,5
C586EE232D1F5B58F9CD04CB059A72CD,0,3,3,4,4,21,13.666666666666668,3
9C9F104105826B505572DDB16C22A990,0,3,4,4,4,21,8.25,4
33B84582094A1F6952904FDE6C437EA2,0,0,3,4,4,21,13.0,3
C59104E4CF1119EEC696605FDC7AC28E,0,0,1,4,2,2,2.0,1
60DDF375A8385B5ABEE6774F269D522E,0,3,3,4,5,21,9.5,4
68FD7BAA83E0EBA01BF3D9944032C0B3,0,3,3,4,4,21,10.666666666666668,3
7064BC64E47E869B36967E854748969E,2,5,3,4,4,16,11.333333333333334,3
7D00CBC7C817DFD9E744B384BE9404A4,1,4,3,4,4,21,13.333333333333334,3
91E13FD9FCE432A5BB5E32016CE706B2,0,3,4,4,4,21,12.25,4
47DBF515852D5615144B416AD0E74FE2,0,3,3,4,5,21,10.5,4
5BFB6CC6B3E4271086B1E1B58180B56A,1,3,3,4,4,21,13.666666666666668,3
9EA1F705BBAAA2D8C4A9E9296A7132A8,0,3,3,4,4,21,12.666666666666668,3
A8001F5D436062F06495B1DF426E7515,1,4,3,4,4,21,13.333333333333334,3
9B42ED4D03FA8B77B772CC815CBB8081,1,4,3,4,4,21,12.0,3
E09151D1BDA55CF7538F1C1515BC5B4B,1,0,3,4,5,21,7.666666666666667,6
5581D44AAF5399CBF67792CCD829C281,0,0,3,4,4,21,13.0,3
1B1EC18D619B80AFFFF378EA4A9996C5,0,3,3,4,4,21,12.333333333333334,3
0631FA641CC89F17A6248392D40454BF,0,0,4,4,4,21,11.25,4
88CF546275A5A0524B9B97E128B608E4,2,4,3,4,4,20,13.0,3
7AF0E6BCC078AB5029168658631C89F8,0,4,4,4,4,21,16.0,4
92103CAA0A6D0C927BCC92ED2EE01B38,0,0,1,4,1,4,4.0,1
865D75852532F10E0373F937C7EB84B0,0,3,3,4,4,21,13.0,3
9A5342B26D946B50B938A489F720C596,0,3,3,4,4,21,13.333333333333334,3
2E7493AC5967A8B48B8DEF79EDDFC056,1,3,3,4,4,21,13.666666666666668,3
A6CC977A53243EE9A419FB3CDA0561EF,2,1,3,4,5,21,9.75,4
C20630B2B28362756090FA8E81663519,4,1,0,4,2,0,0.0,1
E2131AFD3BEA7679CB9CF1BD02CB52DB,3,1,3,4,4,21,11.333333333333334,3
F5CB35D57851869EC936923955C57F18,3,0,4,4,4,21,10.0,4
935653C4BC596CCC45E040ECCBF1D2F6,0,0,3,4,4,21,13.666666666666668,3
820BCB7405743E10416CB00AB7B103D9,1,0,4,4,5,21,8.2,5
B24F51D3B429580F5C4FF054CE98FC41,0,0,4,4,4,21,10.5,4
5662F106C3DC96DAA9C97D0C096A57CA,0,3,3,4,4,21,13.333333333333334,3
513C880CAD0BAC10A70729769F0AD847,0,3,3,4,4,21,12.666666666666668,3
C5AD1A3C5BA7749BBA184BC5138E6090,5,0,4,4,4,21,11.0,4
65175A0DA6D62548FE0037143B3520A1,3,1,3,4,5,21,8.75,4
6D2B2E5F5AA92999917C8A0FF5B4E49D,0,3,4,4,4,21,11.25,4
38232364F572A6A7820F31485458BE69,0,3,3,4,4,21,13.666666666666668,3
75C683C1AE98FC6CCE6EA156C9E90A35,2,5,3,4,5,21,9.8,5
2CFE23AC4E3C6529D39BDADA1EF99C52,0,3,3,4,4,21,13.666666666666668,3
154287464C4F84AF86699BC92AA1DAB5,2,7,5,4,5,21,11.333333333333334,6
AACA798B2FD75F8F9FE7129C40C7547E,0,0,0,4,4,,,0
357EC62C3AF8386A51272AD3767DD809,1,0,0,4,4,,,0
62BD829622742FF82ECAFC8896DA10EE,2,4,2,4,3,5,2.5,2
53B99AF8D463E4FB9FA1DD1D94043B9D,0,2,2,4,4,21,16.0,2
DE82D21126A36B14B360C876A0DD07D3,2,0,0,4,4,,,0
339B3E5F1BA5A326F1A4F3A4FEAEA957,0,3,3,4,4,21,11.333333333333332,3
DE79C88A2D57B38C35EAE5CC0F35FE24,1,3,3,4,4,21,10.0,3
C0363599C5FF1F45DCB169BC9B78E2B0,0,0,3,4,4,21,13.333333333333334,3
89B211C4336582A1C51729DBE4F7F290,1,4,4,4,4,21,10.5,4
0043CF8841C819015ACD25710D333113,2,4,3,4,4,17,8.0,3
14E45E9A38187A467F77569CBCBD1041,0,4,3,4,5,19,10.0,4
78DAA9BADFC55964A8CF3B20E93D1B34,2,8,6,4,4,21,14.0,6
C8AF0F6A4B2566610F62EFC4E20371E2,2,4,3,4,4,21,12.666666666666668,3
DC576C6DDBEC40EAC7668299D4A30F8C,1,0,4,4,4,21,10.25,4
2F8785E036A9032418637FE43D75ADA7,4,0,3,4,5,21,10.0,4
B50E2B0888440679A84A3D861332531C,1,3,3,4,4,21,13.333333333333334,3
C8859A791226C6027B90F72F880C3528,3,8,3,4,5,21,8.4,5
E4A313AA1D94EBEB397E0F511CCC49D5,0,3,3,4,4,21,13.666666666666668,3
328723183CB680790972B8FBBC3A1CE3,1,4,3,4,4,21,12.0,3
C8EADD136074BE43EEF2541E7F200D1C,0,3,3,4,4,21,13.666666666666668,3
452CBCD7E1C6ED9E28B499D1F38D1215,0,3,4,4,4,21,10.0,4
6C19D552A42F7FA8D8B4AD9CB6F372AC,0,0,3,4,5,21,7.8,5
9BB97A6644180ADBF65C09ED1693682F,1,0,4,4,4,21,11.0,4
E510BBD42F7812869C5A623173026664,0,3,3,4,4,21,13.0,3
22430BD1EDFC8E2E980313F10148A53E,32,33,3,4,5,21,2.2307692307692304,26
F1E599A7F809EC44B4EE6E33246EEB93,1,3,3,4,4,21,11.0,3
28AA4A0542C8873691715C284D13C34B,0,0,3,4,5,17,8.25,4
E14795D063ED5B1AA2A5807785E7D597,1,1,3,4,4,21,14.0,3
0FCCC37C632A22AA9C16512A56828CDE,2,4,3,4,4,21,13.333333333333334,3
D5FC41D56F3795124F51858F4C1D3023,0,3,3,4,4,21,9.666666666666668,3
02CF64D58B4840DD7AD18750943C2833,0,0,3,4,4,21,13.333333333333334,3
2E604D0497DF31C12DDC2CB08F891825,0,0,3,4,4,20,12.333333333333334,3
5DB4D9694245397E2381D3AF8F98A5AD,4,4,3,4,4,21,12.666666666666668,3
7A70E6F261CE349D5E9EE5DDFAAB0EAD,0,3,3,4,4,21,13.333333333333334,3
FF8DF3DF6100B5D81B68B0A035B55B05,0,3,3,4,4,21,11.333333333333334,3
420F7FE2D66A1955DB97A92C922A7BAF,0,3,3,4,4,21,14.333333333333334,3
4AB1C9375139B1C30ED33E1D29F0E7AA,0,3,3,4,4,21,13.0,3
4F8A02D6FC2B4E2A71F2FE9943CE633C,0,3,4,4,5,21,9.4,5
278FA6F6853A97CCDDB1368234B5EF28,2,4,3,4,4,21,12.333333333333334,3
E67E5D7AF8E668290F7BAEBE7A7683B7,4,7,3,4,4,21,8.333333333333334,3
070A835F11ADED551236730DF1E902D0,0,3,3,4,4,21,13.666666666666666,3
ACDEFD8D3F601128F8B6B55256028E1C,1,0,4,4,5,21,7.0,7
634B3813E8B995FDF71F82F63C74775E,0,3,3,4,4,21,12.0,3
E4FAB1210B693B084CA6829A5EF59438,2,1,3,4,4,21,12.666666666666668,3
D4CDA4001F08FD3C51A012294B1189DB,2,5,3,4,4,21,8.666666666666668,3
ABAC067F73D4F221841001AE737D0E0A,0,3,4,4,4,21,11.0,4
33BDCF9DBB2653780046CC6B334D5718,0,3,3,4,4,21,13.333333333333334,3
08523B9E65D032040F7380EF8EF400D2,1,4,3,4,4,17,7.666666666666667,3
0A32F2B531D2B15D8D8360E7F079E0E4,0,1,1,4,2,6,6.0,1
7F65261B59B6FE49C42DF93784F80307,0,3,3,4,4,21,13.666666666666668,3
12BED4389CF843C35F5B746C52539321,3,6,3,4,4,14,7.333333333333334,3
86E29652B3E743AF9DB8812104B797B6,0,3,3,4,4,21,11.666666666666668,3
CFB7EA15CA2A515D1E15CDF261CD899B,0,3,3,4,4,21,12.666666666666668,3
B654CDDD4CC097495BF30819077AE75C,0,3,3,4,4,20,11.333333333333334,3
337E5813246340E2FD73A0D7854D7A15,1,1,3,4,5,21,8.75,4
9F8885F0261FE69A58C8B6AE9176E437,0,3,3,4,4,21,14.0,3
BB90E3EF80325C68D00E6BCEEBDCAA79,0,3,3,4,4,21,13.333333333333334,3
774364DD86012B5503A710C4BF612F92,1,0,4,4,4,21,9.75,4
0EFA419FF8D1FB5BAA12E4794D511937,0,3,3,4,4,21,13.666666666666668,3
64D4FF2E08079BEEF31850948C79C5BF,2,0,3,4,5,21,11.25,4
244301BD63080095E545DC9446957C57,1,0,3,4,3,11,8.333333333333334,3
A7E12AF359CFF4A23F85F9A6E848CF60,1,4,3,4,4,21,11.333333333333334,3
5C78931CECD78E8859AE89BC89C5E26E,0,3,3,4,4,21,13.666666666666668,3
5183E1498B939174827BABF2D334C29D,0,0,0,4,1,,,0
5ACF1A6BFE350F7BB661BF389AF7E2F0,0,3,3,4,5,21,11.5,4
D27DC40C8987743C4BAEFC5C7EDA0B95,0,3,3,4,4,17,10.0,3
289D738E3B01C988983B957444571412,2,4,3,4,4,21,13.0,3
7CD361E011A6C07B2850CD2C3206CA27,2,5,3,4,4,19,11.0,3
5C08191886EB26D3D306950E45BF0430,0,0,0,4,4,,,0
B9317CE0645B9BF980DFD06E76CB256F,0,0,0,4,4,,,0
F265BF21818911E49CA79808166C8500,1,1,3,4,4,21,12.666666666666668,3
23771850B63C6DC34A8292F874616225,0,3,4,4,4,21,12.0,4
F5BA7187EC6EC7F5FBC4F169D8261DC3,0,3,4,4,4,17,10.75,4
0EDDBC2BD5A3A171EBFEFBF534B9C3C8,0,3,3,4,4,21,11.666666666666668,3
ECADFA71FE3294E3B0CD6ADF542A4A06,0,0,11,4,4,21,8.363636363636365,11
2E85146F030E1F957C41E2FE7554352D,4,0,0,4,4,,,0
8EBCCDFBA5A435F25FC58627F15EB3CC,0,0,3,4,4,21,13.0,3
6B8035863BA8F90EDD28470F84922BB2,0,4,3,4,5,21,9.75,4
B7DB29DF3CBC14BA484DC0EED500D9FF,0,0,0,4,4,,,0
EB09E2B97B6A67E9C8654CB9237F798A,5,8,3,4,4,19,8.0,3
31E8B3EB3D9167E813FDFB812898F2F6,0,3,3,4,5,21,8.166666666666666,6
432E5350550EE6CBE63BC461546E0E8A,0,3,3,4,4,21,13.0,3
4AE8FCFC6BB2D2974D3C5D83DDC33993,0,3,3,4,4,16,9.666666666666668,3
0E853AAD79400923D81817403C63B208,6,2,4,4,5,17,6.285714285714286,7
4F69AE2A27B83430518F66EE8B6760B5,0,0,3,4,4,21,13.0,3
A455B9E2AFF03D3DD29AAD30366003BE,2,0,3,4,4,21,11.333333333333334,3
FD807541F1DE049B5D16ED3EE2DCF160,1,3,3,4,4,21,13.0,3
D062434E16FB29B3397BFC96B7F44F8B,0,0,4,4,4,21,13.25,4
5FA2D97EED10EE6C3409DA6350BED377,0,3,3,4,4,21,13.333333333333334,3
3D8CB56D98F81085AE0F81D10B2DA2F5,0,0,4,4,5,21,8.0,6
17FD072E04428ED8F6E34F64FF6E3307,2,0,3,4,4,21,11.666666666666666,3
73E2FF26DD2217E76D5F966A86589D93,1,1,3,4,4,21,12.0,3
B26BA68DA1FFDFC6BD60095A2875ADE6,0,3,3,4,4,21,14.0,3
BE9A7C914E511506DD2141BF8CC1F3D9,1,1,3,4,4,21,12.666666666666668,3
2F4A6CF5C60E72BC578CA0E5189505F7,0,0,3,4,4,21,13.0,3
52BB50019C8ECCF51DEF524F2C6CD35D,0,3,3,4,4,21,13.666666666666668,3
E8C0E172FA4948A12E886771D49069DF,0,3,4,4,4,21,10.75,4
AC68EC09273CA748F27176E248F031E5,1,7,6,4,4,21,12.5,6
BBC7E4A6691A125A2926873804AB5B90,0,3,3,4,4,18,9.0,3
DBAA5E206382E89FAA956A2D927DBC94,1,3,4,4,5,21,8.2,5
3D94E35576FC0DD6C96FA116C9CD4F07,2,0,3,4,4,21,12.666666666666668,3
DD0CB20147767F174CE7F130D2E66FF1,5,8,3,4,4,20,10.666666666666668,3
085786B723B6CAEB0C616C4E8A1A6509,2,5,3,4,4,21,11.666666666666668,3
328BCBD0A50938BFAC3FEA27100159B5,0,3,3,4,4,21,13.0,3
AAE4779C1A0F48E482C71DE95A4FA0E1,1,4,3,4,4,21,9.666666666666668,3
D80DBC905472195BA961CCB562AA8ABC,2,2,0,4,1,,,0
7554EE82ABCF7A3DA3DC48ACD8083A6F,0,0,3,4,4,21,11.0,3
EE64062E27E239F4B809BA79E3517516,1,0,3,4,4,21,12.666666666666668,3
76867AFF971A1D5BCA884B56B8A02B38,0,0,4,4,4,21,13.0,4
6AC053C53BC582DA2FFCFD06A48DCAE5,0,0,4,4,4,21,10.75,4
293D015E843E8184B56AC8E925A04D10,0,3,4,4,4,21,10.75,4
E98C2033935E43DBA50950F7039FF492,1,4,3,4,4,12,6.666666666666667,3
87446ABE4CFD9FDD936C0838442FD9E8,0,3,3,4,4,15,6.0,3
3D20DEB25C111328B0DEF485060236E6,0,3,3,4,4,21,13.666666666666668,3
C41C9EBC886687E5E01CC9F156EE6A45,0,0,3,4,4,21,13.333333333333334,3
CCCE3FEE757EA8EE64506158ED6FF26C,0,3,3,4,4,21,12.0,3
6E54FCD5F4543ACDB7412812A857FD74,0,3,3,4,4,13,9.333333333333334,3
C142DF555F9E5CB62860B5B8A579CC39,0,3,3,4,4,16,10.333333333333334,3
56F52601C8B237D2D80176B6AF256D1C,0,3,3,4,5,21,10.0,4
7284B4F8F12BD6979067AF50773E528E,0,3,3,4,4,21,9.333333333333334,3
1CDB183DBB7427164204AED3AEE70341,0,3,3,4,4,20,11.666666666666668,3
1CEA129C63AA9602A1A7CB75CFA1FB45,0,6,3,4,5,21,6.454545454545455,11
FC3980C0F61E174CDF90D2D0314A736A,0,3,3,4,4,21,14.0,3
F12F4F196933013F64399BF74945999B,0,3,3,4,4,21,13.0,3
B22F17D065D62FA2F622CF1B196F92E0,0,3,3,4,4,18,12.0,3
85CD54CC836B96E9F05428078DFD7696,0,3,3,4,4,21,11.333333333333332,3
58B7ED321E8361D3FBACF4DF4E549399,1,4,3,4,4,17,9.666666666666666,3
E451D416F972019604F1456533FF3858,0,3,3,4,4,21,13.333333333333334,3
D56602E05777DC120340C6BF6D40E6DC,0,3,3,4,4,21,13.0,3
4539608D4915777AC09CF7AD30D86D78,0,3,3,4,4,21,13.333333333333334,3
78CEA7AA04666D7924A253A4AA4C1F4C,0,4,3,4,5,21,9.5,4
97813C801E4E2F479172790F3F2E4071,0,3,4,4,4,21,9.5,4
03C9F7D8C365EBEF3C98122061BFE335,0,3,0,4,4,,,0
AB8DE114D3CF222897522C6DB4C45CD8,5,7,3,4,5,21,10.25,4
3CE93633926E71E22FF0938302B5A863,0,4,4,4,4,21,15.250000000000002,4
3B52FA12C59D046873D8698592DA08EC,0,3,3,4,4,21,11.333333333333334,3
DE4912FBC5F915C027000A8A6FF44F85,0,3,3,4,5,21,10.25,4
527BB449926BA5B088526A264FD49312,0,3,3,4,4,21,14.333333333333334,3
61B6D86D6317C8CC8B66BF535EAFF732,1,4,3,4,4,21,12.333333333333334,3
CF62C17E245938F28D9A86634660A2FD,0,2,2,4,3,11,10.0,2
23C82F7805F34B539BB5509CAFEA75C3,0,3,3,4,4,21,14.333333333333334,3
129FC7D41212A6C1F5633C385C3900C8,0,3,3,4,4,21,13.0,3
46126D2798E42A3DC3A0F1AF24BD2555,0,3,3,4,4,21,13.666666666666668,3
6727647509DA27AD479C0F19210333AD,0,6,6,4,4,21,13.833333333333334,6
9B8683981468A3DA806B6C482FF6E99A,0,3,3,4,4,21,12.333333333333334,3
B1C11C1880C459CAF44FC8622DEB4716,0,0,3,4,4,21,13.0,3
0A4392C9AF54229E5C3348DF9370AF00,0,0,3,4,5,21,8.2,5
957033925A8B7F2A2C2F4577E786632D,5,1,3,4,4,17,9.333333333333334,3
C3026A0F27D44A16C7D0B5AD2D0B5FE2,0,3,3,4,4,21,13.0,3
7CB4F979C9025D90BBBA34B3F3BF80C4,0,5,5,4,4,21,11.0,5
48FFB36AFFB051EC56910335F81BB3C6,2,1,4,4,5,21,7.4,5
8686D8EC6A53D2BA3023BCC1251E336B,0,3,3,4,4,21,13.333333333333334,3
30B4EA8DC536B0DD556FCCAE4284BD1D,1,4,3,4,4,21,13.333333333333332,3
ADCED6183F0309BD69C7A4A0424D8448,1,4,3,4,4,21,13.333333333333334,3
380325FA5DAF03BAEAF3FFD51D633AD6,0,3,3,4,4,21,14.0,3
96163E7AE6419F685350E18D348C6EF5,0,3,3,4,4,21,13.0,3
3ED15772474910FC04CAC6AC513E8E87,0,0,4,4,4,21,14.25,4
386BD0FF3F6F80697D170159470213BD,1,0,0,4,4,,,0
8BC5986635846F60ED5D0E9F67E52CC8,0,3,3,4,4,21,14.0,3
C044422D91ECBC6F378A4008759627BA,0,3,4,4,4,21,11.5,4
C539042D4E59DD6EBD49150DD910259D,0,3,3,4,4,21,13.333333333333334,3
5B84AA0BEF649F6BF43BC3D2014A311C,0,0,0,4,1,,,0
8F780847855ADB932B0121C7278F375F,0,3,3,4,4,21,12.333333333333334,3
10BF1FAC61486C9621C5553C3BF1CADC,0,0,0,4,3,,,0
340FF3617045DC0C8D1F89AFA6CEA4CB,0,1,1,4,2,8,8.0,1
0B5947E4A35A4F1F66B88E13582340A7,0,0,4,4,4,21,9.5,4
8B9EB9AAC4899BF113B8498CBC3478BB,0,3,3,4,4,21,13.333333333333334,3
B91D25D0A49511240F05AA56EFF1D985,0,3,3,4,4,21,14.333333333333334,3
D407419A2E57FC81BF4C6C4334B7DB90,1,4,3,4,4,21,10.0,3
BAF591C245BC6CF5CAA127840F03081D,0,3,3,4,4,21,13.666666666666668,3
7BCFAF1D468E309D866E9FEA7795FF85,0,3,3,4,4,21,14.0,3
6918E7FD30C6141598A4FFC6F536ECF3,1,0,1,4,2,7,7.0,1
62F87EF973E5A5A6D2790E7C679373F1,0,1,1,4,2,6,6.0,1
6FAF26440D250AD0214499DDF954E7A8,0,3,3,4,4,21,13.0,3
7E6F90C9AB757305FD6E4605C030A7B2,0,0,0,4,1,,,0
1F907E1A794D08899DF8DEDCA4A0BE53,2,6,4,5,5,21,6.5,4
6EDA3D9B991A293BA96284EC00708217,4,2,4,5,6,21,8.4,5
98854978508568A4D454EAF6B25BDC0A,4,1,5,5,6,21,6.571428571428571,7
AA594567796363A1615D5F396322F9D1,1,0,4,5,6,21,8.0,5
137944D29FEB9F2C96187C5F6604F5DB,0,0,6,5,5,21,8.333333333333334,6
72251EA3E20EFF796D22FC27740E533F,1,5,4,5,6,21,10.0,5
47BEE5A13F097334FB5C426CAF129ECE,1,0,4,5,5,21,11.0,4
38305AFB026A5ECF3CEBAABB658ED150,1,5,4,5,5,21,10.25,4
B1A46F0467C18F539094677527CB116F,3,7,4,5,5,20,10.0,4
6D91B18936C772558331DB64654B6C49,0,4,4,5,5,21,11.5,4
BFF00C0BEDC08F406D999413584797D5,0,4,4,5,5,21,10.0,4
093642BD46204EB5F950303CE696BC18,5,10,7,5,6,21,9.875,8
A99C556561010E88C12BABA334FA6C8D,2,0,3,5,6,21,10.0,4
991B48F76018351823B3C9C3AEBE7A22,0,0,0,5,5,,,0
914089851FFF3E8C0B3F64C73C8C6444,0,4,4,5,5,21,11.25,4
48EA1B5A51811D700199781B10C48121,0,4,4,5,5,21,9.75,4
122A8AFE79074A57A8ED87F8034E12AB,0,4,4,5,5,21,12.25,4
67EBFEC8E68ED6187FFAD137465A3638,0,4,4,5,5,21,10.5,4
9B6D9BA83A59A7BBB805D8656DF47BCF,1,5,4,5,5,21,9.5,4
1ABF3C1C77FC5DDFC30E92EC387E3317,0,4,4,5,5,21,11.0,4
A98E72E7110470331C8EDB822E9A1D8D,1,5,4,5,6,21,9.0,5
BCEC642620FB741AA4EE43E0FC6C7A05,1,5,4,5,5,14,7.5,4
8A4D3DB968275EB10F8B9920C8302916,3,7,4,5,5,19,7.75,4
9A2369D7E7B958092C281BA4A2EAE787,2,6,4,5,5,21,9.75,4
AD6E1242CA5C458BD5D8E63A0DF7A562,2,0,4,5,5,21,9.5,4
0DB2864E7EC7D29DA4EC1540FFDC419A,0,5,6,5,5,21,10.333333333333334,6
FFFF9A8B436FAAA293AE33E8C6D3ED66,0,4,4,5,5,21,10.75,4
61595D7BF18C79E8D0B7CAF138705CCF,1,7,5,5,6,21,9.857142857142858,7
5553BDCD2D3CE31F0780E182E112ECB1,1,7,4,5,6,21,6.142857142857142,7
21D29079D74D0CA82E5850EB9C86F820,3,5,4,5,6,21,6.0,12
009F38F0C74D2D71E77E282D958CA3B1,0,3,3,5,5,21,13.0,3
0B396F054F2574073A2B4E986A3DAC44,1,4,4,5,5,21,11.0,4
6305D48210C65B46DA8BDB509F8FE8B3,0,0,4,5,6,21,8.6,5
DDA91CC76B1C644C8A13BCBD72B515FF,1,1,4,5,5,21,8.5,4
9E635066BDD2E61E59252D382E0D2C61,1,5,4,5,5,21,9.75,4
8F288CAB6C6396741C17C83D5FC44C5F,4,5,4,5,6,20,4.222222222222222,9
4EBC9E555CE3316055264858BF18DB51,0,4,4,5,5,21,9.75,4
F454E0D882BF2C7E1E0DF7F96DF78F3B,0,0,5,5,5,21,8.4,5
EB18B2001B1A2D61AC02C803D66689A7,1,5,4,5,5,21,10.5,4
8797D8B7EE382EDE5B3E5BAD8F6A325C,3,1,4,5,5,21,9.25,4
58FFFC5E09F0106829F7F2F7074A18C5,8,13,5,5,5,21,11.200000000000001,5
BA6AC3E59787946CFE7804B39352E10F,0,6,4,5,6,21,7.142857142857143,7
083720FCF9892426D5711889005EB164,0,4,4,5,5,20,10.5,4
EF5248DCE9300BA3D17219E29508ECD0,0,4,4,5,5,21,11.5,4
48D0C822ACA6BD0B5FBA8ECD27CBB247,1,6,4,5,6,21,7.8,5
DCEEFEA4E1F5F24560FACF53A166F6A8,3,8,5,5,5,21,12.0,5
96488267CA359B62E02C184468748FFD,3,7,5,5,5,19,11.0,5
74CE0B2D3F78299DAFFB56CA001B7BC5,10,7,3,5,4,6,2.666666666666667,3
EE99F8CB32999A0FDAABBA18B05D4E48,3,0,4,5,5,21,9.5,4
B0501218272494AE4F5752EA8A920AB9,0,0,4,5,5,21,11.25,4
BFE99B51F316372640BDD14B9625C0F2,1,4,4,5,5,21,10.0,4
FDFBC68590B06B23FACCF2DE6A0FEAD7,0,4,5,5,5,21,10.2,5
D47A8C577324D9490FE424B0A11154D0,1,4,4,5,6,21,7.2,5
1010A9A4D76FDDAB3C456113CC4E6C95,0,4,4,5,5,21,11.25,4
A20E7E669E319B0A1912A187C4169AEE,0,5,5,5,5,21,11.8,5
5EFCFE3BCD1E9274A83E516E9CDEF2AE,2,1,5,5,5,21,8.6,5
7DC72A0249398C477779B804F1EA3454,6,0,4,5,5,21,9.0,4
5B333FE2BC3875C6C3882279B51B8BAF,2,1,4,5,6,21,6.7142857142857135,7
BB4149A393D08C6B8F9EF3F89BA25552,1,0,4,5,5,21,9.0,4
989D5092D062D1B432BEB9C618B21431,1,5,4,5,5,21,10.5,4
C8E20454CE52ADC3197F86EAE910BD5C,1,5,4,5,5,21,9.5,4
D7999E9077E211E50458765BCFF24C82,4,6,4,5,5,21,9.25,4
532579121C1D62C00E6B3BE1108B2945,0,4,4,5,5,21,11.25,4
5A15AECA3E40D839E4D6A49F697A3A52,4,7,4,5,5,21,9.0,4
19154B8288B57DD3D3C8F0663AA6960D,10,10,4,5,5,21,9.5,4
4F8458200DBF0AD3A4B095CA35EEA47C,1,5,4,5,5,21,10.25,4
5C17796B779ACEDF08BC3226258BA4DA,0,4,4,5,5,21,9.5,4
E615D6B645599513DD21CD6ADA7A8237,1,1,0,5,5,,,0
A4784F032888570BA1842DB0DEEDEA9A,3,0,0,5,5,,,0
749712F0B8273BFB7E31FE2B6FB0931F,11,3,0,5,5,,,0
D52AC9F2B6477D1CDBE5E32F96497937,11,5,4,5,6,21,3.583333333333333,12
8BFE4E20D2549BD4EA7E60319D371B55,2,5,4,5,5,21,9.75,4
96C1A96FBAD97FB202854F5FF4124D10,3,0,4,5,5,21,11.0,4
3FE4671ADBE6333EC7C9E0E5A49E0D10,4,7,4,5,5,21,9.25,4
0F1E3849A80C270180AB6B9F9F7DA1BE,0,0,4,5,6,21,8.6,5
18E411FDAAC1721AA04F64BC6193F968,1,6,4,5,6,21,7.666666666666666,6
B1718F832C3C2036BEE954099E4A1F87,2,6,4,5,5,21,9.25,4
2D649F568EAB97A00C4161984EB033F3,0,0,5,5,5,21,9.2,5
2D9E0576B4F80F8F7B8A7E99F5738E54,7,3,4,5,5,21,10.0,4
8B38AE00504B75A9ABAA20843DF4976A,0,4,4,5,5,21,10.25,4
6092674E1C16CF8F8282FB90A8EF0DB0,0,4,5,5,5,21,10.0,5
D8C7E1871808BFD23277C7DE93589F97,1,6,4,5,6,21,7.0,9
19E8A766489AD87102E75738DAB2BC44,1,5,4,5,5,21,6.25,4
906818DCBD36021F3F1C62DF8A2B787C,1,4,4,5,5,21,10.5,4
A5C898B900B93A5FB59BDC3B712F3280,3,2,4,5,5,21,6.5,4
19459BCAB2C300C598A15690DFCB33AF,2,0,4,5,6,21,8.6,5
A0E4CBC39F80333CD04752389208DBCB,1,0,5,5,5,21,7.6,5
9A981B644DEF26EEBDB40B9717038D67,0,0,4,5,6,21,9.0,5
C7DD86F06FD4AA8A0967E27E20750FCD,1,5,4,5,6,21,7.833333333333334,6
7AB9D5F7D122A38CA8769C9C93F3A12F,3,7,4,5,5,21,6.5,4
D31F0611DE6B94A5F001584286883AB7,3,0,4,5,6,21,8.0,5
DF2FC56E807EAF16E852AEAB67E0127A,2,8,7,5,5,21,10.999999999999998,7
C66EF671FBD518BCD76492AEDCAB1D72,0,4,4,5,5,21,10.5,4
4242F3099015CEED6E973B209C3C48BE,5,9,4,5,5,21,8.5,4
60399FD820E8529CA63D0C69C8B4AD45,1,4,4,5,5,20,9.75,4
AD540E549BA77A71A7459EEAF2F8D3BC,1,3,3,5,5,12,4.5,4
6E9C94A5D1BC5FB4380EA3C5D260FCAE,0,0,1,5,2,4,4.0,1
F73A0D4A6FB35C664DDAE0F4F145F8B0,15,2,4,5,6,21,6.285714285714286,7
2481B9CE9B351AD7969027A6E4F695B6,3,5,4,5,6,21,8.4,5
967CF15817AA3675258C78E74DFBAD50,2,1,1,5,3,21,21.0,1
8D74209816945E39351F2756CC97E3F5,5,0,4,5,5,21,8.25,4
2BE674E2539938C1CDEAABD6E139E95D,1,0,4,5,5,21,10.25,4
09CAEE95CE99F27D00EA630EEDBCECA2,0,5,6,5,5,21,12.166666666666666,6
24A1296E92EB00D6C1A2EFDF6320357B,3,7,4,5,5,21,10.0,4
A11C54B46966F6B464E913FC4A90E8D1,2,6,4,5,5,21,9.25,4
930C620D37EB29FD251102BA9FAB2DA9,0,4,4,5,6,21,3.7777777777777772,9
567422321BBB432EC2CC014A510E61BD,1,5,4,5,5,21,11.25,4
952593544FF78585E08BCBD1E858B570,0,4,4,5,5,14,7.5,4
81A07F200581534596EAE948BDEE015E,1,5,4,5,5,21,9.75,4
4D38AF508E466CDF5FF6FD9F93892F1E,2,6,4,5,6,21,8.2,5
1F40258A3B62E43C498D602201A7D9E0,1,5,4,5,5,21,11.0,4
4D2510F8432E1848C9AB5930AEB7786C,0,0,1,5,3,5,4.5,2
0327F416764D41EC8BB412C34A06C8D5,0,0,4,5,5,20,9.5,4
023A2DB99CC3F70A4B71869C36952D74,1,5,4,5,6,21,9.0,5
29DF381770B222F7B38816A88E616A34,0,0,4,5,5,21,10.25,4
15FDE87CB8846216C26963C02197A9CE,0,4,4,5,5,21,7.5,4
90287B73192C310F80524919F7D17F88,8,11,4,5,5,21,8.75,4
D080448F30478B62480E0E01CDBDBF0F,1,5,4,5,5,21,8.75,4
28602A1E1BE4554B82E5CF3A9C1ABC3B,1,4,4,5,5,21,10.25,4
8FAA537644016874FAEC2B9F031990E1,2,1,0,5,1,,,0
39A31547EC2897F7C20505E9C3850A8D,2,0,4,5,5,21,9.25,4
30BDB608211EE7B2E8488B00E246B7FC,3,8,6,5,5,21,8.5,6
C7454C19105316BAB67F9FC48AC0F534,3,6,4,5,6,21,8.0,5
B50DFAF00285254A92671B5CB91D972D,2,1,4,5,5,21,9.25,4
32691653B988011A1D8855300C372CE4,4,1,4,5,5,21,10.25,4
4A265CA54699214E64E300A0587DF907,1,0,4,5,6,21,4.181818181818182,11
A392E0E86B625955098EFD379E003F24,0,5,4,5,6,21,9.6,5
9BB9AD4CCB4E6CF4F5CD740FAFA6949A,0,0,0,5,5,,,0
FE9D1DDCBA8964497232CAD1D22729A7,3,0,0,5,3,,,0
A2294FA6C18E3EE8D77DE7E554F03286,2,2,0,5,5,,,0
A91AAEDD376FE48EA2866594A13C5C2E,1,4,4,5,5,18,6.5,4
276EA0F867FD5E24356C984081FA959F,8,8,4,5,6,21,4.23076923076923,13
7CBF44EFDDB9E6401F31786BEE071196,0,4,4,5,5,20,10.5,4
8BF7E118BDC4D008D6B28FCCEDC38083,0,4,4,5,5,21,10.75,4
3CE1655CEC10EC3111E5A5A7B267C017,0,4,4,5,5,17,8.0,4
C29C4E628FB29C569CDA43CBECB6E2A2,0,4,4,5,5,21,10.5,4
6E23837E71D88642E8AA665239D54280,6,10,4,5,5,19,6.5,4
3A9B0C063FC309F0B918C7885EDEA71D,0,0,4,5,5,21,10.5,4
CF9265E07AD603201AC4E10FA990E639,2,2,5,5,6,21,5.333333333333333,12
27A574ADFE1884A1F60965FE0A2F8C6C,3,0,4,5,6,21,7.4,5
BBFC6FBB1E0C347719619D3C6326073D,5,1,4,5,6,21,7.8,5
5A3CF9263E0721DE9B83C5B7E7FB574B,2,0,4,5,5,21,10.25,4
CF3C32AC187A0625B05CA62DACE03E1D,0,0,0,5,1,,,0
B4252790327A2AA2FAD7D0A77E1F18CD,6,4,4,5,5,21,8.75,4
1BE1C7EAA4E06021D7A92461C2B01E80,4,0,4,5,5,21,9.0,4
58230465C695B0FDDDAE08A481FAEECC,1,4,4,5,5,21,10.5,4
F476C649BB127FA13E0E91F3D662F0B6,0,4,4,5,6,21,9.2,5
35ED140BCD58BCCC7BACD8ECCF6E6156,1,5,4,5,5,21,10.0,4
5E2F113149FAB489080E0893403E8180,3,1,0,5,2,4,2.5,4
45B01CD633FB5630F9D10E7AE802EA2C,3,6,4,5,5,21,8.5,4
A7714CE4891255ADFF5F1048ED95286F,1,0,4,5,5,21,10.75,4
F3779F2B0544630A7544BA7694CF3938,3,2,4,5,5,21,10.25,4
97FC6F7C4648588BD15B4355D43C6BB1,0,4,4,5,5,21,11.5,4
6C6BBE24D96DF8AFE40DF633BB300AB4,1,4,4,5,5,21,11.0,4
444248CAA1403EAAF1132C90B5DD8C44,1,0,0,5,5,,,0
36F3B932C5FAEAB4CC2272E770D0F717,0,1,1,5,3,18,18.0,1
A614549F960464C0AABD5E8A26166EE0,0,4,4,5,5,21,10.75,4
1A010BC81C046E9894CF3B31CB1DD2B7,1,0,1,5,1,0,0.0,1
EA4E9F1940C0F60292E3DD5FCE5C6BE4,0,4,5,5,5,21,8.8,5
4BB019F8F6D1FE7BA78CA42A4698EF56,2,5,4,5,6,21,8.4,5
12D0BA417960F6B9626AD99F9FE08698,0,4,4,5,5,17,7.5,4
12E0282C84F2370A038AC4F6C353227A,2,4,4,5,5,21,8.5,4
9F8D4A18FC571082BD1D7AA5597756AD,3,7,5,5,5,20,9.4,5
031A51C8350FF183C2C5F2AB9AD00753,0,4,4,5,5,21,9.5,4
9F5BC654BF20B61921BC054544B1629B,0,4,3,5,5,21,9.0,3
5B5CFE36E6E7845987746A3440D4DAF8,1,0,4,5,5,21,10.75,4
06DE385FB8FE1F9B3C866E5645866023,1,0,4,5,5,21,9.5,4
DAD2E26F6C0E4C6631490AC31BF2DBC8,2,6,4,5,5,21,6.75,4
74EFDBFCB53D83E8725D95130BA74879,0,4,4,5,5,21,11.75,4
EA5EB2459B13C163D6F1AAD3262293A5,2,6,4,5,5,20,6.0,4
7555C0DCEAF5B37E48F328B269DE5CD9,0,4,4,5,5,21,9.25,4
3F5338051A4DEFA32713D2901E541BEE,1,5,4,5,5,21,8.5,4
84690B86D5DA141638BAC264173308B2,4,3,4,5,6,21,6.0,8
957F13D46C5760E97F3C1EAF222971C7,2,4,2,5,4,21,16.5,2
F5E70A3073EA182872DD0BE8D8AB1786,4,3,4,5,6,21,8.6,5
52C46CACF3BC639BDBA90E59F7F2949F,1,0,0,5,5,,,0
1AF671545EFF5575637F0171EDEA8AF3,4,7,4,5,5,21,9.5,4
53EF5C7357527DEFCBC722E886E242A5,2,6,4,5,5,21,8.5,4
B6E94FA5E946585CD3926EE5DC539689,10,3,4,5,6,21,8.4,5
1ECC54C2C5D1B0E6931B2981E604D3C3,2,6,4,5,6,21,8.4,5
5BDFE4DDCBDE4C77E6BAD8F34E935F05,1,0,4,5,6,21,9.2,5
B42CD43328FFA37DA41BC64C3DC1BB38,1,4,4,5,5,21,10.75,4
1B022A1C829F79C7F63AEE6E4C7ECBC3,1,5,4,5,5,21,6.249999999999999,4
90E348A71BE256C926E1F8A86314D583,2,6,5,5,5,21,10.6,5
EDB3D96DF92A124162C4CB785E0DF7E7,0,0,5,5,5,21,9.8,5
A5E001C7D37C1B41C4D61560AE5195AD,0,4,4,5,5,21,10.25,4
19AC79A99DEC69AED51C4EBE7F2DC4F6,3,6,4,5,5,11,8.25,4
EA99855EC87863577E5C88218E496281,0,0,2,5,3,8,5.5,2
47A8CC215AA66ED9190E8E11879B8502,0,5,4,5,6,21,9.6,5
4F70EA69650ED28EA2C5882DA2F9787D,0,4,4,5,5,14,8.75,4
C6744BD11EF12F9BC33F8A9BAFB642D6,1,3,2,5,4,21,10.5,2
51E3AEBCB31617B0A5EC1A48877E9A70,1,5,4,5,5,21,12.0,4
E93192CD2EC3D159E9A5B105E479E78D,2,9,8,5,5,21,10.25,8
22A78172D80C16E12B45C62A746F1461,1,4,4,5,5,21,8.75,4
19A52401D23AE9E42A176C6ED9AA5F08,3,6,4,5,6,21,9.2,5
B6A852E363401EA14822CA69C8F620C7,5,8,5,5,5,21,13.0,5
ACD033F637CA3A9C43CBF8ACFB48F8B6,2,6,4,5,5,21,9.25,4
3CB265E3644506572FFFC80A7DAD0E78,0,4,4,5,5,21,11.5,4
75175BB335DF0D40BC67FB1AE45C8162,1,0,0,5,1,,,0
6E6F601F343765392127DF415599B125,1,5,4,5,5,21,5.75,4
C4DDB9EF96A9030670808392326D5A8E,1,5,4,5,5,21,11.25,4
32A6DDD2FF644EEC9C87F474040389DA,0,4,4,5,5,21,8.5,4
DD0C9E0425155960EA9EC58314A22431,1,5,4,5,5,21,9.25,4
C3BE30F17AF22F7BA9E348840EB9FB6E,1,0,4,5,5,21,9.25,4
BB682AF32920E290D1E3EB94C6DD594F,0,4,4,5,5,21,11.5,4
CB8D3D1B22502C78B5ED66A08A5C7CED,0,0,4,5,5,21,10.5,4
CE24B98FDB40DFD8FA769844135C2852,0,4,5,5,5,20,10.0,5
0EE8A8A192E07C08CF7318F0CF1474A7,24,28,4,5,5,19,8.75,4
71074587187DBBC766DD51DF46F84EE5,0,4,4,5,5,21,10.5,4
C83B5F6B4BC4680D9E627AD2BDD49E2A,2,0,4,5,5,21,10.5,4
C0F34D18F0AE64D764EA8C47C6706F7D,6,1,4,5,5,21,9.5,4
5DEF1A0392AA751AF7EDCA78C5E54EB2,1,2,1,5,2,0,0.0,1
3E1D87181278B3A168A9794B1ED7F8DE,0,4,4,5,5,21,9.25,4
4EF5B03204750DD9D0A50E8E9414C7E1,1,0,4,5,5,21,9.25,4
7C2F5BC71CBBC77D23A91859F437F5D4,0,4,4,5,5,21,11.0,4
9776078469CC89E9D043D18197701134,1,4,4,5,5,11,6.0,4
4826C4CB141A13B7549BAFFBF296E814,0,2,2,5,3,6,3.0,2
735A12965F3B0724C4E3951F20413BDA,3,6,4,5,5,21,9.5,4
49F258F293DC7D97153F5F1046FBD268,1,0,5,5,5,21,12.6,5
7982D1EFD8279DE6F9448A187C74485F,0,4,5,5,5,21,8.0,5
301BC1F35B8E23473038CC0F7CB8C016,0,4,4,5,5,21,9.5,4
47055E61DA0D1DF28229E1096D48492A,0,0,4,5,6,21,7.6000000000000005,5
428B364B8F2B42ED8D7C5AD1020705EF,3,1,4,5,5,21,9.5,4
434B79A24E73A32E488354A1AAD98495,8,12,4,5,5,21,10.75,4
29DB369432F8962FFE5B5C09A856A66B,1,4,4,5,5,21,11.25,4
38D65030548914B5E167CE85B035CA8F,44,33,4,5,6,21,2.857142857142857,21
3CAA89457CB5394B44A124B6BDBDFD70,0,4,4,5,5,21,11.75,4
0B07B90485BF0E79B25DD61D07D12172,0,0,3,5,4,7,4.25,4
BA6EF33BC97A7E0C72E257EE1150523C,1,1,5,5,6,21,4.2857142857142865,14
C709100C7F82FEBF01FD5BE70D4F32CE,0,4,4,5,5,21,11.25,4
39124581B3714A307E88EAB8A2251614,0,4,4,5,5,21,11.25,4
D35DA33EF289F9A19918E95F11CC261C,0,5,0,5,5,,,0
208AEFC9804F025C9AC0BCB81392F160,4,1,0,5,5,,,0
EE5C865A1AA650B55F4531B6EF774DA0,3,3,0,5,5,,,0
C6612BDBF9E70C3C8A39B77FFA145CB8,3,4,4,5,6,21,5.0,12
1AFEAF095436B89EF7D2B9EC4E8723E6,0,4,4,5,5,21,10.25,4
CFD21DF2629D9493B5FB0A0971370481,3,7,4,5,5,21,8.5,4
F31E142FB4557BD379A87530B6085E7D,0,4,4,5,5,21,10.75,4
FD46EE61C22A10F97D29D527EDF7BC7D,0,4,4,5,5,21,9.5,4
6C93FEA18D6B045DBB398D2CA27670C5,8,7,4,5,6,21,7.8,5
F7EEAFC83151D94AD81634030EC5451E,6,9,4,5,6,21,8.4,5
BC32E2A491CB75FC2E83F80CB45AC3BF,5,0,4,5,5,21,11.0,4
CEBA063FD7BF190D727CC948185CCEC8,0,4,4,5,5,21,7.25,4
2B6D9C77F287F5C021EC7297203D412B,1,7,7,5,5,21,8.857142857142858,7
B2F661E88136265632545A030F09A88A,3,6,4,5,5,21,8.5,4
FE4BD7557844FC45195253EF512FB3C5,0,4,4,5,5,21,12.25,4
EED353A934B17D0F7C038AF551C14D2C,0,4,5,5,5,21,9.4,5
68B5D960072F6FE9F0A5E5E01695F332,8,1,4,5,6,21,3.923076923076923,13
FCA08F9B0DCB6E33A74F672CE7F73BE3,1,0,4,5,5,21,7.5,4
EE8F8AF2222A86FE4D46F4A399FABA0E,3,0,4,5,5,21,10.0,4
287443FC466C3CBF107AE8883DFD0883,1,4,4,5,5,21,11.5,4
826E7EC2231AD51101D79DBEB13FDA45,1,4,4,5,5,21,11.0,4
EB6670C48DF32E92DEBBD92A245B1B55,0,4,4,5,5,21,11.25,4
1555D5BD0FDDBD14C0697B646BF3091E,0,4,4,5,5,21,11.0,4
49DD2AFE43921BF1D1F59FE0254E673F,0,1,4,5,5,10,4.666666666666667,6
0A507AE0DB56197CB90D0FE9439EEC08,1,5,4,5,6,21,7.4,5
260F744C558B490AA7A98F05BB3E9E05,1,5,4,5,5,21,9.75,4
1C29FBDB9C4CC0CF27B819B487A91CB2,3,9,6,5,5,21,13.5,6
9C43506F568F17E513B9DB084FDCF42D,0,0,1,5,2,4,4.0,1
A3BF370CA79411DED3D5E806B291933D,0,4,4,5,5,21,11.0,4
978DC1458838F4711A9F1AFDD94611F9,0,4,4,5,5,21,11.0,4
025FF377B4148748AF5743A54761EA15,29,7,0,5,5,,,0
9D956C83A0AD889DDFCA96A7589A40AD,6,11,6,5,5,21,10.833333333333334,6
498863DFCF5947A4D6DD8E82CC1BB322,0,3,3,5,5,21,8.0,3
AEC2CA5E93CD385AF322CC8B6E9C5534,5,1,5,5,5,21,12.0,5
C0C07AED1A963A29C83731C2371FFC72,3,0,7,5,5,21,11.285714285714286,7
06F1C673C13A88C11D6D9A650205B2E1,1,6,5,5,5,21,12.2,5
4ABF69A40A3BC6057CD49D74A6C18AC2,1,7,6,5,5,21,14.666666666666666,6
34BA06C3D751444A218BC22E0092EE8E,0,0,5,5,5,21,8.0,5
10C65E08F958FE2115B67505742C2CA5,0,4,4,5,5,17,9.25,4
0E5DAB111CB3C0001C0019712A83CB49,1,5,4,5,5,21,9.5,4
6B41B995AAB96DF47E8B522BBD2358C3,1,1,4,5,6,21,10.6,5
8F773E0EB0BB6A4C55F42382025236C6,2,0,4,5,5,21,10.5,4
BFD4EBE156525A32FE1824222EB5FDB3,4,1,4,5,5,21,9.75,4
DA00B27EE3A7FA06D967B74E0D440E5E,0,6,6,5,5,21,11.666666666666668,6
F9FF497C871834C40CECABF0180CD99E,1,5,4,5,5,21,10.0,4
F547FF35093331CA59F4CCD0D38E7E89,0,1,1,5,3,4,2.0,3
E415D4A90F9A9D8B784B3BCE2F5678B5,1,5,4,5,5,15,7.25,4
4542CFA974FAA3C923527BDDA50397B0,1,5,4,5,6,21,8.2,5
3B1EC879875F9C6B1AAE0A09BE08FA7F,1,4,4,5,5,19,9.5,4
BFC4C22D2C9FF3D314BC4F1D86E92044,0,4,4,5,5,21,11.25,4
D085B6D6AEEA6314350B46AE987CD114,1,5,4,5,5,21,11.25,4
643FE5852D0E51D0EED9DCB0266CB4D6,0,0,0,5,5,,,0
EAC7FFDB911F797E6E6D202438CBC920,0,4,5,5,5,21,9.6,5
7B47A1D15F9E19E066778B39A7F5B73D,1,1,0,5,4,,,0
BC48196DA09F2E711FD4C7A16EED870B,3,0,0,5,5,,,0
86C4C88BB61CB464B3413875591AD4B3,1,5,4,5,5,21,11.0,4
B9539384306C5D3C6F9AF4949FAFAD69,0,0,4,5,5,14,8.25,4
F19B8122771D0514F440E914B722656A,1,4,4,5,5,21,11.75,4
B86F2389EDBB1E46D7913ED25908E086,1,5,4,5,5,19,9.75,4
504D26F44414067FD4E584D5673D801E,0,0,4,5,5,21,10.5,4
9E6E0D8212D773AB0AC96B8000AEF436,0,0,5,5,6,21,8.0,6
C70D7B092E7900B08A63C36C5D908CD8,2,6,4,5,5,21,10.5,4
9A8AE3E564C39A19676EE9F610D4315D,2,5,3,5,4,4,3.3333333333333335,3
329CED961E142CCB57A242EF7E7CD210,1,4,4,5,5,21,10.5,4
4CE05A8987B120E813547C42ECAC02D3,2,6,4,5,5,18,9.5,4
EE27FC8D3F372EDAE4CFE45030DA9E9F,0,4,4,5,6,21,9.2,5
69085111386F1EB6418038E55A8AB149,5,1,4,5,5,21,9.25,4
0E8FE385EA5F172D219A555FBFC6FFAF,3,3,1,5,2,2,2.0,1
4A47422A455E62E3529DE4F9F3BFAF66,1,4,4,5,5,21,11.0,4
56B7FF587AE3D5830E33D141EFE7057B,2,7,5,5,5,19,11.2,5
F1A4ACA5337DF6B0DAE14420BC457CE3,0,4,4,5,5,21,11.5,4
62BC44432D6014D99E9B6E1C08C015DD,0,4,5,5,5,21,9.6,5
3507E9C35C667132F5FA0407356C7ED2,2,6,4,5,5,21,10.25,4
D233EC5285D7ECB23023902D5CB812E6,1,5,4,5,5,17,6.5,4
6E66FDFAD3496F82200B2C23B1EF0EF2,0,4,4,5,5,21,11.0,4
74B827B667BE885E4B0AAD8381924923,0,0,4,5,5,21,10.5,4
5D8A7AFCAAEE84500AE904656B556E63,2,1,5,5,6,21,7.0,6
F8D02828AA1A4E28F9612CB41DB8BC16,9,0,4,5,6,21,7.333333333333333,6
50D8D0C89D69EDAE2F04E43E90DB59C1,1,9,8,5,5,21,9.125000000000002,8
11351D26EFC914BDB62006215A68D1D4,3,7,4,5,6,21,8.0,5
52AA49EF79311AA44FD0E368B5AB0287,1,1,0,5,5,,,0
C964A38C9FB26D7F1B970708DCF8BD1A,0,4,4,5,5,21,11.0,4
714220F75A804D8F32059040C7E0E689,7,1,4,5,5,21,9.25,4
BDD854D198AD34410E91C75C2ED5F525,1,5,4,5,5,21,10.25,4
507A1DC847D24D75FF695B61B5F30244,0,0,2,5,3,6,4.0,2
DC3385FCDBAC11484BBCCC308336B549,8,9,4,5,5,21,11.0,4
AE50AB6BB1BD11E8354FF4F14F9E0AF0,0,4,4,5,5,21,10.75,4
0617A09ABF92B4E5CD854F64FA86F8A2,0,4,4,5,5,21,11.5,4
17A6B18F52178D4C258DEDC5CDB93F3E,25,18,8,5,5,21,9.5,8
5C97A22ED49A8C349246F6E2737D6384,3,5,4,5,5,21,11.25,4
0EFB0745A4CBEBC4D3A74BC7C1DF62BE,1,5,4,5,5,21,6.75,4
A1BAD185B9C6654FD433BF487E998D1F,2,0,5,5,5,21,7.0,5
3D01D6221D54D40DC42C3D6FBCCEC926,3,7,4,5,5,21,10.0,4
486D0900B48B18D315367260129BFFB6,3,7,5,5,5,21,12.2,5
4B802C0B5860559DBAEA22F0DBABBC73,0,0,0,5,2,0,0.0,1
94E691DE59E7A869E02CCC207D0EB360,1,4,4,5,5,21,11.25,4
12778CF154E8F1CB2AEEC082EBE5C9D6,1,4,4,5,5,21,10.25,4
080DB8B23066DE56D78C5F570FF5A019,2,1,0,5,1,,,0
8367316E48117FEBA6749BB268DCE349,3,1,3,5,4,5,3.0,3
D5F910F5656E52E08B6E0AC1B22FC015,1,0,0,5,1,,,0
D5544C064404DC6067412B1272F848D6,1,5,4,5,6,21,9.6,5
807CBDB890D8073D290F36F2AF874633,4,5,4,5,5,21,11.25,4
7CFBD70CDF894CBAA9510562436D005B,1,5,4,5,5,21,10.5,4
50C7B60825AAD15516B7CF8C8087CEDF,0,4,4,5,5,21,12.0,4
DBB5394A11087CEEDC0A3AF436BA9E16,1,5,4,5,5,15,6.750000000000001,4
23D89EE594C105BFA999295B38C80B2B,3,0,4,5,6,21,8.4,5
748D7E7FF63D2D09D4EFE1CFE2161A47,4,2,4,5,6,21,7.4,5
FA51D0BF4D8917ED78BB6C5685F5D786,0,4,4,5,5,21,11.25,4
29BD2C707A819406DF4D8E93F0A9621A,1,8,7,5,5,21,13.571428571428571,7
5971E1FCE8E80C34B13F812D9AB53749,0,0,4,5,5,21,10.25,4
8CB59505475E927D8A604215C5050E0C,0,0,4,5,5,21,9.75,4
9C4FEFAD17C4F7ED14D582A181B34264,0,4,4,5,5,21,11.25,4
5B122A89F8689C61E9169F237B372A54,1,0,1,5,2,3,3.0,1
D0017E7DBFA9EBA3DC51FA8A4B1C1712,0,4,4,5,5,21,9.75,4
BF050559A5231C5FE89B5BCB3716F8FE,10,5,6,5,5,21,9.0,6
8AF6C2B07CBA18947A6C608DC3805B09,1,0,4,5,6,21,9.2,5
F154DDCF109101990E0CA2A229DB0EA5,0,0,1,5,2,2,2.0,1
F1C195752AEB7886B8B3DE096E73648A,2,2,0,5,1,,,0
C38E5A1FDAB0CD79AD2637271F794164,0,4,4,5,5,21,11.25,4
1A6F117EC48594AA7A7B3A42A605415A,0,4,4,5,5,21,11.0,4
2C2D9D051A784492EDD74FDEE6DAAD56,0,0,4,5,5,21,10.25,4
00802DA458DB2440535C1C3796892482,0,0,0,5,1,,,0
F3F54CF8FB09DEEA7B56B4F2D14B143F,1,4,4,5,5,21,10.25,4
3AF878DF2D82CB843607C005B0729451,0,4,4,5,5,21,7.75,4
0775BE736354EE4B58F55B003A7F15D9,1,2,1,5,2,4,4.0,1
AEEA925CACA0062BD6684AE6B5DF065E,13,1,0,5,5,,,0
C1A0D9FB3527654CA715A732B5FB5202,1,0,6,5,6,21,7.125,8
10E9895D671A377BE368B31F5A36D50E,2,5,4,5,5,21,7.250000000000001,4
D07EB9B932D208DA09AEC1042B2029C1,6,3,0,5,1,,,0
28F32FCCF120DAFA30E0DCF4F4458F98,2,5,4,5,5,21,10.5,4
6A00786EA3CD8B09AF0C0AA809E67298,3,4,1,5,2,1,1.0,1
B30787C05C06500CD533F46103028738,1,0,4,5,5,21,12.0,4
0063CB0FA67274924C574A1A2F3FC614,0,0,0,5,1,,,0
6F0CFDB572D883C404AA43B549E81D45,2,6,4,5,5,21,8.75,4
C8232C9EF08E6811491A4D7A2313AD5D,0,4,5,5,5,21,7.2,5
20A3F94DE1F057B2684F1DC00D5BE0B6,0,0,4,5,6,21,8.4,5
BA57B56B417DAE6061664E5822D0BD82,2,5,4,5,5,21,10.75,4
DF59F923D29B30CCF47237A8190985C4,0,0,0,5,1,,,0
FB880651AEC1683AA25CF23E9E67A8A4,3,2,4,5,5,21,8.75,4
B2AC10B655AA834B86A4617280DD57D8,0,5,5,5,5,21,7.6,5
6ACF13FE0B8F43882FE6D21296F8F5DF,0,4,4,5,5,15,9.0,4
CA980CDB93983E6617D8C8FAF190AF90,0,4,4,5,5,21,8.0,4
26A23057CC9742DC92493FC5CE2ABA9B,3,1,0,5,1,,,0
FE71F8CEABCF57569D049C960601A6C6,2,1,4,5,5,21,10.75,4
79E022C8E9742BFE406EBBEDA89946E3,1,0,1,5,2,1,1.0,1
114657EFF1B1073BA26682F85FDC4B8C,1,0,5,5,6,20,3.846153846153846,13
A9C5BCCA25A98EB83162BEFADCB7B38A,6,8,4,5,5,21,10.25,4
EB62FD4BE6FBBDC575C8BBEF40CF4FFB,4,7,4,5,5,21,10.25,4
72F09205C195C6255BB88E9207C9CD49,18,22,4,5,5,16,8.0,4
FBA8767310C829F9C28F06146B83A08D,0,0,4,5,5,21,10.5,4
35F14977E77C94FBCEF82E5524637F59,0,4,4,5,5,21,10.25,4
1EC742C43B8616FAA9FFACED52B88095,1,5,4,5,5,21,11.5,4
3E056B27F7B82865BA29F42CF4262696,0,5,5,5,5,21,12.4,5
B0F1A138DF0F294669A013228784F9BF,0,0,2,5,3,5,4.5,2
8018DAE1E5D50BCEE12F140F9628C0E1,0,0,4,5,5,21,9.25,4
9671D4765AF66016ECBBE23BBC94B47C,1,5,4,5,5,21,10.0,4
D161D6FAE5A7177D62751A3323105614,0,0,4,5,5,18,8.5,4
1F85C1136C7E636D8565505BCAA75E8F,0,4,4,5,5,21,11.5,4
7FAD5B22FFD8C9FCF710E2FE86F5EE82,1,5,4,5,5,18,8.75,4
40C229431AFC4802BD2F4B7EEA6D7599,4,3,4,5,5,21,10.0,4
859CEF4892A61AB5325BDB57A5B1CB0D,0,0,4,5,5,21,10.5,4
FE7A0ADC9F763607C473865F6BC88834,0,4,4,5,6,21,8.2,5
7FB2FBD4A651047CF064CFD5028FAF31,0,2,2,5,3,9,7.5,2
08A82696577618549605E49992BBD83E,0,0,0,5,5,,,0
2E9E7E0B300EFA3D4E73EA686E0EEB58,0,4,4,5,5,21,11.0,4
D4C1F412017F567367B7E189BBB46A80,0,0,2,5,2,6,3.5,2
16C1832522326ACE532DC54C9C82D49C,1,4,4,5,5,21,11.5,4
3B36DABA665909A2252F013BD95F5833,0,0,5,5,5,21,11.4,5
599F51830B4E8DCA85348F8BDAB96585,1,6,4,5,6,21,7.8,5
958DB5AB6DF722E891F59DCAB102A54E,3,6,4,5,5,21,7.500000000000001,4
0CB6886B20DE2210225F4BAEB575AC71,1,5,4,5,5,21,9.0,4
AEA15B13EE3AFE38D0131DB1237400A7,1,5,4,5,5,21,9.5,4
A6B92C2898120AE74F643053E83E0F9E,2,0,5,5,5,21,9.6,5
1B8DB48C9705ACC67F6D901929B0A890,0,5,5,5,6,21,8.166666666666668,6
59772415A60A0B7E16588D219D7B85F1,0,4,4,5,5,21,11.25,4
55A08CF365CB5B6A5E5A8D103A07317D,1,0,0,5,1,,,0
64B98761AD27A39D7021EC4C577A4040,1,0,0,5,1,,,0
175485249DD530DCC18C1EFD83D2FB0B,0,0,4,5,5,21,9.0,4
6296A0D3E04C3673CD9D93C4DCF1C5C6,0,0,1,5,2,3,3.0,1
860EFF376090269DF25684D8769DF55F,0,6,6,5,5,21,12.5,6
1FADBB5D852C885F2E784EBF9423BBAC,0,0,4,5,5,21,9.25,4
2516509583601EB58C624AA7B9FB3C18,1,0,0,5,1,,,0
081CBDDDC271728DD32842F38C8F1D4A,0,0,0,5,1,,,0
AD0F96C7E7C9971769FEF621FBE84927,0,0,4,5,5,21,10.25,4
83D8C7F90DAF2C832F05A9DDD8693135,0,4,4,5,5,21,11.5,4
59D8611FBC5328E495C4063D35B5861D,0,0,4,5,6,14,6.5,6
82EC0357F7A97115EB30AFC798B49EFA,0,4,4,5,5,21,10.25,4
F0F20F2D606A17BCF459EB5286898717,0,0,0,5,1,,,0
2F5597A6236A6167CE29E31A6EC12A5F,8,12,4,5,5,16,7.75,4
257B4F4CB50FD4B4808AF1B62FBD456A,0,4,4,5,5,18,9.25,4
AFDD4D9A11CDD36BB20222F82D62123F,1,5,4,5,5,21,10.5,4
7709833232AD9720F6DD21A2F5D8690A,0,0,4,5,5,21,11.25,4
6FE60753B138014EF8BA1A32F007CF1C,5,0,4,5,6,21,8.166666666666668,6
FBAE40C1C6A2210AA29158BE6256FC5E,2,5,4,5,5,21,10.0,4
C18D4F7D4769C88197DFD443B97DAB8E,0,4,4,5,5,21,11.25,4
1E5B0F76F3E253BB03C2BBE25E3B9BF6,0,3,4,5,5,21,11.75,4
52EF42933AD38302C75702C3D38BFFAE,0,4,5,5,5,21,9.0,5
9F162037940FC15E9F3A3E9DFCA4D2AE,1,5,4,5,5,15,5.75,4
CD2B54C8F7917FA783E0CA15432CE464,1,0,4,5,5,21,11.0,4
346766ACAD94CEFE291E390CEAC7CA38,0,1,1,5,2,1,1.0,1
D7D45ACCE57485F7245EDBC62BAFFD7B,1,0,1,5,2,4,4.0,1
4FB44ACB6CB532852BE647E68DD246D6,0,3,4,5,4,10,4.75,4
27F68D9DB8F756269A63FD58F724AE05,1,5,4,5,5,17,8.5,4
73B166E7DC4168F8A819B7C27EB9B815,1,1,0,5,1,,,0
3698A531C1806BBBD3635FBE46368B29,0,0,0,5,1,,,0
57987497BA6F3F31579BE9175B10C988,0,0,0,5,1,,,0
94A3DF1421BB357280AC573BE80921BC,0,4,5,5,5,21,8.2,5
7E361BEF49486179291162E469F2701B,0,0,4,5,5,21,9.75,4
0A61114317E5FE2DB50039769CFEE319,0,4,4,5,5,21,10.5,4
66104DA637179E352421E425EF3E1C92,7,4,7,6,7,21,5.875000000000001,8
F663929B20273533BEFE1C2282F88CB6,0,5,5,6,6,21,9.8,5
B8D13BE1078072F7AD0138866DD90F48,0,2,2,6,3,5,2.5,2
B72F655A00A71326CF10DF887466DCBE,2,1,5,6,6,21,6.4,5
7C632AB83C2A58075244891518D3D415,7,11,5,6,6,21,8.4,5
D9563E61AC76501942B6B3B4EBA2BFE4,2,12,10,6,6,21,8.4,10
03948FE68D30FD7BD6B46D1993062581,0,5,5,6,6,21,9.6,5
87459F7AF77EBBD1C5A36EF65193CF78,0,5,5,6,6,21,9.2,5
6FB0DC4B3B77B4945CCC153EB01DE168,0,3,3,6,4,6,4.0,3
B234DE95E7BA43F7D422B2A2ED211629,0,0,5,6,6,20,6.4,5
6F2C69DE0A77E619B2D3F1782F831F7D,0,4,4,6,6,21,10.75,4
DBDD0A6082E1E21A65022E012E49235D,1,6,5,6,6,21,8.2,5
86BE709F4D180CF337D5BB65B768C2A5,1,6,5,6,6,21,9.2,5
810CCFECB02117368BC7A2C07C5CED8F,1,1,0,6,6,,,0
61FEC04CEF6B2BF076BE9F7019A866EC,4,4,0,6,5,,,0
7CD0708B481263C11B97FE80DE5E4517,2,6,5,6,6,21,8.8,5
CD8DC6D99DF0DF0658BF0A1D57F2FCAB,1,6,5,6,6,21,7.2,5
FAAAB64EBB4491B6E98BD3E68DE9EEA9,0,5,5,6,7,21,5.5,8
92B24CCD9BB089EA5EB113072F6202EC,1,6,5,6,6,21,8.0,5
E3ED6A6AA83458854791261F342BA78A,1,21,20,6,6,21,11.049999999999999,20
77ED074CA097860CF2D7178F665BD76D,2,6,6,6,6,21,9.666666666666666,6
E0EDC4F06D823832B65151832F98D679,4,7,5,6,6,21,9.4,5
E80C958E3C33898989A30B8F5A4514F0,1,6,5,6,6,20,9.4,5
F96536BF0BCC6B351289D32CABCC7D06,2,0,0,6,1,,,0
CFBCAB0048A262F665D24E677234EAA6,1,0,0,6,1,,,0
5821B9A774FE43B6F23E5F8E793DB15F,1,6,5,6,6,21,7.6,5
EDD7CD144CF227FB54453390F3C06408,0,5,5,6,6,21,9.0,5
308FF48FF1C75060822960086354393D,1,6,5,6,6,21,8.4,5
A4E4317F8CB2C35BD01CDCB9E418E8A8,0,5,5,6,6,21,9.8,5
AFBDB2DD49C209C4963307E3854F19A2,1,1,0,6,1,,,0
BD5A3594B390BA8DD9489C06CBD73ADE,0,5,5,6,6,21,7.8,5
C07B7139F9F13057205EF87542A49929,0,5,5,6,6,21,9.4,5
5DD6CA2F84172F84B0D08D10E02FD015,3,0,5,6,7,21,4.3999999999999995,10
32C8AD4EFA93405A282CF301BA211D7F,4,9,5,6,6,16,5.4,5
C2C42CBED98C71A25E61D7CC79CC0143,1,6,5,6,6,21,7.8,5
1B52FCA67CE9678CC86CF7127601A12A,2,7,5,6,6,21,9.0,5
8E2C35F60CCD1ED58BBF43272984E73F,0,1,1,6,2,3,3.0,1
EBA46DAC81F308B30BC90208FC883C56,0,5,5,6,6,21,9.2,5
32EA50E1FB1D43BBDCB4B8D423C83D9C,0,5,5,6,6,21,7.2,5
9B70723399566D39DE6BC7CBC525118E,0,6,6,6,6,21,10.5,6
5B5E143556AF47EED54099306EF47CBE,5,2,5,6,6,21,8.6,5
2A43899555261D422AF07565EE51395E,0,5,5,6,6,20,9.0,5
28C3573C64D06BD68E31D18E5DA77ABE,7,2,5,6,7,21,7.0,6
041305E26529F06B0C3521CE0ADC023C,0,5,5,6,6,21,8.6,5
BF117A1E25AC14A1F1F68D104AFEB18D,1,6,5,6,6,21,6.8,5
CA25BB4B75200DAA4714873BA3EDEEE1,4,1,5,6,7,21,7.5,6
5F36B447AE0BD99BD05B4E84B057E556,0,5,5,6,6,21,8.4,5
9163793ACEF2D57D8DE2AF65748362F3,3,8,5,6,6,21,8.8,5
4837045FF7C12C3E661F916D5792B4BC,2,1,5,6,6,16,5.2,5
EC51C9E063BA20CC1A6F954E9C963EAE,4,9,5,6,7,21,6.666666666666667,6
8EC25BFD4E8CB157030F3692FCAFA8FB,4,9,5,6,7,21,7.666666666666668,6
1AE32C0B80648F4516DE4830AD288E02,3,2,5,6,6,21,6.4,5
790018C504C0AD964C8DD8F4F397927F,0,5,5,6,6,21,9.0,5
36EB2A55E0FD24E93BE639443614DC49,0,5,5,6,6,21,9.8,5
3B2A2853F8F553B0986D76360C4E8DB2,12,17,5,6,6,21,8.8,5
626BF302515BA20D1C32C1CA5C23D8D8,0,5,5,6,6,21,8.6,5
49D9F34F22480512FE5B725D46D2B216,4,8,5,6,7,21,6.333333333333334,6
C8DC7E5DCC6A705EE7201AEB725A523B,2,8,8,6,6,21,9.75,8
57F225471F8F7E12203BE216CD39E4E1,3,8,5,6,6,21,8.0,5
D64DDC2439F7219840E0EEA2AC42CAB4,1,3,3,6,4,10,4.0,3
EAA452C246E3CCD96ACAE0634C16443E,2,7,5,6,6,21,8.8,5
3774E8FB8D77F8CCE5A4BC4C59A547B1,5,9,5,6,6,21,8.6,5
051F80A715267A0035D626F7EB86ABBD,6,11,5,6,6,21,9.0,5
F4EA0F2888792BD62555AD46ED534839,0,0,6,6,6,21,8.0,6
A65E33FF253B284033B4F87FF6BD0BEA,3,7,5,6,6,21,9.2,5
AB48D576008899542044F575FF8DF525,1,6,5,6,6,21,7.4,5
4C172770653C905EBF1BC07CCB477C27,1,6,5,6,7,21,6.875,8
BB322D2CA948F548EA3A05A2BD93B1A3,3,10,5,6,7,21,5.625000000000001,8
C7FE9CCE94D88A610CDB2C53D3004AF0,3,9,6,6,6,21,9.833333333333334,6
9690B6E46BD58A8B118514973F0B57D0,1,6,5,6,6,17,6.8,5
D7987E1129FA0207F04061FF4700BC6E,0,5,5,6,6,21,9.2,5
918AB13390C2B040E4B0D5086EBF3349,1,5,5,6,6,21,8.4,5
4896DF08BAF68522FA05E3669EDD4528,0,0,5,6,6,21,8.2,5
2E8DD56C77FB7566DDD991B6E4A03EF3,0,5,5,6,7,21,8.0,6
4FF4247F9374E55182AC6DF97556C161,5,10,5,6,7,21,5.0,8
C175523CE4F5BB5E65A4EC3CF6B1345C,0,5,6,6,6,17,6.666666666666666,6
6FF9F94936F24D5A36AF30FA1D9007C4,0,4,5,6,6,21,9.4,5
6B41795D5E5B7339E007330941C9E201,0,5,5,6,6,21,8.4,5
59DC75C1A255B2681E598E61D806EAC4,5,6,5,6,6,21,8.4,5
9DC9E037D97336D76CEF9C0ACB0BBD61,1,6,0,6,6,,,0
FD097B03D46416BB8947596C844A8BFD,3,8,5,6,6,21,8.4,5
E0E6CCBAF2D53B8285E308AFCECB07F2,0,5,5,6,6,20,9.2,5
493D8D4E37170CA6FAFC40617EB755CC,0,0,0,6,1,,,0
073FD5B36BB079283A7A76A6CDAEE19C,0,0,5,6,7,21,6.666666666666667,6
03993DEF647B5BD37BFB2AB96D54F840,2,1,5,6,6,21,8.6,5
4520B339B7E42A42DC731953E8E22FED,2,6,5,6,6,21,9.0,5
3625F3FD85FD9056BCC10747317EAD2C,1,7,6,6,6,21,11.0,6
D17D42F01E95FAA1D5083EFE4D319503,0,5,5,6,6,21,10.2,5
843FB380D196877C6C4AE1DA4727F1EE,2,0,5,6,7,21,4.8181818181818175,11
4A2A03B50BDA6AC1687703BD39A91E3E,0,5,5,6,6,21,9.4,5
108522345C425B9AEB5F83FE07C1A3A4,3,8,5,6,6,21,8.2,5
ADB20527463A407E77162C54D30435F1,1,5,5,6,6,21,8.0,5
2C45FDF91F91AE8A3A9E6F119E8BED13,3,8,5,6,6,21,8.8,5
9FD6E2CD74490F5DA5F52D249CBB750A,7,7,5,6,7,21,7.166666666666666,6
B175B187062693360BCBADC4160F8D88,4,9,5,6,6,21,8.4,5
114A0DE380912657479BFA28E5C63903,1,6,6,6,6,20,7.500000000000001,6
A51A3E253AE3F2668DC50CB1AE96D60E,1,6,5,6,6,21,8.0,5
7E6FA5CBE62BECB1CA50F83E4F2BD658,0,5,5,6,6,21,7.4,5
B68C46A2078EDDFC330BE0DA97600AB5,0,5,5,6,7,21,7.285714285714286,7
C5894857AF2A8C446F4BEF7280E8435C,14,4,5,6,7,21,7.166666666666666,6
68495553C4E4675C74F6476A12E92ADB,4,8,5,6,7,21,7.166666666666666,6
10EB7EE872216740116C4BA5CF4934E2,1,6,5,6,6,21,9.4,5
84ACE32D33AB41CD0CD25D3307700741,3,0,5,6,6,21,8.4,5
0E0C0F08123CB27BA63037F04FDE9248,4,9,5,6,6,21,9.4,5
C2D9A04FECEE44ED9C9ABE35F5BC33B7,1,0,5,6,6,21,8.4,5
C08E0DCBBC8F969D51C14B0E479EA9FA,0,0,5,6,6,21,8.4,5
3FA9AD30B228B21EA82C38271DBB0BF9,6,8,6,6,7,21,3.375,16
05BD9AF611C45368C75EC68D84DA6DC8,6,2,6,6,6,21,7.333333333333333,6
811898C76CEDFA57991289FAC0C1A004,0,5,5,6,6,21,7.0,5
60406ADD3EE12783E9DF7A35EE8570BE,1,7,6,6,6,21,11.0,6
449AE55152FD5964D7F41417567C804B,1,1,0,6,2,3,3.0,1
7EAE2FF6A2E45A56954795EE7FA84A9E,1,9,7,6,7,21,7.200000000000001,10
2CBC72DDE990377549A3E793ABA078D9,4,9,7,6,7,21,6.499999999999999,8
0F668D1FE72425834C6A5EE9F4F53BCD,3,7,5,6,6,21,8.2,5
6702A2EA5F6159151ECDF9937BB44AAD,0,0,0,6,1,,,0
019016F377FEFB43E822470C38EC7FD2,0,5,5,6,6,21,9.8,5
D58A4CBE8E4200F572CDABF8B8260A04,2,1,5,6,6,21,5.6000000000000005,5
772FA77A888E21BA03492B789D70D44C,3,3,5,6,6,21,8.4,5
1B9D43DD28F6C87D2BF504659D80DAB0,0,5,5,6,6,21,8.4,5
72D04A6D10CF624A03592099F6312E9B,8,9,6,6,6,21,10.5,6
B9D5DACF58826D3BC21DED4CA338BF1D,0,0,5,6,6,21,10.4,5
E4CED5FF15A6593D083D34B94E7960AE,0,4,3,6,6,21,9.0,4
3873A997DE7D443BFE2776EAD5B1800A,9,15,6,6,6,21,7.166666666666667,6
8137A61045BFE96DD2B6B833C6803642,6,10,5,6,6,21,8.8,5
3B55AF991B1565A845BE6A868748C69B,1,6,0,6,6,,,0
5D7A19BBA9677FA063F2BD36115E99DE,2,0,0,6,6,,,0
F9DAB66FDF60FD51DE5FF0BD0856E8C6,0,5,5,6,6,21,9.0,5
D7615EA474D4DA9785D0C09AAFC2CD0E,0,5,5,6,6,21,7.2,5
FD46C9BAC0EE64A46CC4687DC68201CB,1,6,5,6,6,21,7.8,5
2F1281FBA9154F71C3AA18BF51429EC1,2,2,0,6,1,,,0
BE0E22F6A4D02BF0E967B77EB18C5248,2,0,0,6,1,,,0
252500B9002C17DA2D9A095309272A09,1,6,5,6,6,21,8.8,5
2569269D676A75D1F97D854439C3B2B9,2,6,5,6,6,21,7.8,5
CEF3AC7B61219F2A262D28A942BABABA,1,6,5,6,6,21,8.2,5
FD9F09B3F79913652E4FF901A37D23F5,0,0,4,6,5,9,4.75,4
4059062E59F3605CE7A574DCD9997571,4,7,5,6,7,21,5.888888888888889,9
519E294A309B0BD4DCF5A5E2A2CF9F2B,6,3,5,6,6,21,7.6,5
E15F2DF24E3F929C80B2897FC49BE8AE,4,0,5,6,6,21,8.2,5
934172C36A66706B7FAFB7BE6AD043C6,0,0,2,6,3,5,3.0,2
22D92FEEDDFE169270DE4F6F15456EB3,6,1,5,6,7,21,7.666666666666667,6
BA51F9A9955369C32677A7BAC5D434A3,2,7,5,6,6,21,6.4,5
65736141DB8367BFC7F686D4C6B28634,4,13,10,6,6,21,9.100000000000001,10
04BFCF69CE859FD62D429C70F2EC1575,0,0,5,6,6,21,8.0,5
7B33416E0219E1C01561CA9F5917551B,0,6,6,6,6,21,8.833333333333334,6
F0AAB28D7E512FC0BCE9B7CF66EFD485,1,1,5,6,6,21,7.6,5
A3C5BA7BE9F5439A73A57D9010C607A2,4,1,5,6,6,21,6.2,5
0310557C94EE83EB1B91DB1E61EA4203,1,6,5,6,6,21,8.4,5
B2912116E7B957900D6B69D4E50F0F9A,2,8,5,6,7,21,7.166666666666666,6
A83AC1A3B37C04FE73A3B29EA027BA3D,0,0,0,6,6,,,0
C0743A2F03090C1DD1B53323E332C5DB,2,7,5,6,6,21,8.6,5
2018EEC4A9703801F46AE4AA8A9C34B6,1,6,5,6,6,21,7.8,5
1F7CE7823F7646EF6FF99B4B01EC9AD1,0,5,5,6,6,21,7.4,5
3D9F9FD060722791CE2DB360FC51699E,0,6,6,6,6,21,9.333333333333332,6
BE1F4F5090933C8D1709645BCAD0AF78,1,1,0,6,6,,,0
E99370642373A8367041E24044F15EA1,0,5,5,6,6,21,9.4,5
698916A9029D26093BDC57445D84115B,2,6,5,6,6,21,6.8,5
1A348AB0EB91039EB3B9D2378F9D8CAC,0,5,5,6,6,21,10.6,5
1458DD2FE0BA99EE08FE02D37DFA8058,2,7,5,6,6,21,9.6,5
0A4ED932688DC47611C0C894C6E3F350,1,3,2,6,3,4,2.5,2
C65B4227D3BC9EAC53DA13D73ACD2543,1,1,5,6,7,21,7.333333333333334,6
DFDFF5733CFE5FDA86F7B739433D0007,1,6,5,6,6,21,8.4,5
89805ED468CF2AD1C13214CFA41149C5,0,0,5,6,6,21,9.0,5
7D0E2D17EF9C82BB71976FA0C2A91105,1,0,5,6,7,21,7.166666666666666,6
A05ACB383D79E187B98B95E9C749C416,12,15,5,6,7,21,5.714285714285714,7
91A73E29EFC7505DD84181ABFDC0244B,3,8,5,6,6,20,5.4,5
20BF8AFEDA29A623F9ADE3D40EDF9491,1,5,5,6,7,21,5.5,6
942CCB2E186DDB568DD87DAF453705BE,0,5,5,6,6,21,8.0,5
170CF3E9BB2F3D3AF1924317E38A1A86,1,0,0,6,6,,,0
3A1B5A55C33A7EF1A37C909A753606B8,1,6,5,6,7,21,8.166666666666668,6
4981881A07711A41C3C9C50641E5F1C1,0,5,5,6,6,21,8.0,5
F7612205BAFC8569AF251DAD4F4CF37E,5,0,5,6,7,21,5.5,6
249C86EC0F375335616143147E7F564A,0,5,5,6,6,21,8.4,5
C14A95DFD8457015BFFCBAF2431EAFCF,2,7,5,6,6,21,8.4,5
374B723DD4CC38508FE82D09DF14193C,0,5,5,6,6,21,10.0,5
F3B828F6494B7972EB521C528012C2C2,7,11,5,6,7,21,7.666666666666667,6
C6EBCDFF46072C0D820DB7D1E36E7C96,0,2,2,6,3,5,3.5,2
C1483F477709CE11455CE0E9E46E597A,1,6,5,6,6,21,7.8,5
975872A64FA3F70680C69E067208A941,1,6,5,6,6,21,8.6,5
AF0D4AA31F5CC6DADA427AAEA0B7FD2A,1,6,5,6,6,21,6.0,5
E60C69A0137DC94933335C299D122033,5,9,5,6,6,21,8.4,5
E8205FDB6730D96FBA5804ADE5E6A1FA,3,7,5,6,6,21,8.6,5
2C09084CE40D1FDA2E9C3157E8CCF4DF,1,6,5,6,6,21,9.4,5
ED9180E1C32F3AC46474FE4C25E36909,1,0,0,6,1,,,0
FFB0B799F5051FE90BDBCEBF0F2F1084,1,0,0,6,6,,,0
CC2AA376D92831200B850CA2CA3E92A8,0,5,5,6,6,21,7.8,5
FED70CFCB28A50EF6EC64A939BBDB469,0,8,8,6,6,21,5.5,8
217E5A7D5E555C39FC191966D90AA67C,0,0,5,6,6,21,8.8,5
C74FB6CB3E35ED81E2ADF1170D3FC66A,2,7,5,6,6,21,8.6,5
E579C5F78ADF0367F3ED6A3B1FBB7F45,3,8,5,6,6,21,9.0,5
5D0EEF4390FA404202D864AEAB30DF35,2,7,5,6,7,21,7.166666666666666,6
3A18031D2051200FEDBE392EB42490A6,1,11,10,6,6,21,10.1,10
E069FDF17198500FCB6DDDF406ABA122,1,5,6,6,7,21,4.8,10
F9A2107A4FDE9317498A8448B47888B7,2,1,0,6,1,,,0
B0153FFD55333D4C4B546EC5B3FAC70E,4,9,5,6,7,20,6.5,6
17878D984E2ECAF7EA975FBB25470772,1,6,5,6,6,15,5.0,5
74EBB77622C58B0BC1D999D9BB4BCDEA,1,0,6,6,7,21,4.083333333333334,12
F7C26C99D64FCE9BC900822234927579,0,5,5,6,6,21,8.0,5
FA944230F31FE2B6FB255BFC9679C0F8,36,29,6,6,6,21,6.833333333333334,6
5AB604164EFA59AF8E087EDF3C7530C0,2,12,8,6,7,21,7.181818181818182,11
E132E654494EF4DC6E11A4756F5769CD,11,12,1,6,3,0,0.0,1
9077DD5C7FED955D9CB07E2EB8A3D13B,2,0,5,6,6,21,8.4,5
93ABDBDD5D7852AE62B0448B1B5E73AB,0,5,5,6,6,21,9.6,5
9C690C394CAADFCC185585E239D99D9B,1,6,5,6,6,21,9.4,5
3A515151FDBA1D6008C8A4C71C8278DE,3,7,5,6,7,21,4.2727272727272725,11
6F6C09DB9EC0E34E7DD2B41417B86456,0,5,5,6,6,21,8.2,5
F24F41EC0396166669C20DFC3CFBC7D3,1,6,5,6,7,21,6.166666666666667,6
EEE628A485F44D66C44261AFA8FF8AEA,4,3,5,6,6,21,9.0,5
197AF7AF510DCB8AB8F42F87057F99C4,1,4,4,6,6,21,9.25,4
F81A7FACD9640F8169D8DE2E27D217E6,0,5,5,6,6,21,9.400000000000002,5
76C6EAD77D65464F7580AFC5345A2B64,3,7,5,6,6,21,9.0,5
948F3BFCC25E62DB748373AB4EB8A12B,0,5,5,6,6,21,7.6,5
C21BA530878F835AD645855A53A4B0D7,0,5,5,6,6,21,8.6,5
76B29DA61902BE1C9F957B66B017DA47,1,1,0,6,1,,,0
D87D0F18FBDA40FC2D379B3E559CB951,2,2,1,6,2,0,0.0,1
8A60B0234CF22CC1410CC17525AB31D5,1,0,0,6,6,,,0
A5A91C14F57E185981768E477A33C871,30,19,0,6,6,,,0
FE4BA82CF98D3D6BCCEA3BE9139B7323,0,0,0,6,6,,,0
F501A69E2CCC332BE2119CBE781B54B4,3,8,5,6,7,21,8.833333333333334,6
2FD36D4DBD27E9754B84E8322FF81415,0,5,5,6,6,21,9.8,5
3422CA1B4B6A9ACE78187868F362C3C7,0,5,5,6,6,21,9.2,5
EF06CAAB586E4C9464A4E61E6B3E8D47,1,0,5,6,7,21,8.166666666666668,6
50829EF84C6B6BE53FFE46F6A8ABE6FB,2,1,5,6,6,21,7.2,5
7FECC00F4524268E5D2CC904ADA72584,1,6,5,6,6,21,10.0,5
DC19D85E54278EC4524A1C057042FE2A,0,5,5,6,6,21,8.4,5
2958365429BB4652E257287398757974,19,0,5,6,7,21,3.8750000000000004,16
7B12B56BE42BA15EE493BDC9902B54E4,2,6,5,6,6,21,8.4,5
7B6BC42B913D80D3B2636342AA065DA0,3,1,5,6,6,17,7.2,5
97D9D96077AD3E8859BF5C54C873E59D,2,9,5,6,6,21,6.6,5
1E882F0B9818614D6E47620DD31229F1,1,6,5,6,6,18,7.6,5
72991C3B010294F2A8564B0A034C8A5B,0,5,5,6,6,21,8.4,5
11FC272840E1ED3923F92C521AC68F1E,1,6,5,6,6,21,8.6,5
B1C093A32996E59C0298E81A14398491,2,7,5,6,6,21,7.4,5
860B943B030C0B95CC6BB1F8BA68D20A,1,1,5,6,6,21,6.2,5
9664FAE9A17FD550BE78549EEA2773AC,3,7,5,6,7,21,8.333333333333334,6
7119284E9BA39CA0414A27EB2C0229D0,0,5,5,6,6,21,9.0,5
D2F2E70C7BC89126AF1775DDFBBF56FD,6,20,14,6,6,21,9.285714285714286,14
9B27F8491DC5DA23D369F31250BD8D65,1,6,5,6,6,21,7.800000000000001,5
E2372AFD5CBA85F1395201FB687AEC46,9,14,5,6,7,21,6.666666666666667,6
93CBBD48FEB17BA358DC9EC5FCD2CC4D,0,5,5,6,6,21,9.6,5
1232AAD63A8C33697709BA05EA3EA33D,0,5,5,6,6,21,9.8,5
8BFC094ADB7C9840E2F95B2921F9336B,1,6,5,6,6,21,9.2,5
A4B63D10E797CE38714016D5C98B0C9B,1,4,3,6,4,8,4.666666666666667,3
237BAC7422166D00F55077B9DD48A6D7,0,5,5,6,6,21,8.8,5
07E693C4E5FEE69363D069EB91AB2704,0,5,5,6,6,21,9.4,5
47A899631A240C70DD743B9F91B8621F,8,12,5,6,6,21,6.0,5
93FFAA9AD2259130B3613A9911F425C2,0,5,5,6,6,21,7.0,5
648F91A3D0D868FC410FC4614FF11811,69,59,5,6,7,21,2.956521739130435,23
55B7815DC6F73ED0D178AE8A64486186,1,0,2,6,3,0,0.0,2
F2EC9A6A2EA903D1D51A26509041BD23,2,6,5,6,6,21,7.0,5
BADA03898CDBE31CBC727C737BABF5A7,0,5,5,6,6,21,9.4,5
EB39F0635DFF4FE0BEB99ACAA5C2677B,1,6,6,6,6,21,8.166666666666668,6
A5072ADEF1CB28F7B131A2DB740F941F,4,3,5,6,6,21,7.2,5
4BE5F7BA6D5A798DF2EB9C711A2643D0,0,0,0,6,6,,,0
123A329CB40D32B8FF1936895824D075,0,0,0,6,6,,,0
AD7512032E5D05771B937E911F8212B5,2,7,5,6,6,21,8.0,5
1D268E05DB8E109C120F9DE292DA9AA3,1,5,5,6,6,21,7.4,5
60A3916742CA1FC50BB2207A92867884,1,5,5,6,6,21,9.0,5
52955B8D9E0BD7FE5F27FF3F4BFFEBE1,0,5,5,6,6,21,9.8,5
501ED1D90DFFE96E802854A6364809BB,1,6,5,6,6,21,6.2,5
F6DC8575E0BA41CA70E7F2593F9F3C3E,1,6,5,6,6,21,8.8,5
299DB08B3764144B5061BA1D2375A3FC,0,5,5,6,6,21,9.6,5
524D6EF13670864FD4AA42DB7B72845C,0,1,1,6,3,18,18.0,1
A56F39827B6A8C0CC8183A5C1815FB36,2,1,5,6,7,21,7.666666666666667,6
C954FF1FF8F0F8C6D9B4433A58392115,0,5,5,6,6,21,9.4,5
0E99540ADD6E138A904409597A72DA7E,3,8,5,6,6,21,7.6,5
90E3B53E207BD7F0C27E9EF9561D4493,1,6,5,6,6,21,8.6,5
1A3C9B890548F1BCE865FC5422E08672,7,16,9,6,7,21,6.090909090909091,11
2469D440210E25CAC70CEF358AFC452F,0,0,5,6,6,21,8.2,5
F36044676636D14F86FD083DDD910E04,0,0,1,6,1,1,1.0,1
B031972D09407ADA6FA8382D06AC6E17,1,6,5,6,6,21,8.2,5
6A07718AC1B8C83F70B2105FCA2E01E5,0,6,5,6,7,21,6.333333333333334,6
1AA208D48A122EEF5595CF96650B0CE6,0,5,5,6,6,21,9.2,5
9F5764AA55980A3471521DC58D066DEB,5,10,6,6,7,21,9.42857142857143,7
88089DFA14819A8DDC19CE838ACE6458,1,6,5,6,6,21,7.4,5
A264E9BE6DE6883BD4C90C14FE4AFC88,3,3,1,6,2,2,2.0,1
E6B98DEEDF4FF3C687305EC906D7ECE0,4,8,5,6,6,21,7.6,5
AF56458EF7718515B59958BE5472B628,2,1,5,6,7,21,6.857142857142858,7
0A3050DE61FF60387B8463C32251D47F,0,0,5,6,7,21,6.625,8
862868F0DD0B7B3DA71D810445576B9A,5,0,5,6,7,21,6.666666666666667,6
EEA7994C33475920620AC49055AA96D8,0,5,5,6,6,21,9.4,5
30AC99A6254171A3EF5E6CCD1523553A,0,0,4,6,5,10,5.75,4
80662734A6A658F7713A71428B9AA027,5,1,5,6,6,21,7.6,5
2647E2B707BE004C03EE487685B75C77,7,3,5,6,6,21,8.6,5
440D4C544DF381217A8A8BA3FD8BC5A7,2,6,5,6,6,21,9.0,5
FA53C0AFAB68963E843CD8CB6828732D,0,1,1,6,2,0,0.0,1
D9FE16D58C9CE8354C2055F0D100EC2A,1,1,0,6,1,,,0
B65315819D817477B810CA2370FB5935,0,5,5,6,6,21,8.8,5
FD2743ACB27049954530A6F156C51E18,0,5,5,6,6,21,9.6,5
4E1A0581BDDE9AD6B2FE8503BE139C41,0,0,5,6,6,21,7.4,5
1488DD942D918740F8ABC9849093912F,2,1,5,6,6,21,7.4,5
7F002450940F07D0B68B25B1AA310217,0,0,5,6,7,16,7.833333333333333,6
3114BB0EE700894607B258BC4706797C,1,6,5,6,6,17,6.6000000000000005,5
47641CFD956212B88DE89050A1218D3E,41,0,8,6,7,21,4.8999999999999995,20
DDE6FFBC35EE9EEA48D864E6949D7FBA,0,0,0,6,1,,,0
6A70F62D607470D466B836AE98E8E838,0,5,5,6,6,21,9.4,5
E2D6E7FE36B7CDD0789CC8F03CC747E0,8,9,5,6,7,21,7.333333333333334,6
1C9927831BAA7A0569130EADD6320C69,4,0,5,6,7,21,6.666666666666667,6
21D029C8E7D65C2FB1487C643403D91C,1,7,5,6,7,21,6.833333333333333,6
865E77C2927F31DF8557E3CA1C602F7E,3,2,0,6,1,,,0
6421D34814C3C85F6D9010ACBC6590F0,1,5,5,6,6,21,8.0,5
1D280312674EF22428D1994F6383BF66,1,6,5,6,6,21,9.2,5
8479882D86055C6A33EA8ED16B94C30F,6,15,10,6,6,21,7.7,10
3103394999C32D337F178CB9C995AECD,1,6,5,6,6,21,8.2,5
2E934EACBB472227E07E6D17B9EC55A0,4,9,5,6,6,21,9.2,5
663EAD1943AE7594E0633D10ADB5EF52,10,10,5,6,7,21,6.142857142857142,7
051BB6E9EC8D2B13A70DB57A132B1A2F,0,5,5,6,6,21,8.8,5
77538D72AC418FA45C2D6CDBEB4BBF49,0,5,6,6,6,21,8.166666666666666,6
BCC3E8C43D2F91EAA6BCCB6476ECAA07,1,1,5,6,6,21,8.2,5
1A50D15DBE87A048B5F21D954577FB7D,13,17,5,6,6,21,7.2,5
29B76CAA37B40CEF60A1C4DC467B7924,0,0,0,6,1,,,0
D4A45A0CA838C439F64D565450B9A7D6,2,7,5,6,6,18,7.0,5
684C063DF4AA1D66F51DCDE8050D179B,0,5,5,6,6,21,9.4,5
19E93A19103C59F093C9C23168945582,0,1,1,6,2,0,0.0,1
D76E55DD6D27E0A117FC536C0DC67677,6,10,5,6,6,21,9.8,5
793B6AE0B3EC751492C6A9677C4917B1,0,0,0,6,6,,,0
273A89749418A5955558607B7BB45974,0,5,5,6,6,21,8.0,5
21DA809CF1B07A7E8D2D73D9030FEEBC,0,5,6,6,6,21,7.666666666666666,6
D62EA6BD3C4F5A03D3E63D906B32307E,20,18,5,6,6,21,7.4,5
234DF385B94B51B87B2A5BF5B185739E,11,4,5,6,6,21,7.8,5
6C1FED10BEEA4B47080B944ACE9E835D,2,6,5,6,6,21,8.6,5
9ED95E8EDD99704FE7708C79C5D55F2F,0,5,5,6,6,21,9.4,5
AE158E6238A048413B91B5A50D08810D,1,1,5,6,6,21,8.6,5
21C2181DD122CF12C98B444A68862CE0,1,6,5,6,6,21,5.8,5
6934E1BD276D367AB227408B0B89D0F0,1,6,5,6,6,21,8.6,5
5ACD59093D1C49F2EADAE29D7181A9CF,0,5,5,6,6,21,8.2,5
D236D92711CB0B3A1B33E454DBFA637A,3,3,5,6,6,21,9.0,5
7F9022171067E3B0983EA74767EA435F,0,5,5,6,6,21,9.8,5
2C89C24F71B25BAA9BF1BD7C9EFCC435,0,0,3,6,4,8,4.666666666666667,3
EE8F3C9F5435222D90AAC8FBE85F951C,0,0,5,6,6,21,8.6,5
FD9F628C7B3A0A9EB266FC7FCC5E597F,3,8,5,6,6,21,9.2,5
248FDDF3C9E081C7722FB79172485B8E,3,2,5,6,6,21,7.8,5
0A0A977572E0A1355CCC54EB04360606,2,2,1,6,2,1,1.0,1
3854B836FDA5CDA15382843A8EA25684,0,5,5,6,6,21,9.0,5
61C77E4D83006CF88B5BB443E4A7DDA2,0,0,6,6,7,21,6.222222222222222,9
0AAAEC4E502388A6A087D2E70BDD2BEA,7,3,5,6,7,21,5.7142857142857135,7
6AB9B5119F12D33797063D0A3999EAB8,2,4,1,6,3,1,0.6666666666666666,3
CA1D9CD8A70E9AC08812D8CCC42A2F61,4,9,5,6,6,21,7.6,5
8B8C28C3AE885A5900C682C5C530C271,2,1,0,6,1,,,0
DA814428F7E26F091284C8793DE748BD,1,6,5,6,6,20,8.2,5
8E69F027711B0F68FB6B3640142C6A31,0,3,3,6,4,12,7.0,3
B85E2E9ECBA230C6707962BFCC3052E6,1,6,6,6,6,19,7.666666666666667,6
2BBF8D3CC51EDC5B46575A4E51B101A9,2,7,5,6,6,20,8.4,5
D5EBBA801A4D6D3EB77A1E75A3E03FF1,0,0,0,6,6,,,0
B6F60284DE6FD9D98BE07E37EE989CBE,2,7,5,6,6,16,6.6000000000000005,5
08D399C66188D9A356AFAD5E2B2BA45E,128,7,5,6,7,21,1.8157894736842102,38
FB02FA4F55D2AE9F1DB587872779CE4B,0,5,5,6,6,21,8.8,5
56BF33AF105065C2E73F9567BDBF2D98,1,6,5,6,6,21,8.6,5
9DB59A6220E6D63AE53FD08FDDB59602,1,5,5,6,7,21,9.333333333333334,6
16F21707AB536E83A9CE8EABDB5C4E95,1,6,6,6,6,21,9.333333333333332,6
83100BA2D5053EBA42A0F7B1E790A194,1,6,5,6,6,20,8.8,5
C1CEDED158CFAA4CDF87DCEB7D874FBD,3,8,5,6,6,21,8.4,5
1DFE4DBF3F5572DEEE789816CF948933,0,5,5,6,6,21,8.2,5
A88E6BF5D6F63686CE62ACC5BC8FD585,4,9,5,6,6,20,8.0,5
95E986D2054095B9BA63642CEE703D41,5,4,5,6,6,21,7.4,5
92223527EC99D40F19F082BFED11BA6B,2,6,5,6,6,21,8.0,5
C5559092FD5C0374FCCBD8AFAF4349AB,0,0,0,6,1,,,0
800405BCB2189F63EC11788126D8D8BE,0,0,5,6,6,21,9.4,5
F05E7DD7060BB981A60B69054870E39B,1,4,3,6,5,21,12.666666666666668,3
A5FB0E9FAF4D624BD47CD7B7C6E7FFCB,3,0,1,6,2,1,1.0,1
4214FC30821C65665AB0BD8645E5B920,0,0,4,6,6,11,5.8,5
66716FE2A831B1606A2507E6ABF10F68,1,6,5,6,6,21,8.6,5
D75565A913EE0D3AB4E50643A86CCE7D,0,1,1,6,2,1,1.0,1
DA01F57A858C41852B92B75B2B230B7B,3,8,5,6,6,21,7.8,5
1332D7B006A18428BB95274EE78DE6B1,2,0,5,6,6,21,8.8,5
5177C7AEDDB6CE289372DCFABEC636CE,11,16,5,6,6,21,5.6000000000000005,5
6E596EA31C1209D9F775EE90E40CDB29,0,5,5,6,6,21,9.6,5
C513C8FE1638F8C697A9FA222D222FDC,0,5,5,6,6,21,8.2,5
3B38F62D246FAEC4CF20391312328EA7,0,5,5,6,6,21,10.2,5
1A5536C27AB27C3E4588908D345C37F5,8,12,5,6,7,21,4.666666666666667,9
37E8506E212647B0707EE3AA8F3AA601,2,2,0,6,6,,,0
6647AADBDFF1210A7B7CBE4C96CACA01,0,0,0,6,6,,,0
9A31B0AA90747311BD5E8C1A05F64A29,1,6,5,6,6,21,8.2,5
ABAA2F33A07E851A03D2D8CB5EDA9B06,0,0,0,6,6,,,0
032918145D0FE92E31B0D5194DB1A4C3,0,5,5,6,6,21,9.8,5
634DA4CEDA56548D90591CADCA2CE740,7,12,5,6,6,21,8.4,5
94BD0C3B0CBD587FB76C236A85357DED,2,1,2,6,2,0,0.0,2
22ECA5A07E5D19AAC94B356E7E919F21,4,0,0,6,6,,,0
FEC7A3B513FEFC162942BC23468AAFEC,5,8,5,6,6,21,8.6,5
014693E9CD0C8BEC15597BBF730E0A75,0,0,0,6,1,,,0
25777661D3D36C3E3656E98F29441CD8,1,6,6,6,6,19,5.333333333333333,6
D1C57A2E87382A82A40B1816E85277EA,4,8,5,6,6,21,8.6,5
D8B79A3AB27973BC407FC6915A541F39,1,0,0,6,2,1,1.0,1
9A85DB93657EB7A0EAD545736E1DDBD9,0,0,1,6,1,3,3.0,1
23A02474E07DBB06E55D9CD82DB8E009,0,5,5,6,6,21,7.6,5
9F81BD3E1662363A62176934DD8D50A9,3,9,9,6,7,21,8.399999999999999,10
1EB96BD2264592AC4CF53B37D6B9BFA0,4,4,1,6,2,0,0.0,1
A6B0122A735CAD86A4057E6C1B0E812B,0,0,0,6,1,,,0
FE78D40C658F106D7DB09CB64F7E6B78,2,1,0,6,1,,,0
5553E3E562E692DDCD3272612668E942,1,1,0,6,1,,,0
03A8DB80E1F1A6E58C6C5BB1FAA9EC34,2,6,5,6,6,21,8.4,5
737A4B3FA732A68EB049B71E5CF15550,4,8,5,6,6,21,7.6,5
18DDB34FFC32730E29506AA263F6A6C1,0,3,3,6,4,6,3.3333333333333335,3
EB6D87664EB54F72C4B4B27393B3D395,0,0,1,6,2,0,0.0,1
09F08BC9ABD1D8E3DC00A6C5EF24B67C,3,6,5,6,6,16,5.6,5
B31B3D6E93CD2385DB470B4AFF09AEBA,10,2,0,6,2,3,1.1111111111111112,9
2FF4899DE9DDAA94D3744575196D9206,5,5,0,6,1,,,0
3B822803450F8E1DAFED5B68CD05E690,0,0,1,6,1,1,1.0,1
E8E9813CF128979C9FE8D417DD5AC1F7,0,0,0,6,1,,,0
74130BDCA0480E25D2296C85FD4EBDBA,1,1,0,6,1,,,0
68D40373F4BC1FDD9BD02B56526D9D7B,2,1,0,6,1,,,0
E642FD4B61B80E886314E1D22115BB02,11,1,0,6,2,1,0.5,2
159876799CED71EFA53A9AF9E1C5DA5B,2,2,0,6,1,,,0
A33AA9C2E129CCAE6C571C8C2CF05BB3,0,6,6,7,7,21,8.166666666666666,6
90A5BEEBA89B4DC44F10E6E066CECB86,12,18,6,7,7,21,7.0,6
1338210E31700AB788A615DD3457354E,7,4,0,7,2,0,0.0,1
1E2A3390D6264C290AC4EA3B8332EC37,4,9,7,7,7,21,6.142857142857142,7
D330EF312DE74B76D955E1BED92310DA,0,0,6,7,8,21,7.000000000000001,7
094F4CF1AA8C39F4379CC791CC65DBD7,6,3,6,7,7,21,7.0,6
D5B4A4059D6E406E1775C4DE28DB08A3,0,6,6,7,8,21,7.571428571428571,7
FBF8A477CF09D5B499E8923A4D2A5102,0,6,6,7,7,21,7.5,6
1912300BA91A02FEEDD28277E0DD7DB5,1,0,6,7,8,21,6.571428571428571,7
F095A7DDC32D556FE7DFB25469062D5A,0,0,6,7,7,21,7.500000000000001,6
880639B108797EEC419D56E8548D0BF2,4,0,6,7,7,21,8.0,6
266FCFC7EECB81B11D769F3FF4379574,0,6,6,7,7,21,8.833333333333334,6
89AEBF194D3F03A61FFFB9A6B037D7C4,2,8,6,7,7,21,6.666666666666667,6
24C479917E3E6B0A7ABD5FE95878FC26,3,3,0,7,1,,,0
825556FF33132E6FAAB560C4FE19E54C,0,0,0,7,1,,,0
FF52A62F6A0A8D85E853572FEE09E150,2,8,6,7,7,21,7.333333333333333,6
94C7225B71EBBFD33183DD3B59591546,1,7,6,7,7,21,7.833333333333334,6
934565EF3BD164EE3B09AF2388431DD1,0,6,6,7,7,17,6.166666666666667,6
723B65BD72931D16C4D6581741410609,1,0,7,7,7,21,6.285714285714286,7
5A89C7F3CA724D189FC018AB4A6934EC,0,1,1,7,2,2,2.0,1
ED17A20FA28EE30540FB85626BAFACDA,3,8,6,7,8,21,5.444444444444445,9
8CD638D1C8B7A36BE8B3C73195BAE010,0,6,6,7,7,21,8.0,6
0CE0108DD168AC70E11C9DD96C122956,3,9,6,7,7,21,6.666666666666667,6
2CD70A7B8E8442DBF6BB7E5EFEEFA0B1,0,0,6,7,7,21,8.833333333333334,6
E09BE20A9F0680A1E1EB51633DF0D0AD,2,1,1,7,2,0,0.0,1
DA85FE61D9270616987906C12436D78A,0,6,6,7,8,21,4.888888888888889,9
B26015B79AEF1B7301FF6BC85F69557D,8,5,7,7,8,21,5.555555555555556,9
6CD6E64676EA73F0FC015F7DAF4A2DDC,2,8,6,7,7,21,7.0,6
78FE06A60B0758EEEEEE1B47FC59AF10,0,0,0,7,1,,,0
65023DF5C43791721E996450C3607171,1,1,2,7,3,0,0.0,2
F3A2F44C99758CC6006BFE28AC78EBFE,0,6,6,7,7,21,8.5,6
378D3B51D99A076B2E978EDB669581D0,0,6,6,7,7,21,7.000000000000001,6
2AA464028C038291F8DD4935DDA7DF6B,0,3,3,7,4,6,4.666666666666667,3
2101B6BB8F2636384612521D6A10A55B,1,7,6,7,7,21,7.0,6
BD0294058EE600E9CD865CBBCB6647B5,0,0,6,7,7,21,6.5,6
106E569E2C783529C6941598B59E9743,0,6,6,7,7,21,8.333333333333332,6
9B6D674F62DE7BFAE7FFE7E5D9DBA75A,0,8,6,7,8,21,5.333333333333333,9
A70F93732F53567BA590C193EF97579F,3,9,6,7,7,21,6.833333333333333,6
2468F4F1BEC49F2A82A3E6819EF2C0B4,0,6,6,7,7,21,8.333333333333332,6
476409D7DFD0B2B2B0AB11E5F6D7DDBE,2,11,10,7,8,21,7.75,12
053FFBAB6879C1E7E1915E40C191F61D,4,10,6,7,8,21,6.571428571428571,7
AD060A053B6283E85D30E63A00FC6233,2,3,1,7,2,0,0.0,1
6C27C8C7A13BB83811D8DE943A614709,6,12,6,7,7,21,5.166666666666667,6
F7446F2E053CB8471C69F9BDEE202A3C,5,11,7,7,7,21,7.571428571428573,7
51D79FA3A4A515B939D061BFF13F7BEB,1,0,6,7,7,21,8.166666666666668,6
BFC3DC5D15C6215AE1096250555230CF,0,0,1,7,2,0,0.0,1
0DFA8A86AFE362A9541B2C8FD0E8A664,1,7,6,7,7,21,7.5,6
D747ED2161B92673AA443FD357D75F7E,1,1,6,7,7,21,7.0,6
D26810F9499A836C727E81D6F55DF7F5,1,2,1,7,3,3,3.0,1
44E112A308085F7C3173624E281BCC14,0,6,6,7,7,21,8.0,6
DA56E4CB6F1E9E40B0D68B7D0F8ABD27,0,0,6,7,7,21,8.0,6
AAECE8DA46F021A9CFE489ADF95DA078,2,8,6,7,7,20,7.333333333333334,6
2920B9D90561E521425DE4849FAAD1D7,10,15,6,7,7,21,6.666666666666667,6
043BBE7A49CFB1ABF4FA38E7A5843A87,0,6,6,7,7,21,6.666666666666667,6
077BC7302275F4E34731C2780C166C02,3,8,7,7,7,21,6.7142857142857135,7
4193343164266373A13B35D5D04053E2,0,0,7,7,7,21,5.857142857142857,7
E4F96C2B9E7D86FB0F0F14F52755933D,3,3,6,7,8,21,5.0,8
C83492F3B2F1F6305F4923DA15EBA273,8,12,6,7,7,19,6.0,6
BB6882241BB572C3AF3E198490C83981,4,14,10,7,7,21,7.6,10
EB383210DB8053FF537F0138645A7000,2,8,7,7,8,21,8.625,8
93B7AF228AB9C9ADB0471A77E4E7FACC,3,8,6,7,7,21,7.0,6
9DEE8D42B8EC172C2F3878F1D3E66315,0,0,0,7,1,,,0
C006BDD387158B17AD45F2BC0F346048,4,10,6,7,7,21,8.166666666666668,6
7814B0C31DD814CFAD6DA4E2B4C4EEDB,1,6,6,7,7,21,7.0,6
72FC15A9C0E3262CFCF42B619ECF3774,0,0,6,7,7,21,8.0,6
16A76F89ACC55FC039F14B281055F353,0,6,6,7,7,21,7.833333333333334,6
860D6CDC318C8DA51B519770B42E1301,3,3,6,7,7,21,6.833333333333333,6
80DDC8E9AEBDBEEC1DD485E207430740,3,7,6,7,8,21,6.428571428571429,7
88A76A37BC83C923EE27783845D4F8CE,0,6,6,7,7,21,8.0,6
A03C05DE1E5FBB8EC33F0066D6E1A79E,3,9,6,7,7,21,6.5,6
42C55D6D8B03BFEBBCCCC226B8B9B3B3,4,10,6,7,7,21,7.666666666666666,6
0F677DD7BD1130DA8BD5B14BACEF6DA1,1,0,0,7,7,,,0
AF58175ED88987667D2223FC280A9631,6,5,0,7,7,,,0
A4FB4E20F1726B15A57A1AA1633BC77A,4,10,6,7,7,21,4.5,6
817263174EAD24B45AE311E4B5D339EB,1,10,9,7,7,21,8.11111111111111,9
5290D00975C0552C32958AEF8D676029,29,15,6,7,7,21,6.666666666666667,6
7E438E53A94A9E6EA6531E272C86F512,3,13,11,7,8,21,8.500000000000002,12
CF06C47EAD622F909BFCC83FF4D0ECE8,4,10,6,7,7,21,7.0,6
88E6D3D4433BA2B424A6D5D23A871B97,37,49,12,7,7,21,6.166666666666666,12
5AE88E24439A254C9D55BA3BEFE323F3,40,66,29,7,7,21,8.586206896551722,29
243F0E000A124FA01942A5A20F0C9A81,3,2,6,7,8,21,7.0,7
FCFF0D7C19A902C4DB4EAF8DC586105B,0,6,6,7,7,21,7.333333333333334,6
339FE250013547B9C97587E7E497FC47,0,6,7,7,7,21,6.428571428571429,7
4B6CFDAE1DAD6B5F0128A3220FA8A8FA,4,10,6,7,7,21,6.166666666666667,6
4B6BD3964DB295D02E54E59927ED73A0,1,4,3,7,4,5,3.3333333333333335,3
37EFBD2BA398148336F96B4347392A8D,0,6,6,7,7,21,7.166666666666666,6
3B049329E3090DA7A4339C4A46EF0763,3,9,6,7,7,21,7.500000000000001,6
3E336ECE1F533064D663A350DAB00790,9,3,6,7,7,17,5.000000000000001,6
56A069E37C273BE2092ADEB0D527D9B3,3,9,7,7,7,21,6.714285714285714,7
C98E984527F5BF9F4F673530F184AF62,0,6,6,7,7,21,8.5,6
E7F45BD93A980C6443443893DCDC0048,0,6,6,7,7,21,9.0,6
6423FBDB63333D5EF6E628446EDE5635,0,6,6,7,7,20,7.666666666666666,6
7B05C7F391F683C7E6A259F83B4DDB41,9,1,6,7,8,21,4.181818181818182,11
A7CD24BA8CF8402BB72D15ACCF943F28,0,0,6,7,7,21,6.666666666666666,6
0D6A346C85BF606BE12F9A70FC20A7B7,0,7,6,7,8,21,7.428571428571428,7
8A838848576123B1694405FC13784D65,0,7,6,7,8,21,7.285714285714286,7
3D7382CF3E5091189D2961E0EA3A2ACE,3,8,6,7,7,21,7.0,6
4D4F57B34EB42B7E5AD5DA8DDC3D27A1,0,6,7,7,7,21,7.428571428571429,7
62E2E7DF76173ED513E0FFE9ACB2BF65,0,6,6,7,7,21,8.333333333333334,6
2F8E2DBB938D2E43C2D171AF5F35EEF8,13,23,11,7,8,21,5.7272727272727275,11
EBC26CC0FBCED2148BC23C97C67BD9BD,0,6,6,7,7,21,8.166666666666666,6
275C9CB01B23029FE668C1B5D9904205,5,4,0,7,1,,,0
209D3368AB11C7D223A6CF95CD1F6928,0,6,6,7,7,21,8.5,6
AB6D35BB8740F67100873630F0E4E227,1,6,6,7,7,21,7.166666666666667,6
D5FCBF858BA1D5C9F7C611F8BBC60A8F,0,6,6,7,7,21,8.5,6
CBD5F70F40167FE4A1AB97EFB5C0FEC1,0,6,6,7,7,21,8.333333333333332,6
5F28D516AF0A69DC5FE659262E1F36E6,2,9,7,7,7,21,9.0,7
8F886EFBE42C9AE8548C1B55964E7268,0,0,0,7,7,,,0
BEB1E4B878112A53985AA6A0A2D30F16,0,6,6,7,7,21,8.666666666666668,6
60CF95FA33182F350DB929F6825950B2,0,6,6,7,7,21,7.5,6
D65620EAF1BB84DEF34D6C16C45A15BB,0,6,6,7,7,21,8.5,6
9D7FBEE36126EDDACD5524F832FCCA6A,4,10,6,7,7,21,6.5,6
B4723ACA1A6C65BE5D0970DF4166CCBE,7,7,2,7,3,0,0.0,2
E270414CD8C904F7BB039FB243540B3E,0,0,0,7,1,,,0
389D0CAFA71841F0A632A44B14E2DD18,4,2,6,7,8,21,6.0,7
75E675468701BBFB7E0888634BE58A80,0,6,6,7,7,21,8.5,6
8C67EA8F72FFA8CAC1A981DAE40BA014,2,8,6,7,7,21,7.166666666666666,6
E920D72AFB16365797955E46913E2599,3,9,6,7,7,21,7.333333333333334,6
3AA042E36A2D0E0469FB22A945BE920F,0,6,6,7,7,21,8.333333333333334,6
AC14AD9D158A2A5449E120A33D5B55BB,10,16,6,7,7,21,6.333333333333333,6
B33F9AF7B23A856F6F23426B1AE94926,6,4,0,7,1,,,0
71381569682468BBBB8936278290D669,15,7,6,7,8,21,4.090909090909091,11
0DF6A14F536F6514A6F18BC12A532A82,4,10,6,7,7,21,7.666666666666666,6
BC6503564939EA61982B7111F9051C50,9,14,6,7,8,21,6.142857142857142,7
EB24430B2FB416631BED272F1693A0C7,1,0,6,7,8,21,6.142857142857142,7
AF4F16A9D1C2CA93686E7CBD2EB349E3,0,16,16,7,7,21,5.0625,16
7FA56DB7021C1FAF388D6A61796D280D,0,6,6,7,7,21,7.5,6
2C54C362067814D25D465B49EA033950,0,0,6,7,7,21,6.333333333333334,6
91381A6BC5F5E06D1B8DEFD96761751C,1,0,0,7,1,,,0
A1FA05C0618ED3CB04CDB44FBE35DDB6,4,8,6,7,8,21,6.375,8
ABCA7DD987C0AA5A065176555F14508C,0,1,1,7,2,1,1.0,1
5E9B9E20975EF45745B511D401456619,8,11,6,7,7,21,6.833333333333333,6
334904C5D3531BAE3CF74728D61CD123,1,0,0,7,1,,,0
B96CCC650D407E88D9E1CE1CED49555E,5,10,6,7,7,21,6.333333333333333,6
139C75296C846C004181A2A4A80C13C2,1,7,6,7,7,21,7.333333333333334,6
4032085C28047CF8EA19354C6DD88A82,7,7,13,7,7,21,7.69230769230769,13
2CC80ED018DB2338C8A0B887DEBA1AB5,0,6,6,7,7,21,8.833333333333332,6
9DA56D5F43745FD88C821404A427E1CD,1,7,6,7,7,20,6.5,6
803C166FA01C0C4274151BA550E185E4,2,8,7,7,7,21,8.571428571428571,7
AA411877BA0918923CFAD0C456AF21DF,0,0,0,7,7,,,0
5451661560644C9FF8220756E1EB8952,5,1,0,7,6,,,0
43DA660224C6352216215BCCC6A26CBC,0,0,0,7,7,,,0
2B26B53D4CD155A3EF1FF0A91D339D3E,2,8,6,7,7,21,7.0,6
6C867202131497B1CB7D5C385052551B,2,1,7,7,8,21,6.222222222222222,9
C6A7944A89B197BA37F78AC11FFCF44F,1,7,6,7,7,21,7.833333333333334,6
D79E2BD5C4F03A851FCD2B1486FF41CB,3,9,6,7,7,21,6.5,6
6ABFA27C0F1368F4D73B5A807362EF11,10,16,6,7,7,14,4.333333333333334,6
23670FFEF0FFC29FF59EA8E1A82E3A93,0,6,6,7,7,21,5.666666666666666,6
312EEB13165FC3DB9F81125601B47B2B,0,6,6,7,7,21,6.333333333333333,6
2E77A1219C5F7F0189E0FE7D1F38F373,0,0,4,7,5,6,3.75,4
7776F46E3DBB7089BAB6EB6FB4F16378,6,6,0,7,7,,,0
8BB6E580D7771BBBE04D3953EA43F640,0,6,6,7,7,15,6.5,6
1F732B8A151B6C6249323BC65CA9C1F9,0,6,6,7,7,21,8.0,6
74400F1A2EC645DA4C2FB819FADB268A,19,19,6,7,8,21,4.7,10
A7A49205CD47D898DE1536C9FEFD49F0,0,10,10,7,7,21,7.2,10
972A1323E5308A17DD4EF56511826ABF,7,2,4,7,6,21,9.5,4
3B639DBE0003532E333453BDF363FEB0,0,0,0,7,7,,,0
DC14701AE5C2808151BE7008898B13B8,8,11,6,7,8,21,6.285714285714286,7
1433C10AF6B6779D48481D84BC8222A4,4,13,9,7,7,21,7.888888888888889,9
772C742C80AD09A24D44F97DECB240E3,3,3,1,7,2,1,1.0,1
6670E9B6D36974414911CC5CBEA61771,3,4,6,7,8,16,4.800000000000001,10
CF939B3F8439912C8A36D6551F25878F,1,7,6,7,7,21,8.833333333333332,6
47B20FEDD2CCEE23A0963B478E610B5C,2,7,5,7,7,21,7.0,5
A24410EBE91C2A32443E9D09616B420B,0,6,6,7,7,21,6.666666666666666,6
DFDE5425237185986327A054407A09B4,0,0,5,7,8,21,5.666666666666667,6
65282C71F39B78B40A0F848843F26046,0,2,2,7,4,6,2.0,3
249BF9FA78E4B6EA5D4397758317645E,1,7,6,7,8,21,4.266666666666667,15
4A95EA257AEE9F06F8827F899CF9948B,1,7,6,7,7,21,4.333333333333334,6
BFE49B7734009EED6DD44157CBEC704B,2,8,6,7,7,21,6.166666666666666,6
2F5B044B41268F6643EB4D0EF15D4E87,4,7,6,7,7,17,5.5,6
47B40FB6EE8A4114F96B79136FC70403,0,1,1,7,2,3,3.0,1
FAF8B2D607CE97AA90982E59E6734E06,5,10,6,7,7,21,7.666666666666667,6
547A979DE9E17FD9E2EB6397E618BF10,2,0,0,7,7,,,0
515AC1486AA79759FC68C152EADF4EC2,0,0,6,7,8,21,7.0,7
47647C4C68BAB7131B4EE2EAB8E2345E,0,6,6,7,8,21,6.142857142857142,7
9BD2799553C391BF8B1F245088D86004,1,7,6,7,7,21,6.833333333333333,6
5A4C975F17AE8E0CCCDE946C22866169,10,0,6,7,8,21,6.2857142857142865,7
BBB9A39EFD38AB3779B9555767333052,2,7,6,7,7,21,6.833333333333334,6
91979D6AA48FF37227185A3040DDBCA6,0,6,6,7,7,21,7.0,6
33469F822404E8FFAE1B545FD5427886,16,22,6,7,7,21,5.333333333333334,6
11A3238DEAD2345528E617ACC82D2027,4,10,9,7,7,21,9.0,9
163ECA9B26D680CF6EE641EFCB384335,1,0,7,7,8,21,4.294117647058823,17
C6F7DDDF431DB0C8BA773498AE41010B,1,7,6,7,7,21,7.166666666666666,6
20832E28C861AC4BEDFED6A3B6039257,1,2,1,7,2,0,0.0,1
6CC135C2403667F8114096D6C0854286,3,9,6,7,7,21,7.333333333333332,6
08B7AEC83DA53E917D595FE60C2CB600,25,30,11,7,8,21,7.250000000000001,12
BFFD32AB8AC255F865D08EF36A578448,1,7,6,7,7,21,7.166666666666666,6
6072AAD9C650C4000CCF5D32B5B5C649,4,7,4,7,7,21,10.0,4
59AF564EE8918CECB56D9023311EB992,1,1,0,7,1,,,0
8C6AD7DC1EC04DC84CE522EB48298220,2,2,4,7,4,5,2.5,4
C49CCEF7153CC689399E7BFFF3AE2A73,0,6,6,7,8,21,7.0,7
58A8D09A7936F0D53FBD1E478BF23320,3,9,6,7,7,21,4.666666666666667,6
41FFF9DC90009421F6C6116411BCE813,1,1,3,7,4,6,3.0,3
65590DA8747B4EA65442441EE1F871E5,0,0,6,7,7,21,7.333333333333333,6
8360BA00B7527E48023153E7D14B6D59,2,8,6,7,7,21,7.166666666666666,6
1E37BA808C4C864558FBF1C76775BC59,19,24,6,7,7,21,6.166666666666667,6
C4C728AE4A5934D17B42A6A2710CEC93,7,11,6,7,7,21,6.5,6
525D2BA85EFE112B955CD3B19909E059,5,9,6,7,8,21,5.428571428571429,7
FE481970EEB294A2315FAB9E7137C4EC,0,6,6,7,7,21,8.333333333333334,6
F314B55E64BF801420642F189A3F408A,3,8,6,7,7,21,6.833333333333333,6
E9FCF9F1FDF7016CF79A30251B2FA52B,1,6,6,7,8,21,6.777777777777778,9
0FD6347D46FFA7BE7F2E10286E90DB57,0,2,2,7,3,2,1.5,2
45DF5BA054826C546308F865405709B3,0,6,6,7,7,21,6.833333333333333,6
98320389C9442198F7B1F3BC23B7B974,0,6,7,7,7,21,7.857142857142858,7
809B4A134E62B2F0428A139F9EC63913,2,8,6,7,7,21,7.0,6
010DAA54F4C62559F2F5767813B48782,10,5,6,7,8,21,5.571428571428571,7
0A7B87707BED920EE2E17D87CA5CA555,1,0,0,7,1,,,0
1547B0123DFC31E475735BD668CF8ED0,0,0,0,7,7,,,0
6FEA6230DEA02591EFDAD5A842C7559B,1,0,0,7,7,,,0
B240CAEDDBC7AEE341900E113CED23DC,8,14,7,7,8,21,8.0,8
71FD091EA0D28740B33A8CE935E9F960,1,7,6,7,7,21,7.5,6
88AD03F6828BDD86AA72AA556D87387B,0,1,1,7,2,1,1.0,1
4EC32E88114137D8636DEFBCEB80A16D,1,7,6,7,7,21,8.5,6
55C684F3CA87C2E874AD4A9EC992755F,0,6,6,7,7,21,7.0,6
093C7C670AB7A93613DB339730E922CA,2,8,6,7,7,21,6.333333333333333,6
571B1FB7D9D44445BF25B75F0FD91660,0,6,6,7,7,21,8.666666666666666,6
4EEE67C2E335213F6815144829801E0F,2,8,6,7,7,20,6.333333333333334,6
AD7DEB9BF9C9B17C60B69DA2B3B6C59A,0,6,6,7,7,21,7.833333333333333,6
FAFE8C032E4966360D9D8E532D8510E7,2,2,7,7,7,21,5.857142857142858,7
27C949246AB59F68E3A661E727ED82EE,0,0,1,7,2,0,0.0,1
4C038479B275A5F024A8A7604F92BF38,0,6,6,7,7,21,8.5,6
6D8B6C8E0800777A88BA604FA3435B16,2,8,6,7,7,21,6.666666666666667,6
738A6A074803F8115E69715DF032C9A2,0,6,7,7,7,21,7.0,7
42055B5530697B8E4F2FE3EED1E98594,3,0,0,7,1,,,0
50B507B8C1BD14FA0BC9BE6991513DFE,11,18,7,7,7,21,5.7142857142857135,7
9684EE0B871916A8BC46E72B75610164,2,0,0,7,1,,,0
9511A7178AF9703781314EC0F5824E78,1,5,4,7,6,21,8.25,4
F93EB3CD56888CE9ACA2643C2099ED6C,0,0,4,7,7,4,2.6,5
23506606AE64E9C81EE4850A3FBE7703,5,11,6,7,8,21,6.285714285714286,7
D3811A393ED054FE5E5C18CF1D8DE073,0,6,6,7,7,21,8.166666666666666,6
70492ACA85EFDCFC9E0B9CEDBBCE105D,3,9,6,7,7,21,7.500000000000001,6
D9E0B99D114ACD55A2349149F3BC96F7,0,2,2,7,3,0,0.0,2
7FB0FA98A8949CD6D75B48C449DAE33B,0,0,7,7,8,21,4.533333333333333,15
16E5875124FF5B797AAB5DDE1E23073D,5,4,0,7,1,,,0
5202B8EBAC8E2A1DBC0DD5D00592324F,0,5,5,7,7,21,7.8,5
2FC20CA50DBE86E4BEF8911E8B6209D9,2,8,6,7,7,21,7.833333333333334,6
383F4B98EC31DD2A915427D36A30354E,8,10,6,7,8,19,4.333333333333334,9
093E3E8BB59252BCD92BA5B7EAE55BBD,2,8,6,7,7,21,6.333333333333333,6
A70504A67EE34DD45EF82BFF86E9F94D,0,6,6,7,7,21,7.333333333333333,6
064B72F240B3B3EE6BFDDF4A45F828C1,0,0,0,7,1,,,0
99C9A4757AA93065B82F1B5593325A6A,0,6,0,7,7,,,0
B6443F4766699957F7776AEF6AF88915,5,5,0,7,7,,,0
3F0367F832BB0B4E40CD8EEAF80E2DB1,1,0,0,7,1,,,0
94DD454956F90F0257216FF10E8F02DE,5,0,0,7,7,,,0
F1E7C01A166C846DE3F3D6639DDFCB4B,1,1,6,7,7,21,6.833333333333333,6
91C4479F2DB8F9487AB2B63DC05DF2CD,2,9,9,7,7,21,8.333333333333334,9
C9120919FA8F07F13B10FD5D0EF4D659,1,1,1,7,2,0,0.0,1
43236766521C8238F0A5EA8EE1761139,0,5,5,7,7,12,4.6,5
E4DDD509BED210986FEF57A838EE899A,1,0,3,7,4,21,13.0,3
B503E6E2047DD883EEE5BEA3F7F95C4F,4,10,6,7,7,21,6.5,6
EE40F7B93067E055C0489417DA819C5E,1,8,6,7,8,21,6.142857142857142,7
622765D1DD641D4F0115C9DDD63F05EF,4,4,0,7,1,,,0
18EC2B6332FE31C3B66AEE0C7C43D3DD,3,9,6,7,7,21,4.166666666666667,6
5D53102B0F6AAA96D3FC1C0633890970,2,7,6,7,7,21,7.666666666666667,6
CD504E75BC19AB4F46FDAF6BA925472A,0,1,1,7,2,2,2.0,1
EE0D3EB67948AB67EC0F09B318EB5962,6,18,12,7,7,21,8.083333333333332,12
BE0755F3D6B18FFBA63C9137B89DBAE7,3,1,6,7,8,21,3.3076923076923075,13
3BAAABFCEE2C1F6CD5EF7904B27573E8,0,0,6,7,7,21,7.666666666666666,6
BC53544DA7BD1C4814D8FF5C7154D0C8,3,0,1,7,2,0,0.0,1
9FEE80E475ED50AAF174B4F17563C16D,4,2,6,7,7,21,5.166666666666667,6
C543A387E8C53BBEEE1839BF290028F2,0,7,6,7,8,21,7.714285714285714,7
67D20887354043087E75F62E2853C246,1,1,0,7,1,,,0
028CAE01A9F16A228177C973451441A1,5,10,6,7,7,21,6.666666666666667,6
AF4B8330C3684466EDA299756EA2F041,8,3,11,7,7,21,9.454545454545455,11
A62D86FAFF43F1EC89D6F867915D7D56,1,7,6,7,7,21,7.833333333333334,6
E806F12D29E9F873BE6EAA01CD1E1B4F,1,6,6,7,7,21,6.833333333333334,6
A625B2C4E4CEFE8F1C9ADBC48833A11F,0,6,6,7,7,21,8.333333333333332,6
46EAD019CC897704F77A23F03A730CA8,2,7,6,7,7,21,6.833333333333333,6
885FA431B3AA338F7C7C84501209563B,0,0,0,7,4,,,0
F2D2A1E6CD607010AA6971933E34A304,1,1,0,7,3,,,0
9828CB3573D3C40D63500CB1F9461C1F,1,7,7,7,8,21,5.444444444444445,9
D7BA6FC943973C8A8A2DCF86FBC11359,0,1,1,7,2,0,0.0,1
DDE1287D72B28B1143095BDF14BA67C5,3,3,6,7,7,21,7.666666666666667,6
A667CE2D931E7F14B2F92ACCCAF61B72,2,2,6,7,7,21,6.666666666666667,6
66C0CEE58B84347037AC48E64B52C47F,15,10,6,7,7,21,3.666666666666667,6
C11A5633BF6F5C37E2AE3EFC269B69E3,9,3,7,7,8,21,5.699999999999999,10
C0467E7E623C255A505C16D57764E632,0,6,6,7,7,21,7.833333333333334,6
DF65957847083EEE63E9E7E4499E3153,1,7,6,7,7,21,7.0,6
7134AEDAC33182DDBEF67FD651E606BC,0,0,6,7,7,21,7.500000000000001,6
3B8B6295198F4D19C6FDCCC61D9A76C2,23,15,6,7,8,21,5.444444444444445,9
A85C09EA1323F530B9343D77C3C6DAB1,2,1,0,7,1,,,0
0411F2B39700EA277484C1062F7C87F1,0,0,1,7,1,0,0.0,1
C2C8E0E8C41AA5C46818FF7008C353F4,3,9,7,7,7,21,9.857142857142858,7
C1018981990B7AE4E03EBF648564C3CE,0,0,0,7,1,,,0
DDFE0B623F523F68FF0A338D5B6F3FB8,4,9,6,7,7,21,7.333333333333334,6
E1A3C786B2E4D56629EE808A3A174995,5,11,6,7,7,16,5.666666666666666,6
5CC65A8C02F5AD4F9F14959A65C4D382,1,1,0,7,1,,,0
C705EF6A03FD39FA2B38510D994F1FB9,4,2,0,7,7,,,0
C5B527B0AA7603C4EF8C0ECBBCB5372E,8,0,1,7,2,3,1.1538461538461537,13
EEB0DD8B66A948CFB7A2ECA1CE823F6E,0,6,7,7,7,21,7.428571428571429,7
27DCDEB27C0798022EEA48EBAB89D43B,0,0,2,7,3,0,0.0,2
7639BD930AC5CE0D10F4ED5BFC492C60,0,1,1,7,2,1,1.0,1
741E04E7CEF207160E97C734F40D13D2,1,0,2,7,3,1,1.0,2
0DC0F2DDD3229D9AD560E74852FF762F,0,0,1,7,2,9,9.0,1
E91B8667BC9A7EB2299B2EAFBCF1B9E7,0,6,6,7,7,21,8.333333333333332,6
396CD2A913F10912C27339572186596C,0,0,6,7,7,21,7.333333333333334,6
590DF903B5DE58590E109754EDB79809,3,9,6,7,7,21,6.5,6
018222DC61160782E8C638AB01520CD5,0,0,0,7,7,,,0
E9B5EC78F1F4D6F90B5AFB34D09697F2,0,6,7,7,7,21,8.0,7
C8B06F76EE9091107007C19B08C7834E,1,1,6,7,8,21,6.375,8
99350B2A1888DEF7EE39DFBF05CF1B5D,3,9,6,7,7,21,6.5,6
16343AB50657DEA41F020F962AEE976A,2,2,1,7,3,2,1.5,2
0A39851D88D08B41C6B84A0366B5C86E,0,0,0,7,1,,,0
3E224193E1BD44B0EF091A4E4EE44EF8,9,2,11,7,8,21,8.083333333333332,12
0978B829D0EC73AA106F3C63457A7D8B,0,0,6,7,8,21,6.714285714285714,7
5A729D27B466C5C80E2F409AADED3428,8,15,6,7,8,21,4.818181818181818,11
046CC8D512A010F60CB1EB26AAE41757,2,7,6,7,7,21,8.0,6
F8C403A79CAEB2D307A6C897FC71C372,0,1,1,7,2,0,0.0,1
C6B96A8ACE2E9BDA81496905471FC5CD,10,8,6,7,7,21,7.0,6
1714B7BB554962AE0FA45425EF723D5F,0,0,6,7,8,21,7.142857142857144,7
F1837BABA3EA2FF5EC073C140D23066E,1,6,6,7,7,21,7.333333333333333,6
272BC1FAE0092FB0638EE5E6C73181B8,4,0,6,7,7,21,7.166666666666666,6
B993935197C496DF102FE8D0FE8527E2,1,0,0,7,1,,,0
71F005E58FCF825DFF3DFBC29FC806F1,11,1,2,7,3,2,0.5714285714285714,7
B8984A29BE4798F85EA15F483E37877E,0,0,0,7,1,,,0
180DD97620E27565BAC06D52A7301FD6,3,3,1,7,2,0,0.0,1
D1D28C4F71562796BEB89FC36F750EC8,0,0,0,7,1,,,0
0939A5A6511211C939F2C5E2FC7A569A,6,12,6,7,7,19,6.833333333333334,6
BCDF2F9532377CBA960FB0E3562122DD,0,0,0,7,1,,,0
EC2E966C8FE8085A431A890720281491,0,3,3,7,4,5,3.0,3
41A6CDED404E981F9139B340C7485BE0,0,0,0,7,1,,,0
99EFB22FD8C92AC1CA1EAEA79F6318C9,9,14,6,7,7,21,7.166666666666666,6
26CBD7ACB1A0499FD5060027824E9AE4,0,0,0,7,2,,,0
8C648AA8E1BED4F1A904777CD622F4FF,2,10,8,7,8,21,7.222222222222223,9
501EC0B173398B023AB5B9A315FFD673,5,11,6,7,7,21,5.0,6
751018CE835AF22D782F2DD95FCD3429,11,15,6,7,8,21,6.125,8
0217C9606C9F810928969484AE2E6636,0,0,0,7,1,,,0
15CD22185F08591834FEDD463B6739F5,2,0,3,7,2,2,1.0,3
BB2FB1AD3F2BFFD7ABB35AE547918691,3,3,0,7,1,,,0
C55AB3BDFB4E590FD53FC9D79D7C4A95,0,0,1,7,2,21,21.0,1
BE6664960A816581032BA83785812C9C,2,3,1,7,2,0,0.0,1
B3CA9852E79C385F3C7138FE7BEE14DF,1,2,1,7,2,0,0.0,1
1DE23E84BE3272C3A3105BA98ECC289E,1,0,0,7,1,,,0
9F16370AFBE42AE18C09560D8C6D4512,1,0,0,7,1,,,0
8564A83580741A627B2AAE59CA3103E2,0,1,1,7,2,0,0.0,1
4CEF9094D0F8618EEC77F09597DF415A,0,0,1,7,2,4,4.0,1
44D128700314301BEEBEBAADC7FD3EBE,3,3,0,7,1,,,0
4E9E848BB7BCC678E47D2DD60529526C,0,3,3,8,4,4,1.6666666666666667,3
B75810F39D371512B779AEBA7A24C528,5,2,7,8,9,21,4.875,8
CF3F621F23B4C697E784B0998A1DB94E,5,12,7,8,8,21,6.857142857142857,7
C6892F83765C54CDB0A4768B53F96B1C,4,0,0,8,2,1,1.0,2
DB823680F4CE3AF028B13415C716BE6A,3,2,7,8,9,21,4.166666666666667,12
25635229735B865AB485C488642D4F93,2,9,7,8,8,21,6.428571428571429,7
A421EBCE8AA69A980AAFC4F141BDEFFB,2,8,7,8,8,21,7.2857142857142865,7
E1D71402D17F86EEACE8A454C3D63273,7,6,7,8,8,21,6.0,7
E2CD12EE286D97AF7174B8AB91391200,0,8,7,8,9,21,6.333333333333333,9
2304B486B11E4CFFA0BB8AC8F2F5F4B6,3,8,5,8,6,7,2.0,5
B9BC9A430E79917967EFBEF5B1915199,0,0,3,8,4,21,14.0,3
78AEB23ACDDAFA2B981C1E2FEF126443,0,7,7,8,8,21,7.571428571428572,7
876D135D2A3F300384CEC71526800C3A,0,0,0,8,3,,,0
CD327D0141209436D7C03D644B969700,4,3,0,8,8,,,0
8ACCEA29DD561542D9AE209167BC9943,3,10,7,8,8,21,7.000000000000001,7
3DCA4F3C454685AFAE9D0642C321219B,4,2,7,8,8,21,5.2857142857142865,7
2B08ED83FE22406B7E1F117CC2B8FD17,1,0,0,8,1,,,0
57AF44C73C2441BB587970ACDD4B9B48,8,7,7,8,8,21,6.1428571428571415,7
348089CEE6BCF7C754709C6D4F7590FB,0,7,7,8,8,21,7.000000000000001,7
A727F7557FD9F7CE772E19AAB3863391,7,14,8,8,8,21,5.375,8
005901472E484822C26D99D5877AE297,2,2,2,8,3,3,2.5,2
D3F02E8E6B2281D6C1214564C86CD432,0,13,14,8,8,21,9.571428571428571,14
56398B4035B86CBCEF9237DAD33CEEED,3,2,7,8,8,21,7.0,7
B39508DE024AF1249C3E23FA7C25C688,1,8,7,8,8,21,7.857142857142856,7
71AAE70AC95236B7ADF665241789A2DB,16,8,12,8,9,21,6.857142857142858,14
04FF1563F0F9C6B7CB15024E5534601B,15,20,7,8,8,21,5.857142857142857,7
C5DCD5BDE40C35D68CBBE267EFDB4F55,0,0,0,8,1,,,0
A829171B86E4B3C3CD9191BED13833D6,7,14,7,8,8,20,6.285714285714285,7
40E48F9F86A546EF73EDE7855625E2B2,2,8,7,8,9,21,4.888888888888889,9
6A24D64A89D95F922CF43FD19EB2189F,18,7,10,8,9,21,4.615384615384615,13
1AD0B20B27274364A2C61556C48DBF35,25,19,0,8,1,,,0
7ED4165854463C38F1D739A2014001D9,2,9,7,8,9,21,6.125,8
17890ABCA8287E5036D8DE68339BFBD0,0,2,3,8,3,2,1.0,3
EAF6860751C9F9D380DBAFAE3F881210,3,10,7,8,8,21,6.428571428571429,7
0E9E1584FC0E8338E89AFC40ADA27075,2,1,7,8,8,15,3.714285714285714,7
B870598E0A2971B35047F79B0B5697F0,3,9,7,8,8,21,6.428571428571428,7
FD35DC1A3A7F4499DE2DFB7F54C46072,2,5,3,8,4,1,0.6666666666666667,3
64E1674C0F552FAD5D9262BDA60B7007,2,2,1,8,2,0,0.0,1
47D7334EE5D3D6CA9FD36A01E38F0407,1,8,7,8,8,21,5.428571428571429,7
33E6E4CE27A73E534C3A0307F906EAD1,5,0,7,8,9,21,4.75,12
DF43491DED3D7B20B6B70208896EC17E,0,0,0,8,1,,,0
03294459D3A63D7FD399AA25A2B8D834,1,0,0,8,1,,,0
9FF3330617722CBCB12644B02BFC5EF5,2,9,7,8,8,21,6.857142857142858,7
C554BFB2BA21F1E72F31626298FF993E,1,6,6,8,7,11,3.333333333333333,6
450684FABC859176D9278D039AC427DD,8,4,7,8,8,20,6.0,7
1689E4493B50519586DA19C589E10BFC,2,1,7,8,8,21,6.7142857142857135,7
7F2B633C86B765201C93FDB6FF261143,1,8,7,8,9,21,5.75,8
5E93985C5B02D9015C3326D060D2CD0B,0,11,11,8,8,19,6.727272727272727,11
A22203F592493C8C4E00D05C9FE26403,0,1,7,8,8,21,6.142857142857142,7
27DF439BFD9C3BB0CB0D636030E61F57,15,9,5,8,8,21,6.0,7
4E6F4A73B5D05B33DC73B11547E39004,0,7,7,8,8,21,5.714285714285714,7
CCC7BB053BBC6824C53FAA4A8C63E3FE,0,7,7,8,8,21,5.7142857142857135,7
8B9934BC891E0F96EE43914E6EF11A7E,7,2,7,8,9,17,3.0,10
B2DF8884B2085B1CC81A07A5EF1BA1F6,1,1,2,8,4,21,16.0,2
A9FF098581B70149D1959FB89B5906B9,0,7,7,8,8,21,7.571428571428572,7
266D8AE41227FF59B44503E0F9758CFF,2,9,7,8,8,21,6.571428571428571,7
97E61D8532D6932FBCE1EA7546DED0BF,0,0,1,8,2,1,1.0,1
264749B887AA92394A2F4E449D16A9F6,2,9,7,8,8,21,4.857142857142857,7
2992088E1CBB30548C54786702C24CDE,2,0,8,8,8,21,5.875000000000001,8
04F397E482E77FD2B7CAEB81E732790C,17,20,12,8,9,21,5.388888888888889,18
E3766F65834BCE7AA781B3B641314E82,2,8,7,8,8,21,7.0,7
3A7EA807EE2B30654EE554FBBE0C8DAF,19,7,8,8,8,21,5.75,8
33EE200629C0F5409E179BCB40630135,0,7,7,8,8,20,7.571428571428573,7
5F72C8757B169882D52BFBC7CDE1B9EC,2,3,7,8,9,21,4.555555555555555,9
5162969F86FF3415BCAA129B20C94C12,1,0,7,8,9,21,4.75,8
A8A510DCC86FAD0C92CD0081E04EE829,2,8,7,8,8,21,6.0,7
1406751556EEDB1D112BF86CACAE9C88,10,13,7,8,9,21,2.7666666666666666,30
86C65934EDF946EBA8153BF74F0D55CE,0,9,1,8,9,3,2.0,2
6DDE1080AC8A38C5E8098C3FADE135CA,6,4,7,8,9,21,5.5,8
7607DC7E57A99C77C9EB20290B1C030D,10,9,0,8,8,,,0
1A64A007F375939A21233157BD51F1FB,0,7,8,8,8,21,7.0,8
7F59CF521FECD25BB213D5EF203A7EE0,3,10,7,8,8,21,6.714285714285714,7
7E4ADADD679E6009DCF88E49CDE4729A,0,11,11,8,8,21,9.454545454545453,11
2F71939D3C9E23EDC53AAAF004C762C1,5,8,4,8,5,21,15.25,4
E020680BE3366217F20F02840856AB51,1,9,8,8,8,21,6.25,8
0CFD16A46A05B5BD29D3A37284B94CBB,10,17,7,8,8,21,6.0,7
FB0BC6BA27FF757DFB99AA84FD7F03C4,1,8,7,8,8,21,6.571428571428572,7
5E8F210C2A6778D0E6194D50118E5915,3,2,1,8,2,1,1.0,1
E1525CE476796BA226E0B42E9287A82D,18,14,8,8,9,21,6.666666666666667,9
5902F784DB3A5034F7DD36525DC8EA26,6,3,7,8,9,21,3.454545454545454,11
9434EE4CFDFE0F5BCFE40126A569F3BB,0,7,8,8,8,21,6.75,8
482974BDDDE07A677B4B82C4D1EA4FE0,0,0,0,8,1,,,0
BDC16D851454F53FB1574E4478D934B8,0,2,2,8,3,3,2.5,2
DC930EB0BCF5A8A2233B766CEB3EA42D,13,19,7,8,8,21,5.428571428571429,7
A83713EF270EA35A03A4784C0A3662A9,0,7,7,8,8,21,7.428571428571429,7
4EA4BB597E4AFD7B452F7C8669B5AC13,5,12,7,8,8,21,5.142857142857144,7
00DC2F6206D386B66176EF0C74729A97,1,8,8,8,8,21,7.25,8
402CAB23CC5BA21C2FEDCBAAE6EFECD4,0,7,7,8,8,21,7.285714285714286,7
9496AD6B59EE0559E6A55424D484E6DB,13,7,7,8,8,19,5.857142857142858,7
9554CF814BF816CB06E5093F69AC32A3,0,0,0,8,1,,,0
CEA92F03E8510B434A70984A6E255308,4,10,7,8,8,21,6.2857142857142865,7
08BE667A0B295824B357D4EAD3EA0096,0,0,0,8,3,,,0
35C4BB70C2B72DA0C63266D075D8FC23,4,1,0,8,3,,,0
EDDD1F09F32BB54134A50D174BD26137,4,10,7,8,8,21,7.0,7
47C85C4D55A57BDD75A8243EA911DF48,0,0,0,8,1,,,0
1998E771F5C24E7FEA242074595E52FE,6,0,8,8,9,21,4.666666666666667,9
DA639DF6D264E4275E3BC857EACF19F1,0,3,3,8,4,3,2.0,3
B4FE791D509D2509428542B688B0CCDA,9,4,0,8,8,,,0
1281DA90CB21E99BCCDE5C5B0D84CF8A,3,4,1,8,2,2,2.0,1
91D0EA986B43DC75ABB6A324848B37F1,12,15,7,8,8,21,5.285714285714286,7
84387CAB97020D4113BFFE53351F76F7,2,9,7,8,8,21,6.285714285714286,7
8FB9723ED7B61147F30FFA1310089F09,51,16,7,8,9,21,3.1428571428571423,14
BBF8B71437AAFAFF4204AD347306E9F9,0,7,7,8,8,21,5.857142857142858,7
F8F974AD2BDA35C626EA3B74FB21A243,0,7,7,8,8,21,7.857142857142858,7
C7BD490452F7CBF2D49339DF6F53072D,2,8,7,8,8,21,6.428571428571429,7
15580E78B3CF93AA028B5376350129FD,29,37,7,8,8,21,6.428571428571428,7
27D659AA3DEDE7ED477CB91594C776E9,0,7,7,8,8,17,4.714285714285714,7
47117CCF2E3E8759A590F4B58E5F8E35,1,0,0,8,1,,,0
551FD13413388C3A6B9B166D82E22B1E,0,0,7,8,9,21,5.375,8
2D882FB3E1180C124C5D92A4645684C1,0,2,3,8,3,2,2.0,3
14820087732D43CA92C816CA22E9FDCD,0,7,7,8,9,21,5.5,8
4A5DF38F4219E18470D5B3D266ED3EF6,0,4,3,8,5,21,11.0,3
5388EB2BEEF30775D8F60D9B882F7EA3,5,2,0,8,1,,,0
8BE12B8C3FE28D4FC8B301E8AEF91BCD,0,0,0,8,1,,,0
8E6F7A428C907165D78A2377ABEB7315,0,7,7,8,9,21,4.615384615384615,13
225638B28A80341EEB04F1DFC144F30E,12,10,7,8,8,21,5.2857142857142865,7
C3E3CDDD1E35362AA59854F8FA511BB0,8,3,8,8,8,21,5.750000000000001,8
0D849BD3241F4DF37ADEFA2A5CB36EC4,2,2,7,8,8,21,6.0,7
CB97E068B3B8C8E61EB2EB0A1CC57577,2,3,1,8,2,0,0.0,1
43B0C02FC1A34A9F6149674983A02DD1,6,13,7,8,8,21,6.142857142857143,7
E4373227CBB3666D5F0E9466C072022F,0,7,7,8,8,21,5.2857142857142865,7
24EC66066D934AFB6BE34A5725E6834C,0,0,1,8,2,21,21.0,1
894317E466417E90E403656FF1204A2B,9,6,0,8,7,,,0
A7A82810484F6D99DDFF8A737E8BFC41,7,7,3,8,4,1,0.33333333333333337,3
706FFCFBAA254E9734D74D6493D4CD2D,3,1,7,8,8,21,6.000000000000001,7
D070996B417D3DD0E6429A11FA4C5AB1,5,4,7,8,8,21,7.285714285714286,7
70646770530D6BDEB05AFC16DD2559C2,5,3,7,8,9,8,3.5555555555555554,9
B6450EA3B7EE301DED6586AE11DEDEFB,2,9,7,8,8,21,6.571428571428572,7
216BD01E519F6AD2E75A9564DDA116D6,1,1,7,8,8,21,7.8571428571428585,7
6C830307EEB0386C0BCF2EC6823C72BD,2,4,2,8,3,2,1.5,2
1FA483D71650011AA5BCFA78B25F67D8,2,1,0,8,1,,,0
75090DD3DF498745E31980F2DAF75F24,8,7,7,8,9,21,5.125,8
3A66B71F62FBDEF60DED96B73BA783A8,0,7,8,8,8,21,5.75,8
A4CEEF26271DB9DC4A825B9E6DD8D8CA,0,4,4,8,6,21,8.75,4
D7C4BD696A49356175EE064AC6195452,0,5,7,8,8,21,7.142857142857142,7
B6C14387D25BA84698172D08D409EF6E,2,9,7,8,8,21,6.142857142857143,7
FCB218A1B5C858D56B849CA70EDCF6B4,0,0,7,8,8,21,7.285714285714286,7
F953F00C82353F3591EC20DF652B68AE,7,13,7,8,8,21,6.571428571428572,7
CA7063E090B7905BDDB0284700943671,15,9,0,8,8,,,0
CD6E2F1740E409147A0C74B5B63E1099,0,1,1,8,2,3,3.0,1
FA5EFC7F0862BE935CF3C0BCCE5C38F1,0,7,8,8,8,21,7.25,8
B179C315ED033642C37F45179C9E0B13,0,0,7,8,8,21,6.428571428571429,7
626009813D7731D71D9DD3D396969BB8,33,27,7,8,8,21,5.714285714285714,7
6B8854D5D38B4C156A41CE9C1980F5C1,1,0,7,8,8,21,5.571428571428571,7
8FF233DF71B4385657149819D1EDD2B8,3,1,7,8,8,21,6.7142857142857135,7
02223951B2E0FACF42BCEA7902601DF2,0,7,7,8,8,21,6.857142857142858,7
1756558602A5C14A5DD2AD4B696D2191,8,8,1,8,2,0,0.0,1
C7D1251D511390199906756641DFF403,0,7,7,8,8,21,7.285714285714286,7
3CD3AC2C957C5B7406C88ED9DE64E03B,0,6,6,8,7,7,2.5,6
27BD7E3DEE884092F0FCCDD638CDCBDD,0,0,0,8,1,,,0
E146F217FF7F711C9AB1461342FA8EC8,0,1,1,8,2,0,0.0,1
869CD665A9D52E3398754C8DACF4426D,4,11,7,8,8,21,6.0,7
A94A9E429728010F5E5E415F5C49FBBD,2,2,7,8,8,21,6.2857142857142865,7
35B864A5932E1A0A5F30D41B9F56112B,9,3,7,8,9,21,3.5833333333333335,12
C5DE6E85159CC31B2CE9213117956343,0,7,7,8,8,21,5.857142857142857,7
8D64707940036AB6BA38D11784A7B8D8,2,2,8,8,8,21,5.5,8
C7225BD7DA8FC35F0418008067118D78,0,7,7,8,8,17,5.000000000000001,7
8CD17D401092A32135F5D22B946E7E0E,1,9,7,8,9,21,6.0,8
97746CE0DF1E7BBB0EEB43509FEE15D3,8,14,7,8,8,21,6.142857142857142,7
D5BD4BBB933C0DBBC932E023D99BA8BD,1,0,0,8,8,,,0
E50E05F740BD10786A762D8CAA553FFD,0,0,0,8,8,,,0
27F3212FBA737E43575A71AF9D0DED40,2,0,0,8,8,,,0
DB9F0F2561524A9EE1436805AAD70675,0,1,2,8,2,3,1.5,2
B90C16F1D537783AD6E70B195C803021,4,2,0,8,1,,,0
2F7C8FE38ABBC072436CCFBBEE70F21F,2,4,1,8,3,1,0.5,2
060D19333BDE9DED4C0B12F16CB944C1,8,14,7,8,8,18,5.142857142857142,7
06609A3933F8675D7CAEEC4831E49CD1,16,23,7,8,8,17,4.571428571428573,7
833915A2E7FCD505EA649E1896A1A52F,11,9,2,8,3,1,0.5,2
DDAE59D1F0DCF18D15A1BA723158614C,0,7,7,8,8,21,6.571428571428571,7
813752D080B905A883D3818484ECB924,20,3,0,8,8,,,0
34421ED88E86B273A72045EFD913B5F4,1,8,7,8,8,21,7.285714285714286,7
3214D3FD22312FE29D4FB6A8EB2203CE,0,0,0,8,1,,,0
2500D631A3882096CFBE33B0EFBE08FE,2,1,1,8,3,1,0.5,2
9F61F3B36299C77519005F1B90A90108,1,8,7,8,8,21,6.2857142857142865,7
270BB513258E82FEB9BB23091073E82D,8,14,7,8,8,21,6.571428571428571,7
7280F6CC65EB4E8B1B7FAD12337DF559,1,3,2,8,3,1,0.5,2
8A3744601C4B073DBA5DD3A27A8C2546,0,0,2,8,3,3,2.5,2
044F3B46E3C2402F9BF4EADCE5C5710A,5,0,0,8,1,,,0
09309F331FA528745E330964AF4AAAD8,1,8,7,8,8,20,7.0,7
7A4FEFDB59BC17432C70DA5781EEFDD1,0,0,0,8,1,,,0
6FCAF6470E5521E723C20CD55C4BC150,1,6,5,8,6,8,2.6,5
2DCC8C777D4D165D7539553D047B32F5,0,3,3,8,4,2,1.0,3
9F5B0AEAE52B166E78D0143922DC587C,3,3,0,8,1,,,0
3BCD089D3DCA1C50D4C43BAB1FAA2F33,1,0,0,8,1,,,0
BEFC3093419535FFBCB364A1FAA2AE0A,0,1,1,8,2,1,1.0,1
9B1BD950B7CB412037FFA88C6A060762,5,0,0,8,2,3,3.0,1
64E0BF319001686AAB32B5120FFA0167,13,20,7,8,8,21,6.142857142857142,7
35E12DE2AE4F3A84D8B9683BDA2C5239,2,2,0,8,8,,,0
B4458C63220C06B38E170B6D7ABF55FF,0,2,2,8,3,2,2.0,2
BB2D92E0C9F9469EFF3CE4CC7A4B2368,1,1,0,8,1,,,0
32B8D06C9F7E1EA3FEEAA158A6912216,2,2,0,8,1,,,0
073C36044E686CF5D6DEE864559D453F,17,13,8,8,5,5,2.75,8
17DC2360AE6B8EA8BAA10074F9905BAF,0,0,0,8,1,,,0
84CFFE14D7ACD4D84D423E3302B2E479,0,1,1,8,2,0,0.0,1
7AD772ABC639D8C0C7F1C05ECC7818F0,1,7,7,8,9,21,5.375,8
571DDC8F054E29631C1BCE53CB54FE5B,5,7,3,8,5,21,10.333333333333334,3
521AC3696E284496AE40274B6FADB8BA,3,3,0,8,5,,,0
529F3D9084B348083B61D034041AA727,2,0,0,8,8,,,0
62D374E00F3B0927D74063FBCF71CCA5,5,10,6,8,7,21,9.0,6
23524E79F3B371FF5BBC3CEC1E332195,0,4,4,8,6,6,2.75,4
79B1BDBD206346211D2D744AC87C0CAC,0,0,0,8,2,,,0
0E799E05DE124310257B263EF3556AD0,5,2,7,8,8,21,5.714285714285714,7
7AD080AD059522159D7C9EDB4A65C9FD,1,1,2,8,3,0,0.0,2
E993BC6B5A2E0A3A5668FC8D50DF7D57,20,27,7,8,8,21,5.714285714285714,7
3B9899ADAC4DED9CCE9E78E4EEF35456,1,7,7,8,8,20,6.857142857142858,7
9A24DF9DB18B4070A6D74486CF256C05,2,2,0,8,1,,,0
B2DB118498B078095B16C91A3820BD82,1,0,0,8,2,,,0
0A093D910BC43509D05005B98EDFEB7D,1,0,0,8,1,,,0
35176E87A2A4AF4E072DF63E7CB3560B,0,1,1,8,3,2,1.0,2
8E9E8510326C7CACF235E2E7FFB938D0,0,2,2,8,3,0,0.0,2
152D461156640BFB0D9225DD5E81A2C6,0,0,0,8,1,,,0
61C8E7688D348754D9A8BF3BE1523927,0,7,8,8,8,21,5.875000000000001,8
8299E83727DB46149AAD5F00F2A2608A,4,11,8,8,8,21,5.0,8
9BCE4FDF50FD066739D9D9D4081415DE,0,1,1,8,2,0,0.0,1
9CED4A9B9E6B7ED5CCE07F6D752048E1,0,0,1,8,1,0,0.0,1
3980D574A7D5B9088AAAFCBFD18FB050,0,7,7,8,8,21,6.428571428571429,7
89414B24EED890A8B14119C52A56AC5F,7,14,7,8,8,19,3.9999999999999996,7
5C3C00E3E4EF4918AE82CBBAB09DE794,0,0,0,8,1,,,0
0DC4E54CEA647E91CEC1B48851328AE0,1,1,0,8,1,,,0
9D5106C9C57514E35388CB6CFD237918,1,3,1,8,3,1,1.0,1
7885549F183924C4828C363909404D60,2,2,2,8,3,1,0.5,2
9E1A4F1CDC54270A4A7397A22070E8FD,1,0,0,8,1,,,0
E97CDE5EB1DF03050A5B1181B8769ABE,23,30,7,8,8,20,4.142857142857142,7
95CD4BCD76FB665984B0FA93175BCEC7,2,4,3,8,4,3,1.3333333333333333,3
C1DF3340FCB33B0C2A7C7D5A3C5E69F0,0,2,2,8,3,1,1.0,2
BA08BDEC281666CB07A3F709BFB029EF,1,1,0,8,1,,,0
B54F23E7B544072BDCF62B0F0B8B4B2F,4,2,0,8,1,,,0
6EE662CD1EC65DB0EF122F9433D09258,1,1,0,8,1,,,0
06F50BC8A6F92A1BDE764A8C5A398441,0,0,0,8,1,,,0
148B145398F2263011AF64A0EF6D4348,0,0,1,8,1,2,2.0,1
B995A80BF9875D0B9518F423AD2A6A91,3,2,0,8,1,,,0
ED37FF14DDB1A1F8D0876DD50B33AA43,0,7,7,8,8,21,6.142857142857143,7
E676E450E4EF9C561937FBB18A52C237,1,1,0,8,2,0,0.0,1
653D68365BF38E8B3490946A0FC7FD2C,1,1,0,8,1,,,0
359B5B95C8B1DF723D939A5A8AFF0904,4,3,0,8,1,,,0
050A6530B5D97065581BBD2A9F7F19C5,3,3,0,8,1,,,0
9E6B9CF7D34EDB24F8A4D5935914BC37,9,17,8,9,9,21,5.375,8
FF20E4EE129C3700FC1C6CEF188E17BB,0,3,3,9,4,2,1.6666666666666667,3
72BC8187FDFCF6EF1EDE6613D01A20C5,8,15,8,9,9,21,5.75,8
48C375B3FA9960A884092B56312793A7,7,15,8,9,9,21,5.375,8
D71810A4059DE4D07F77D6B380E18787,0,8,8,9,9,21,6.250000000000001,8
CB04A70ABA1698F2554492072C199E39,1,9,8,9,9,21,6.750000000000001,8
5F5E581687D0D81C399A149127A4B38D,4,12,8,9,9,21,6.000000000000001,8
E99D4AD5E5663BABE4AC08C027C775EF,22,6,8,9,10,19,2.9230769230769234,13
6029521955BA419D4BF4CC73A826866F,0,0,2,9,3,4,3.5,2
094CDCB8EF23B9B55134A0B5E22DFFCB,1,1,0,9,1,,,0
645E8F30F240047A024F0A083864FA43,0,1,8,9,10,21,4.928571428571428,14
F7942DAB4DD0CCDE84B6081125EC4006,1,1,1,9,2,1,1.0,1
2A9D10C4DD0AA89F39BE640ED38A2495,0,8,8,9,9,21,5.625,8
A6F3AC0345F0D29697A0E517CB4DC507,31,41,13,9,10,21,4.777777777777778,18
550A5DFB3871B30009BF48DE5EDCF918,2,12,9,9,10,21,4.266666666666667,15
B4644C48E3001E68B007D7F86C2383C8,1,11,10,9,9,21,6.6,10
1BE4A7182EB87D6B923C77F7E685E252,2,6,5,9,6,21,10.0,5
71C2AA64A2F04946EBB47151B2BDA812,5,16,12,9,10,21,6.571428571428571,14
A0F4501358BD3CF59B5EC6A7C6A33774,4,10,8,9,9,21,6.125,8
2CCA4395A5281BAC61DD7C846837F50B,3,13,8,9,10,21,3.3125,16
9BC94B3773C8304A9E101AEBCFEF4A5F,37,16,8,9,10,21,2.125,32
8046473848C0E0F86B801F15D438D7A3,0,17,16,9,10,21,5.750000000000001,20
307AC87B6D76A6A1A19AC2B11E3FA4B5,2,9,8,9,9,21,6.874999999999999,8
9AB38AB2AE2B6B15B572DE3AEFB04363,4,12,8,9,10,21,4.5,10
2B757F72B54587C6FECD4E73A348EAE0,0,0,9,9,9,21,6.888888888888889,9
FF6488918D5210F79676433098CAB3AF,0,9,9,9,9,21,7.222222222222222,9
A2281FA1184C2133E29BBA7867CE8772,3,10,8,9,9,21,5.500000000000001,8
DD9205509DA2F9DFA16544716C9E3C35,10,17,8,9,10,21,5.222222222222223,9
B7D2B63ABE215157570ABD2E2E6EC9BE,0,13,13,9,9,21,7.000000000000001,13
3E5C1CCFC0B5ED76F342F57F7CDD0C9B,13,20,8,9,9,21,5.5,8
CEA3143B383D0DDAFA5AE95F749336A7,1,8,8,9,9,21,6.375,8
1C93EDC08BD29847559EC3853A9D5C80,1,9,8,9,9,21,5.624999999999999,8
6FF061389484FDBF848F4269BA306E25,1,9,8,9,9,21,5.625,8
CDB49D27B3BBEDBB8CCF4DC7667E337E,0,8,8,9,9,16,4.000000000000001,8
1B7FF293CEB974A6F4E4788D705FF314,1,1,8,9,9,21,6.5,8
FF10AD0199E4BA01ADD9BA018352812E,0,8,9,9,9,21,6.0,9
5D2F04289199D1C0A52CE2B5D94674EC,0,8,8,9,9,21,6.125,8
8F69F63C94FC7045651B1B164AE7B379,2,10,8,9,10,21,5.222222222222223,9
8EC69D56A1BBBE4F2691746E39B8756D,6,11,8,9,10,21,4.0,11
D0E006B5E441969283C94713E308A11D,1,9,8,9,9,21,6.374999999999999,8
7EB0099C021CF1B2C0688CB1C9D42ED0,1,9,8,9,9,21,6.0,8
C259024130B11594A8BC902098A8C6A4,0,8,8,9,9,21,6.25,8
4E23742433A5840472CD79E85B9D202B,5,17,12,9,9,21,6.750000000000001,12
D51D0FC8A4A90AE4FB4FCE3F7D66A54D,0,8,8,9,9,21,6.999999999999999,8
F69FBE4DAF0B555D031825CFAFCCABA3,1,9,8,9,9,21,5.500000000000001,8
6E03EB3DFD35C31E04ECA7158A756664,8,16,8,9,9,21,5.75,8
0C47FE81BC619EA5A887E57F5EA4E91D,0,8,8,9,9,21,6.125,8
01562149DD13E75D732F0A9CA2D8CF5C,6,14,8,9,9,21,5.875,8
DC95F5FF8EF51EBA010282FFA967043A,3,3,0,9,5,,,0
23507C5F8A060402DC9563351AA9DB98,1,1,9,9,9,21,5.4444444444444455,9
A0130C6FFE82A4523C6F6E97EC0A9B02,9,17,8,9,9,16,5.375,8
B880764947942105B245A0D466E07598,0,0,9,9,10,21,5.2,10
7705D52DD2286DC2E6DB831A2E129E94,17,18,8,9,10,21,4.666666666666667,9
8BE102266AF2AEC727AE08D0A5241DE0,3,10,8,9,10,21,5.888888888888889,9
6EF8128066EC318AFEE74D559A2CADD2,1,0,1,9,2,0,0.0,1
7EA948C264F97EC4303D550B7DE13AC9,1,6,5,9,6,6,2.0,5
FF6FF6E096E090206A8AF6A229502285,1,9,9,9,9,21,6.777777777777778,9
387B532B7AF7A362DBF783E34C05BF54,19,26,8,9,9,21,5.625,8
ACA2E31E67D50F779611D7FDB674C370,1,1,8,9,10,21,5.0,9
CBC2BCC2668EE8A9FB42FD1092C73423,0,0,0,9,2,,,0
AED41960DDA933F8914955C5EF2A852E,17,11,8,9,10,21,2.8888888888888884,18
A16FA7098A55DCBCC8D215E689824390,2,9,8,9,9,21,6.625,8
9CD5BB1A0B88ABE7A4EDFD5A05972F33,0,7,5,9,5,21,14.6,5
326651F167D600272DA4EC5EE0618D07,9,16,7,9,9,21,5.142857142857142,7
67D16925800555DDF67EEA801FDCA559,2,1,8,9,10,21,5.299999999999999,10
39BE7CAB9B8602ABD10A1BFB4E66BBB2,5,16,11,9,9,21,5.818181818181818,11
4E0C67AD59BD285705D7B014EB7A5F12,1,8,8,9,9,21,6.625,8
31A049283D145F1B6EA2AE94EC67AA9E,2,2,6,9,7,7,3.5,6
694713EDE61F9D92D61A84F2FAFDA00D,0,0,7,9,9,11,4.375,8
94866E8443CF7CA975A9D30FA8D488EC,1,2,11,9,9,21,5.818181818181818,11
00561AFE95D32829E7B01AE07B4A4566,6,3,0,9,1,,,0
B31FAF033014AD1356CAC0542C141057,0,1,1,9,2,1,1.0,1
29129BDECB66109DAEEE1DD5EE393CB9,0,0,0,9,9,,,0
528EBF5D409AB0B9048E20EB3CC823C7,7,16,8,9,10,21,4.800000000000001,10
B96742012753A7FC58537387657DED5A,0,8,8,9,9,21,6.5,8
8D486EFDDB5C76031C3110CE58772B8E,5,13,8,9,9,21,5.500000000000001,8
9E339326C97677121AD14745863FD920,0,0,9,9,9,21,6.777777777777778,9
F24BBD36208042C587CEEFBF6951AA2B,32,28,1,9,2,0,0.0,1
861BBAD13EE77E566FAAD13B2D2D105B,0,0,8,9,9,21,6.125,8
946DD75500A7131C89F04666937CC3E7,5,5,8,9,9,21,6.25,8
A842B8523E4A15512B78C28F738D2A01,1,0,0,9,2,3,3.0,1
2E98271C4DE172F7AA1BB10FDEEA3913,55,14,8,9,10,21,2.2222222222222223,36
A0F1D068A8E7FA561AC7B4174DD5E2A5,4,12,8,9,9,21,5.625,8
2A50F2A460A9554E44379553F98BCFD0,19,14,8,9,10,21,4.0,15
C932D21ED052F52DDEAD4C6FE8ABF7DD,8,15,8,9,9,21,5.375,8
89C1D9AF4193728E41F48DC623DEE51F,8,15,8,9,9,21,5.25,8
EC895C732092BA9A3CE9F507ED888726,3,11,8,9,9,21,5.125,8
DDBA0BF4F81311FF87A30D2DDE2171E6,2,0,8,9,10,21,4.699999999999999,10
7B74A47AE5F30B425FF2CB4116D6E17F,2,1,0,9,2,1,1.0,1
CF1C1A3E159D7CD5C76D2F740AA42A5D,1,3,2,9,3,2,1.0,2
6CEF2DF8319798521F4139D3611BB32D,3,11,8,9,9,21,7.75,8
B49D910719C2E687FA278E5E0AFE74C1,10,18,8,9,9,21,4.625,8
C88B1D3F6DEC26E03432899B55EE420B,8,8,0,9,1,,,0
CEA79F13743A84BC8ABA238AB7D2851A,23,32,8,9,10,21,3.727272727272727,11
E4845D0C7B061876685E91DFDEA57D6B,0,8,8,9,9,19,5.124999999999999,8
B32D17F406C3624BE53004E487639F50,7,3,8,9,10,21,5.666666666666667,9
3BDA016D41EB1108EFF393D77AFA3348,21,15,3,9,5,1,0.33333333333333337,9
EF58F263802021C055F1EAF58CEEAC5E,12,18,8,9,9,21,5.0,8
0D2A1727F2166262BD158578D749048F,2,2,8,9,9,21,5.25,8
3E92971A2C61424AE180C6B8938861F7,0,1,1,9,2,0,0.0,1
A05BC65EAE8C4B3219D438D30537C110,0,8,8,9,9,21,6.75,8
CE817A14453DD7C900A63274C90495AE,1,9,8,9,9,21,6.375,8
469473B2E1C330A74286BA52BA3CACF5,1,10,8,9,10,21,4.777777777777779,9
E9F4811ACDEA8F75633BA26F30070D47,2,10,8,9,9,21,6.25,8
1A42E01A8B092BAB34BB195E01B6D367,0,8,8,9,9,21,3.125,8
213F7CCE718883579D85966F63301ADD,5,13,8,9,9,21,5.5,8
BCE2A810C0ED8C84CC780FDB6BFD2CAF,0,8,8,9,9,21,6.0,8
906CE0DA38E7D9DE597CA459CC907950,1,9,8,9,9,21,6.0,8
C495AAE4F1CC79CAF4335174F95ABFAC,16,0,8,9,10,21,3.1052631578947367,19
7D12F08669A7F1D4E2D12FE42431C26F,4,10,8,9,9,21,5.5,8
795BD0A5C9F63554D97DDAC0B7F116A0,3,11,8,9,9,21,5.875,8
E9E777B58E17AE5695695BD3B68B255F,6,14,8,9,9,21,5.875,8
CCC7D5A2292224C5FFB058839B9D9A1E,9,13,4,9,5,1,0.25,4
E9FAB40C08950F9B2927F6954DA285F9,0,8,8,9,9,21,5.625000000000001,8
50FEAE9ECFE22E951E8810622A2E8F66,2,1,0,9,2,2,2.0,1
4321FF8719E00733FDAEF266068DA895,0,8,8,9,9,21,6.0,8
99893A88D6E3FC238CF49C830005E049,0,8,8,9,9,21,5.0,8
16EE7848EDA12DEBDB60CC6040914C73,8,16,8,9,9,21,5.375,8
0DC18105468D2F74D534DF27DC3947AA,1,9,8,9,10,21,4.444444444444445,9
BF58F0019C7E71DD966146A26EE99E5C,6,14,8,9,9,21,5.375,8
2CE9034DB5A27398581F1EF3635AE813,8,7,3,9,4,1,0.33333333333333337,3
2ED35AC1D18D24AD6144985A6BADD694,2,10,8,9,9,17,4.75,8
22F0C2104A28E8BE34795DCDDA972328,0,8,8,9,9,21,6.0,8
DE72C6E2D917318A8B85DD1776F552D9,6,4,0,9,1,,,0
E977791606E1E581D0C7831B41F3A70F,9,16,8,9,9,21,5.25,8
8E1749E5A26DD54E346476A289854E93,65,72,8,9,10,21,5.2727272727272725,11
C052BC38A0F39A40678E5AF5E7C84B77,20,15,8,9,10,21,5.111111111111111,9
B3D92DA6A322D6E281B13D8CB56325FD,1,9,8,9,9,21,5.875,8
DDDF330206C8FD63B6C78C3BFB13F801,1,10,10,9,9,21,5.2,10
1D435E381B7264B0A2DDDC9D911F9AE8,5,2,12,9,9,21,6.583333333333333,12
EB24D92149039D4C73DEF533983ACCF8,2,3,1,9,2,0,0.0,1
470C4295F57DD571554C299036C3CF83,2,10,8,9,9,20,5.375,8
62049EEF43F63FD643CA30E55F1544BD,0,0,1,9,2,1,1.0,1
F652FFF92DC543ACF621ACC7511B3822,0,8,8,9,9,21,5.625000000000001,8
B05B44F98AC43EA887A1B78C3552A927,2,11,9,9,9,21,4.666666666666667,9
7DAD0B52C6A70949182E0658E67CBF99,1,0,9,9,10,21,6.416666666666668,12
82A011F67E3321E33C284B3D7878407A,2,0,7,9,7,21,7.142857142857143,7
D5318F4D84C04D8B246096BC1C5CEA16,6,14,8,9,9,21,5.25,8
713C00D8E2137116438668D9A7D90A13,16,24,8,9,9,21,5.25,8
91AE10437BB5A75239369654720E4CBD,1,9,8,9,9,21,6.875,8
A01A048A0E5413157039C956EB8CC1F7,1,2,1,9,3,21,21.0,1
12C4A779BA09095F2377D755962BD811,1,1,0,9,1,,,0
27059FB4D5533270601FC8EDC9F82AB8,3,10,8,9,10,21,4.888888888888889,9
68364E59AE894B814DBE49263FF5B9A4,0,3,3,9,4,3,1.3333333333333333,3
334C732F58847B16D90BAEC2116B264E,3,2,9,9,10,21,4.818181818181818,11
08FD622562B214D7B7AC45DC707106ED,3,11,9,9,10,21,4.9,10
14F4D707AE361449EAD9AA64EBA77074,1,0,1,9,2,0,0.0,1
E86172232E47B44315B97460C0F407C8,9,12,3,9,4,0,0.0,3
96880CC955C33CE8DB07D26D924472B1,6,1,8,9,10,21,5.111111111111111,9
99C532E3C3875B528AFF60A995C8197D,3,1,9,9,9,21,5.444444444444445,9
AFFBFB5A561C0DEA5ACAA4D33BC483A5,3,0,4,9,6,3,1.8,5
A4FA63A5EC567CDCF4B366FDF014713D,0,0,8,9,9,21,6.125,8
1B13692078594FBB8036DBC1153CECF1,1,9,8,9,9,21,5.625,8
A51128E8CFDD686155CB07E35B410A57,0,8,9,9,9,21,6.222222222222222,9
F9EF5F13B83A4CA8C74C7ABD868F23D5,0,0,0,9,1,,,0
8E2A5EB88B14BD966171099E577DC1B1,1,2,2,9,3,0,0.0,2
5C155534D30CA9890A62826A2FD82080,6,11,6,9,6,4,2.5,6
BED87FA077A814D97BF7D53C070BCDCA,8,7,14,9,10,21,7.466666666666669,15
9D9BE213A3FB2C4C53837FCDB578FB4F,3,5,2,9,3,1,0.5,2
03EFE49CE6F01EF07999FC6430187192,3,11,8,9,9,20,6.0,8
59C79351BA65506A00F8F940CC9EB337,0,8,8,9,9,21,5.75,8
5CE1F88CB574965F6F42871D47454756,3,3,8,9,9,21,5.874999999999999,8
3CBDB60D831C0281E68FB6DB97037C9A,4,4,3,9,4,3,1.6666666666666667,3
72765BA68400D4FB0A4B3E926A4C8428,3,11,8,9,9,21,6.5,8
9278A7C15D0307622E7A0305C4091A91,0,8,8,9,10,21,4.076923076923077,13
88617DC6471522BEA9C04FD6E9F39D96,0,0,0,9,1,,,0
495466C2475D9A12548D8CEE1515A0A7,2,4,3,9,3,1,0.33333333333333337,3
4F34EA13CE343BE6955B67914BD4DF9E,25,33,8,9,9,21,5.375,8
B43BC1AF8B548310005F04BC42441D96,8,11,4,9,5,0,0.0,4
933045091D39364956B32A1629328A68,0,0,0,9,1,,,0
D132E5A07462986D6C2B9187DA058A84,0,8,8,9,9,21,7.000000000000002,8
43504D72996A7D69E96BFC94905856BE,2,2,0,9,1,,,0
2A4BDBBA1155DC84138FBE8C51A3E18C,2,9,8,9,9,21,5.5,8
09E3A94B302791DF45D6160F8F0A7980,0,4,4,9,5,3,1.25,4
497308A94C26945E008226F51C49C706,18,29,12,9,9,21,6.333333333333333,12
42FC0A11943722237FC3EE8F6434C04C,0,0,1,9,2,0,0.0,1
B7E6580376A092AF1D8ED36A96EEF943,0,1,1,9,2,1,1.0,1
CFB369E51BEFCCEEA420DF8A9948A244,3,5,2,9,2,2,2.0,2
B86649CE03429A1DDA7F2D4912163FDF,2,2,0,9,1,,,0
32E3FFAC452648CA8600591F432B926B,12,20,8,9,9,21,5.500000000000001,8
6393336149371FD5736C377A437F8520,1,1,0,9,1,,,0
9B544F46D7ECB283C843BD66BD124B46,0,8,8,9,9,21,6.25,8
BE46B64DFFEE5B00F197D666EB57E781,3,3,3,9,5,21,9.0,3
704DAD0ABDF27726C45CDDC3298B5289,0,0,0,9,1,,,0
E301AAAB295E64BF4636D028B9CC26DE,3,1,8,9,10,21,4.90909090909091,11
401B0487AE463A8482E4A4CE8C7E5A1E,0,2,2,9,3,1,0.5,2
077277C88E7D330761F5272DB2EEE43A,1,0,0,9,1,,,0
14E656DE7AC47D563067AA4FE1CFE445,7,14,8,9,9,21,5.25,8
194BCE80D71B28DE35D78017DB98B299,2,10,8,9,9,21,6.125000000000001,8
0D7B57FFFAC37A63BF1E8006D681135F,1,1,0,9,1,,,0
A153C00220FEE4D83DF879F7D5A6CB07,4,11,8,9,9,21,5.375,8
E2C774E255180DD2DDB90A8D7A4C739B,0,0,0,9,2,,,0
CA05F1C6A3827BC6EBCA6E949CAAF250,5,13,8,9,9,21,5.375,8
64973D8EADDD09E77A06D302D5BEAB2B,0,1,1,9,2,0,0.0,1
E48DB192523506B5E01B6D149CE9AA4A,0,0,0,9,1,,,0
1CF3BCAD309A763EC21F7F58EC03567D,3,1,0,9,1,,,0
45CB5196EB384766A8EDEFEEF410CC23,0,0,3,9,4,2,1.0,3
9783EDD6BE9F8F18E20E4D1EF515AD23,0,8,8,9,9,21,5.875000000000001,8
C76AADEB86845BDBB0E7AC40FAC78154,0,0,0,9,1,,,0
72B0A7CF704348BBF6061BC012F84B99,0,0,0,9,1,,,0
00B6D40595249C8532BCA9846389C411,1,1,0,9,1,,,0
A85204F8F0A01E9A0ACFCBF14F58FC56,1,0,0,9,1,,,0
64DE216C9B6E04B5EC60124BA0D79AF1,5,7,2,9,3,0,0.0,2
BE61D8C4638179DDF8AE97E81226FD7E,2,1,0,9,1,,,0
20987F69A7C29FB25790D7C96326326A,2,3,1,9,2,3,3.0,1
C2138A9054B61336E862FA1B2D7E4F46,7,5,0,9,1,,,0
DC41285ADF8CE0214F2C3333D0C72D76,2,2,0,9,1,,,0
36FA4DB087C63BE79675F8B8CB1CB65B,6,15,9,10,10,21,4.555555555555555,9
9C72054EC9BC410B9415AAF5B63474F5,1,2,1,10,2,0,0.0,1
E9C2321017A4D05416B52F91E917A7E6,1,10,9,10,10,21,4.222222222222222,9
E78AA6FED10ABE06534CBD8D93B7EAFD,3,13,9,10,11,21,4.8,10
08997F7C4FA9AA016F22D7BF9D59120A,9,25,13,10,11,21,4.727272727272727,22
B75DFBAE222A34CC424C816160F7B40C,1,9,9,10,10,21,5.555555555555556,9
DB96F991CEBF843652230B0F802424FA,1,10,8,10,11,21,4.2,10
F916D30FAD36F1282F98AEA3D580BEBE,1,9,9,10,11,21,4.666666666666667,12
F488B4536BA104FE39ED63F2D4959B9C,14,22,9,10,10,21,5.333333333333333,9
850B0D07591E5AEF71E97AB739BAD953,25,1,1,10,3,1,0.33333333333333337,6
6095502F2573E3B246D9297314490E87,3,11,9,10,10,21,6.555555555555555,9
AA22BB2C4E3042B8C3B85D373A252BBC,1,0,9,10,10,21,5.111111111111111,9
292BF9D7ADEF04B6B3E916392CAF2F4C,48,55,9,10,11,21,4.4,10
BA3E7953B8E5F92949990889A5818043,2,2,0,10,1,,,0
84F5D9204EDAE98B3B542AEA93F40BED,5,15,9,10,11,21,4.466666666666667,15
EC8A980198BB3331B3088F123019D1B9,0,14,15,10,10,21,6.866666666666666,15
14FC1A25D55E89AC7ECD600CD3A08C13,1,12,11,10,11,21,6.333333333333334,12
50DB9A855B9D9B4977AA4512D799E928,0,9,9,10,10,20,5.333333333333334,9
6F1E23A7827B2844B805E96DB4B740B0,0,9,11,10,7,6,2.272727272727273,11
3686DE7B4C85F5F0AF385348F03492C9,5,20,15,10,10,21,6.333333333333333,15
1883FA137573AAF5D0AA698C2D27CA73,0,16,16,10,10,21,6.25,16
6344D6DD4B7741E868D17A8CC19E03C8,1,11,10,10,10,21,6.499999999999999,10
BB1E493E2EFA7A5DE87E04D5D8FBFC0D,0,0,9,10,10,21,6.111111111111112,9
AB714CB216CB456740B54DD82E11FDB9,20,18,9,10,10,21,4.555555555555556,9
2F301225AB10AA4AC1EFEFB073E0B967,0,9,9,10,10,21,5.888888888888889,9
8F4291CCCEDA653E7602693315CCB94D,1,10,9,10,10,21,4.888888888888889,9
3D7B1658E94975AD57AAE1067AFEC49B,2,2,0,10,3,,,0
6CBD3A5620C55393509053D6B1F71246,0,1,1,10,2,0,0.0,1
394EAFD982C3ACC92AE5EC3EDEF5974B,2,10,9,10,11,21,4.7857142857142865,14
D7AE63DAF36D20FB4251D41A02DBDF91,0,9,9,10,10,21,6.111111111111111,9
579700B60FE8D8C382D5421FBBF7535D,4,10,7,10,9,21,5.142857142857142,7
7BABAD7F0F40294269AD80C0232C2814,0,3,3,10,4,3,1.6666666666666667,3
CA586AC53F444FA7C73138A81445FBA0,0,9,10,10,10,21,4.6,10
4EE0015622A90E4D434B33508394FC2E,0,0,9,10,10,21,5.888888888888889,9
3365B9C026AE1095B97DEB5D9242D44F,11,13,2,10,3,0,0.0,2
153EB882FE1C43202528F580B9B5A250,8,2,0,10,3,0,0.0,1
9787443E5B9175CD412E316DEB1360CD,2,11,9,10,10,21,5.222222222222222,9
A00459466CE4C8B9E16BAB99D5EE9711,1,2,1,10,2,0,0.0,1
25E0FC5E665C8B194365A33EEF2E69B6,12,19,9,10,10,21,5.0,9
1FDB055D4BD4AEC379A7B2F34E862913,10,19,9,10,10,21,5.888888888888889,9
C0802ADA9ACC9B943BC83B7E7DC69019,0,0,0,10,1,,,0
793008133AFD953B70E6B9037D70D2A6,0,9,9,10,10,20,4.777777777777778,9
94A0E49810A84737C89D3DD2F6DE926B,4,0,9,10,11,21,4.6,10
FB93111870E88232CC10EA7EA2BC1272,0,9,9,10,10,21,5.444444444444445,9
39747754B0805753690EFF8D9711AB0C,1,10,10,10,10,21,6.0,10
946C999569F67A5A013C92E4EFAAAB66,0,3,3,10,4,2,1.3333333333333335,3
5D95913421F680D074FABD099659B0ED,1,10,10,10,10,18,5.6,10
91AF6AE835B3DEDA0F8F2BBF8DB8D8BB,0,0,0,10,1,,,0
EAE280AC3E0FD529D1C8A9D83598A8C2,2,2,0,10,1,,,0
3E5D6BF83E026DB47EE7A109C74009B4,11,25,9,10,10,21,5.333333333333333,9
57036430EAE106C2B00D97400191304B,0,0,9,10,10,21,6.555555555555555,9
3536FADE33CA15E5B12B304CB93F7C6F,0,9,9,10,10,21,5.333333333333333,9
3088A8A89D4725E439A0DE8B1950E62B,3,12,9,10,10,21,5.555555555555556,9
D1FDE2A7EAF350A6C080F1EF4D93AAED,2,1,0,10,1,,,0
887A958AF69B7172916C3748444BFF0B,3,11,9,10,10,21,4.222222222222222,9
C3DD7D17F36B6C3CF579F59C0732DC21,0,0,6,10,6,3,1.5,6
8D2705BE6CD813364DAF5C8C2254946B,11,19,11,10,11,21,4.25,12
6A9D932B71F94BBFD5BA8A1B5D48903C,6,3,1,10,2,0,0.0,1
53553A4F7A4663BA782C839944C85E68,0,0,0,10,10,,,0
0D667187016A7A93F542C15F452F5F09,0,0,2,10,2,1,0.5,2
C1B99E9322995E3A64E8607C1DAE7FA7,6,14,9,10,10,21,5.555555555555555,9
8B5E68310B602B8AFA0709EA043A7FAB,5,14,9,10,10,21,4.888888888888889,9
3B344F4A20E2899EEA570E3C7DEF7EE9,0,3,3,10,4,0,0.0,3
67863D2C7138196683FF4A3DCEFBE693,0,1,2,10,2,1,0.5,2
4E0F0A82FB573A676CCC27AFAF1B16E1,0,1,1,10,2,2,2.0,1
43D27F6D77E6A3B68872B6786AD0DAB4,14,21,9,10,11,21,3.916666666666667,12
4502ED904A0969D5DE541EB53A8D1FA0,1,5,4,10,5,3,1.5,4
29574BB59EAA97D018CE2997AD553C38,0,4,4,10,6,21,11.5,4
A254F6E99D57060676D7E27D7FD2C523,1,1,4,10,6,2,1.0,5
5A2354945FBD7267232E6D509CBEFB4C,0,5,5,10,6,4,3.0,5
0B8241BF453F2BF4D28313D1F7BB0B65,0,0,0,10,1,,,0
1E34EF48C5C3330AA65C1A5B36E8F86A,0,0,0,10,1,,,0
BB79F35E031F7560C2F9D60098D5E301,1,0,0,10,1,,,0
8320FC247A1967E7C0CDFC1502241310,6,9,4,10,5,1,0.5,4
909D9B52AE53E69F4C9B56A375086316,1,1,0,10,1,,,0
520D2F24B7F311880DEDDEBBA65BA553,0,0,1,10,1,0,0.0,1
6A40D31040601284128B45F7219415F8,1,2,1,10,2,0,0.0,1
FA1E483FA73C74A5DC0D24668775BC87,0,0,1,10,1,4,4.0,1
38194116C2CA8FCD3AADABA6F8BBC968,0,0,1,10,1,1,1.0,1
1832E427962A492A4491FDAF4CE206B7,0,0,0,10,1,,,0
0B5C241A54583DE93B3EB4B03FF0C5AD,0,0,0,10,1,,,0
4DBA44A1CC22152B45013A148279A746,2,2,0,10,1,,,0
BB146AC5B04046543877461FB3DC8FF1,0,1,1,10,2,2,2.0,1
E1F2F0F7AF0501AAE583297C08777309,0,0,1,10,1,0,0.0,1
737315B58A0132946FA7291557711FB3,3,3,0,10,3,,,0
9739CF7747700632F707FE234CEA7C00,19,35,18,18,18,21,4.833333333333333,18
F0CB5B8A09D2939ABE177939279ABFEF,2,2,10,18,11,13,6.0,10
6D1091565E448C7F719AD09255822159,13,13,24,18,18,21,6.083333333333334,24
27C88E1533471126F779ADE591D7915D,0,0,17,18,18,21,6.647058823529412,17
1F91CA88C5E106304CDBD9C769FEC3E4,5,20,17,18,18,21,5.0588235294117645,17
F5234E286EEDAB7864E680AA874A2DC5,2,19,17,18,18,21,6.176470588235295,17
05DF062AAEAC7734D204BD3B296D00A7,3,11,10,18,10,15,5.900000000000001,10
A9C876F6262995184453B40AB7C5233C,7,24,17,18,18,21,5.764705882352941,17
24A9E967E4B9B7E993F2D8D51A470A24,6,22,17,18,18,21,6.352941176470589,17
20AD75FFA3C9AF1FCB8E171B18E3B971,2,18,17,18,18,21,7.0,17
6B7AC428C2515490D44848CEA0B1EA50,3,12,9,18,10,13,4.888888888888889,9
EAE2D84B008CDB4FB20D9C7F4BE4231E,0,9,9,18,10,16,6.777777777777779,9
361F3570C32F1CE252B63BA587E7BDDC,4,21,17,18,18,21,5.411764705882354,17
08F14F3BCA030F81B447161BA8653B44,4,21,17,18,18,21,6.176470588235294,17
5256B2B115955E80DDB7449775D92325,3,17,17,18,18,21,4.352941176470588,17
6B4B1D2282915F1FA72EDEF90F44FBD0,0,2,2,18,3,4,3.0,2
B6E6FA98F04FE22CC272DB5183B48763,6,23,18,18,19,21,4.444444444444445,18
71760E83C4579A53FE11B8C808677711,6,22,17,18,19,21,4.61111111111111,18
792AFD64D1318EB66C69F97D2D070916,19,28,18,18,19,21,4.9523809523809526,21
DE0849563DD76FBE34220465483ED45A,0,0,0,18,1,,,0
0554FA7236F2A6E3A86F54C72EDE441D,21,31,10,18,11,12,3.3,10
D03DB5B7CD510FC8309C5681588A7C8B,3,23,19,18,19,21,5.3,20
4050AA4D17A9F48733ABA537B6DE23C8,0,17,17,18,18,21,5.999999999999999,17
8EDCB7851F10B51350C78C208BEF4A4E,0,18,17,18,19,21,5.3157894736842115,19
1F25763EC8BCAEC7FB069E81659A2153,0,6,6,18,8,21,9.666666666666666,6
DC6051D104A07C8E1FFB5718A68238BB,0,18,17,18,19,21,6.722222222222223,18
54DF823029684ECFF20528667946AC2D,7,5,20,18,18,21,6.799999999999999,20
1BB448F355B22AFE32A99DF1997D2D61,0,8,8,18,9,16,6.375,8
3CEC7615454F718A5D189748E86E2AAD,0,11,11,18,12,17,7.363636363636363,11
E529979401DB0EF9EA61AFFB020B4755,0,17,17,18,18,21,7.235294117647059,17
C11D2CEE54EF4DC4655B7D87BC1B7F1C,0,17,17,18,18,21,6.294117647058823,17
AF7F48274AA5128EBCF3698F4FC8F61B,29,29,17,18,18,21,4.588235294117648,17
34CAF47105A2D9D0AC7464BB3AF8DB2A,20,21,17,18,19,21,4.5,22
4350AF4BCC8696767795098F45EFCEFD,1,19,18,18,18,21,6.500000000000001,18
68F870FD9708D9569124B7882EA53641,4,20,17,18,18,21,5.176470588235295,17
4F342B4E268D83D898DFDF87A2DF7065,0,0,8,18,9,14,6.125,8
4810571ACC0E16AC1EF27D345190C520,0,17,18,18,18,21,6.000000000000001,18
0C0803BC7D87E45A797914F9DAACD364,3,20,17,18,18,21,4.764705882352943,17
4CC453DA57531954D7C053B93A20B5D0,22,39,17,18,18,21,5.9411764705882355,17
7FF2DACF52CFE199896CCAD7DB6D3257,1,2,2,18,3,3,2.5,2
72271D72B3B55D68D6538C09FDAFFBA1,0,0,1,18,3,2,1.0,2
27AABF18BF07DE5DCACA40BDAFCD21E1,24,41,17,18,18,21,5.000000000000001,17
6016450CCD37EC498397E6CEBFF4209F,4,14,10,18,11,14,4.8,10
14B3164775DC217E7AC2C1BD7D250D96,0,17,17,18,18,21,6.999999999999999,17
7C8A5B2853B828A5756F5BFAB556D6A5,0,10,10,18,11,13,5.4,10
E700BD83FAFB7509FE2F45F2D7554326,11,27,17,18,18,21,5.470588235294118,17
8680E9C6F3ABE3B95FCF44EA5D7DB200,8,24,17,18,18,21,6.117647058823529,17
7657E94F33F780A1D896FBC9237E5ECC,3,1,18,18,19,21,4.35483870967742,31
9C969AA128F53D786FAE9CDAF9E16880,2,19,17,18,18,21,6.823529411764706,17
CB0FC6133C39392B5DE1AA13FCF272C6,0,0,5,18,5,6,4.6,5
9DCDA332E12E1ABACC2B034A1A4F3681,3,2,7,18,8,11,5.0,7
FE050FD4D559767FB68597C9638BA748,40,12,17,18,19,21,4.041666666666666,24
B6BC1F23335066E33C4BA7E049096B7D,1,1,12,18,14,15,5.230769230769231,13
1B959D672ABAE4A3BFB9D720D415E064,10,26,19,18,18,21,6.631578947368421,19
D76AE66DEC3B6D65388953F3B3A02340,2,2,11,18,12,15,5.818181818181818,11
20203F8B1F3621082106568F2582276F,1,12,11,18,12,13,5.636363636363637,11
CB4DA9332E829162849B05FA039ECFC8,18,16,0,18,18,,,0
9271152D92DEE0D6C59BAA65F92CED5D,0,17,17,18,18,21,6.470588235294118,17
0393E8CD10D9BAF3E2F06D31395151E6,37,53,17,18,18,21,4.529411764705882,17
79DED31E5D24F1C5671A24EDD00C10DF,1,1,0,18,1,,,0
214980227844539E15ABC4C4F3A79C28,17,34,17,18,18,21,5.294117647058823,17
3F400AEC8B83B103EF32B23A998BCCD4,8,25,17,18,18,21,4.764705882352941,17
F51A8D06AC623DB298EE7668DD233FAE,0,17,17,18,18,21,7.176470588235295,17
7193DF0AFAF46E4985F726514A3C6D81,0,2,3,18,3,7,5.333333333333333,3
FC46AD58407EF0D1DAA6281AB4DE03A1,0,4,4,18,6,21,9.25,4
854F0B886A56E4FF6ACDB94FDE1AE846,2,1,0,18,1,,,0
508D2C437A3BAB2A77F63442D34F5B56,10,26,17,18,18,21,4.823529411764706,17
EBF3CFE7756E8CAF348E0AB87220FA7C,18,23,0,18,1,,,0
56C7AB443CB21553FF8690752E58BC79,0,9,10,18,10,15,5.8999999999999995,10
38C4E3FBD09FA68179F2DE3F133D942D,3,21,18,18,18,21,6.833333333333333,18
839B9E77184E8D0169165C82AED230AA,0,2,2,18,3,6,5.0,2
EC8B102C09F17E8EA6750AB98580859D,1,0,4,18,5,13,7.500000000000001,4
6D717745A9FF51CA21D39208C1668378,73,96,23,18,18,21,4.695652173913043,23
FEEAEF16683900608922225433583714,6,23,17,18,18,16,4.529411764705883,17
6DAF0604F8AE54374593DBB13DD2BFD6,0,0,0,18,1,,,0
619893E8C20EEB450207B65496CDBCC5,0,0,0,18,1,,,0
4DAE79714A8765486E07DA1A14BF4C99,2,1,14,18,15,14,4.357142857142857,14
3708BB99951B6561E2BAA0CB4AE9DBE7,0,1,1,18,2,2,2.0,1
98089254E6687DFAB679C45BD38A48AA,2,2,10,18,11,15,6.4,10
33679FF6275622F994BA3223A316B754,0,0,0,18,1,,,0
8BD9A91BA36362DAEE21E9B2A6FA41D5,13,15,2,18,3,4,2.0,2
20569D4B057F83D1A1CCF8C5A8A6858E,2,2,2,18,3,4,2.5,2
574D46E5DE0737DF676FB5EEACE7D903,0,9,9,18,10,16,7.666666666666666,9
E65F00A86B761927724B518897B38D96,0,4,4,18,5,21,10.0,4
2D716CF5F646D5B95689EB06FE2B4724,1,0,0,18,1,,,0
88D87254AD30B9DAB8DDD4447FA74B11,0,17,17,18,18,21,6.235294117647058,17
97611A42987D6C2B96BE42C3AE38B487,7,7,1,18,3,0,0.0,2
F6C7487E08B33808B67130FFD37DEFD9,8,8,0,18,10,,,0
05FA1F01FBB59149823BCB6375DC97E9,1,1,0,18,1,,,0
DF08C4F0E5A855549CC953592EFE2731,0,0,0,18,1,,,0
3990418C114294580FA6E29EFDBF5AF7,0,0,0,18,1,,,0
7E1F5A1FBB0C91B0D735AD7DE507CB8F,1,10,9,18,10,15,6.0,9
9196683C62B3E1E8D7C7FA5AEE69676E,0,1,1,18,2,2,2.0,1
7D88252E59EB5A6CCAC770731E3F61E6,0,0,0,18,1,,,0
263560B8229A39CDDD89A0B1018FD39A,1,1,0,18,1,,,0
B077D4A1A40D874BEDFB76A9EE43DFC8,0,0,0,18,1,,,0
307BBF6C074C294F334A4A452C316743,1,0,0,18,1,,,0
83B369FB3C766234A1006A5E608A6907,0,0,1,18,2,2,2.0,1
8D4DB9C2E8006290BCEEE010D6C29B21,0,0,0,18,1,,,0
8B7FACC2862766EC0B3251F781D46F4D,4,3,0,18,1,,,0
8EAD46A4E7B3B2523BAA34E97115B94E,2,2,0,18,1,,,0
83CAD22407E52A23044FBEB81F24ED1F,0,0,0,18,1,,,0
F5C6402B21F86EC124B4DC55731066EF,1,20,19,27,20,16,7.0,19
59FCB96E9B27287EC6D38DAFA3C7CC33,1,0,26,27,28,21,6.185185185185184,27
2B510FBF818B7502DA16690FECA8EA9C,15,8,26,27,28,21,5.852941176470589,34
25B3D1AFECED8B78DA6FAF65B71AF56E,15,41,26,27,28,21,4.851851851851852,27
7B75374CC55EA2197E6783B9FD7BCE0E,6,31,27,27,28,21,4.299999999999999,30
14DE6B1CDA3BFD44679C7E9382644AC7,2,28,26,27,27,21,5.153846153846153,26
3827BA312204EA6F6847DFA4222C90CC,6,19,13,27,8,21,10.538461538461538,13
6DBDE46320385E9E44406228DBB4DF9F,2,2,0,27,1,,,0
21C77EB7A47823480BC90809AC502C1D,57,53,0,27,27,,,0
5B61E68C19B230022782F14E60F1EFA9,1,52,53,27,27,21,6.584905660377357,53
243E22C5C25E4B000CB550B45B47F604,55,73,26,27,28,10,2.7037037037037033,27
C3FF86683FE7A39605418A44285FFE22,1,1,0,27,1,,,0
A87A30159D909E2356F72AAC76F26707,41,66,26,27,28,21,4.037037037037036,27
2E5321DECDFD52DC881ABB64E7F12099,2,21,19,27,20,15,5.894736842105263,19
36CD9DA75188D11BA0065964FF116EC0,9,35,26,27,27,21,4.538461538461539,26
53B30A1766248883CAA6D6FD114DF540,28,53,26,27,18,13,3.8076923076923075,26
DA426D16B0EAB27DE1AC9D6E3418F400,22,51,30,27,27,21,4.366666666666667,30
3DEB0C12C49AD19D7ACE68FA59E7ACD6,1,47,46,27,27,21,6.1304347826086945,46
6F1D57406FB8BEF80DB1C15BD056C4B7,13,39,26,27,27,21,5.615384615384615,26
8CA722F382E4DFC3B210741B095EA491,0,26,26,27,27,21,5.923076923076923,26
61F5B317AB1EF10E3C7E68C930A1018C,26,38,26,27,27,21,4.26923076923077,26
66163D6663552C5C43D3DB1D98FCA9DA,22,47,26,27,27,21,5.269230769230769,26
CE3148CA8DACC6B0D0C5D234186008BE,2,8,6,27,11,21,8.0,6
91FFEA4997DB9E39A944F4B23B6A3B24,7,33,26,27,28,21,4.740740740740741,27
CE37961A20C06C1ACE22288FA9851B39,5,31,26,27,27,21,5.538461538461539,26
E6D9E348A68C31AFA8EBFFEFD3E09158,2,2,0,27,1,,,0
48FEAB5E27D804CA5A51958469130938,6,30,25,27,18,15,5.280000000000001,25
503AB1BC9E19C89B0425ED404E60F062,57,69,26,27,28,21,4.100000000000001,30
8F77C59AF991EEA6CEC54EE8AD78E23D,23,37,26,27,28,21,3.6842105263157894,38
CBB442DC8D2C88F9668735172B49628D,5,3,0,27,1,,,0
6C6732479CC7A4ED8374B29A64BFAE93,0,12,12,27,13,12,5.250000000000001,12
0B22B9507CAA0FBF27DA47F7A36AFC9A,2,3,1,27,2,0,0.0,1
7DCD9440F2BF5EB73FFCC4F26E26F580,41,41,56,27,27,21,4.785714285714286,56
FD755C6E1F38A676DEE7F209A516CEB5,18,18,1,27,2,1,1.0,1
A66443CDD9692C34AB20EEA1F7406340,2,1,14,27,15,13,5.071428571428571,14
E9C98DCB30FAB12295ECECA7E2353E30,1,0,0,27,1,,,0
9ACA78803EE0CCB46C5FE207CC23913F,4,11,8,27,10,21,5.875,8
2F1FC7EE7CB3BBAAF99B5788648A7E81,6,36,31,27,27,21,6.548387096774194,31
85FD06F19EBB6097388EEE0B207598B7,13,13,0,27,2,1,1.0,1
5E7FD2E063D2347A72EC52EA919B2550,5,3,0,27,2,4,2.5,2
0223BBE76C781BD6A7953BB056ECAC1B,0,0,0,27,1,,,0
7564EC46B2FD7498F0045F7B3E7FDB85,3,3,21,27,21,21,3.8095238095238093,21
39AF5DA305DF3773B58CCED5EE02434C,0,20,19,27,21,15,5.5,22
ED2ABCB45ADD610C484C229B38F2F996,4,22,18,27,19,15,3.611111111111111,18
E89C492A5D3446D45DEECB1DCB3E6379,0,0,0,27,1,,,0
8F4B58FA6F11840EF836F91A73A6CFD0,0,1,1,27,3,0,0.0,1
A0A1AE381C25CE7AFC27F9C8C7A56A71,4,11,7,27,10,21,6.571428571428571,7
0E373A6634EF389FEC4E82DA2C930CBF,4,3,0,27,1,,,0
C302332F1B2DC5162E47913A708C479B,2,27,26,27,28,21,4.743589743589743,39
8A0DCF53673262EF517F80989EE60BB3,7,4,26,27,27,21,5.999999999999999,26
DAC85113DF6DBAE9605FC6B2849BFFC8,3,36,33,27,27,21,5.484848484848484,33
60D4C3F033AD9E9643B1AF363C9C67BC,1,1,0,27,1,,,0
7537C0AA6291AC7B99DC4D2D695EEF1D,16,41,26,27,28,21,4.821428571428572,28
F6F73677A4E6A0F7AACEE96107700035,94,57,21,27,23,14,1.5698924731182797,93
237C74A23B391E23EDC8F0F25989E4E6,3,3,2,27,3,6,5.5,2
B975974ADC622D45F681637DDAE2B116,0,0,1,27,3,7,2.666666666666666,6
25D6702EA0A98A6284D9FFCEA0D764A4,19,32,26,27,28,21,3.1869158878504686,107
E659018965C45C6546EAC732D07DABB3,21,33,16,27,18,21,4.545454545454545,22
9713C968EAC5761C2CFA7CC91CB1120D,3,3,1,27,2,2,2.0,1
9A10BF8F0166076BD918A5027396A46B,17,37,26,27,28,21,4.2,30
BADBF9D1D46555F52F506538DB8C3011,0,0,2,27,3,5,4.0,2
3983B79EE1ECAC145E3688021745D894,10,24,14,27,14,11,3.8571428571428568,14
ABF34B528D18C455F276DDD3025A100B,14,48,34,27,27,21,4.323529411764705,34
FE4A220061DD4F9A25167AA519CD0620,0,18,18,27,19,14,4.000000000000001,18
6EE3CB7D6C073894B49F1AF081758A2E,29,52,26,27,28,21,5.074074074074075,27
08A61EDE0AB5410B3B45FCB3E146C398,2,28,26,27,27,21,5.653846153846153,26
6C322EA1E1D39E92FB4460797A8881CB,6,3,0,27,1,,,0
50D5028F1DCE89BE37B46B55CACE5D14,17,39,27,27,27,21,4.62962962962963,27
9CC2BF432B6DC22ED87C42FECB2E1584,8,7,0,27,1,,,0
D239BD14CE837AD669960E6B6D459C3F,2,8,7,27,9,21,4.6000000000000005,10
92BA07C5AF1103CDD804CDA9F7199B95,19,13,26,27,28,21,5.0,27
945DE7C965AFB12E35C3C992CF9847E2,0,0,0,27,2,4,1.3333333333333335,6
32C3039A18B8BC54D469BD784E3E65F8,1,1,0,27,1,,,0
062964F7169622E4AEC91756FFB8261B,3,1,0,27,1,,,0
0051D89BAAB15AEAFAEDAFF9B3045A81,1,1,21,27,22,15,6.238095238095239,21
84F55D39B331B4D51467A32FECD5F0A5,6,32,26,27,27,21,4.23076923076923,26
59FA894C0C306763553966660FAF4F80,1,27,26,27,27,21,6.346153846153846,26
6870FFBF31EA0EC710FF2A8A867B99DF,89,86,26,27,27,21,4.115384615384615,26
D14D2E97033107F3810C23B89C93BFCA,1,1,28,27,28,21,6.3,30
E5DFF57F779B2CC4C2C96EEDEB665ACC,11,9,26,27,28,21,4.7037037037037015,27
2C9A6D36285855C29FB73A0D7FA47BBC,0,0,26,27,27,21,5.884615384615385,26
329041D331D6165A7AB15EA5D452A8E6,13,6,0,27,2,5,2.5,2
7FB62A6843AEA9143C607A5DD1D15AA8,63,104,42,27,27,21,4.666666666666667,42
AED01413FADF3257A5FE6BF8626EDB3B,7,38,31,27,27,21,6.548387096774193,31
6C14B6297FCC1782508E14996A4DBB7C,0,0,0,27,1,,,0
5E37CDFE6C71822E33DA39DD2F7CA979,3,29,26,27,27,21,5.26923076923077,26
77658D260DF82B3BB7B9DF495293BBF8,21,47,26,27,27,21,4.769230769230769,26
EE1D33F9073FBBC4D4072E958FB59E96,28,52,26,27,27,21,4.5769230769230775,26
BE2B55BEAA4A435D8CB9FE792C9CB605,7,33,26,27,27,21,6.115384615384616,26
CF77B186B6800C045AAB1496A019B4E9,7,3,30,27,27,21,3.9999999999999996,30
A11CDE4B58519E0ACB8BBD3174073097,0,0,0,27,1,,,0
EF1CF9C1C84826BE2985E02194F65C38,36,58,26,27,27,21,4.000000000000001,26
6B141901E48698AACFB68C2AD3F370DD,5,31,26,27,28,21,5.533333333333333,30
F1DEDBDFB911909D5ABBA2D7FAB875D3,0,17,17,27,18,16,7.647058823529413,17
4518E1D277F1905B01C5EF379D5E7B9E,1,1,2,27,3,2,2.0,2
5B9149282B2EB48FE5AFE1240FC0440E,20,46,26,27,27,21,4.653846153846153,26
2D910124E99E4CBCD46F2D24E9F4EEA4,1,0,0,27,1,,,0
5907EC1A302D5F43AFAF60BFEF04324B,10,31,21,27,22,11,3.7619047619047614,21
7B2077E81951ADA573B8B31AE8F4E5CE,2,3,1,27,2,0,0.0,1
9723E80545E370F00C0D970377658CE2,1,1,0,27,1,,,0
4060CFCD63924AEBFE1C778E3F4EEA3E,19,15,0,27,27,,,0
A9E8C3FAAB892D2AC645D2E4938E8ADE,1,0,0,27,1,,,0
EB925367B0DF557CA74ED0CC116F44A4,0,9,9,27,13,21,6.000000000000001,9
70A76F710D0E358A6F1B76806A12B84D,0,0,0,27,1,,,0
29067BC9FD2834DEF1F91A45AFE9ED6C,19,17,0,27,25,,,0
7FDDC95340BC25D0D2BD52328DCADD7E,20,18,26,27,28,21,3.672131147540984,61
A835748FEF9F16F63D1231FC2B05D402,5,15,10,27,10,10,5.1000000000000005,10
260B601A8685EC020AE903C5A65DBECF,163,28,0,27,2,2,0.7333333333333333,15
B94838D0FE62AC63327CCE2B6B799319,0,0,0,27,1,,,0
F83FFA531E745DF8E9FC24B6AAB34EB3,0,0,0,27,1,,,0
D0F280B12652EB0D74F6BC74AB13606F,16,38,0,27,27,,,0
6E7DE8F2AE32CD1F2DC57B4B231499FD,12,38,26,27,27,21,4.192307692307692,26
8E178DA038B9F805E1216E3A6BEE7086,11,36,26,27,27,21,4.1923076923076925,26
C0AA6F95B35D0D803F47B299269E716D,1,1,0,27,1,,,0
E669147B89005600C8170E554BF4C376,0,0,7,27,9,21,5.571428571428572,7
48D232C097FBDAE6169C43DA689573BE,2,10,8,27,9,11,4.999999999999999,8
6B8754686666C1DA3FE4E7EAEAA9A6F1,0,20,19,27,20,16,6.05263157894737,19
11164B418F7663E3947395F0283A97BE,9,31,26,27,28,21,5.666666666666666,30
3D339878AE3B0017A1B3313EB2C5A90A,7,39,33,27,18,16,6.757575757575757,33
372FE71C3A120B444BEE6A4BAF34FB3F,15,36,26,27,27,21,4.038461538461537,26
6C8AF6B287119F8F7BB53CED716F8C79,14,13,0,27,1,,,0
4BA16643B69B490F9F1E0214C7FCB274,0,9,8,27,10,13,4.2,10
2B13ED3B71C058F27A76F929E672BE02,0,0,0,27,1,,,0
C6B7ED4E2FA4AABE5693A61B9A07753C,19,45,26,27,28,21,4.296296296296297,27
E84BFE62196E059C66D049BA9A14061C,5,31,26,27,27,21,5.461538461538461,26
4C18E92173DBE0764C2CC29D174E3A46,43,69,26,27,27,21,5.000000000000001,26
C4CC1D0F79A39DAEBC32E38EBC2FEB80,3,3,0,27,1,,,0
B7451AA68390E2D3D657D7494521791F,8,34,26,27,28,21,5.703703703703705,27
BD2F25C4375B34CD44952E51B37F3123,24,49,26,27,28,21,3.7954545454545454,44
E6A2DA9CDE5B944435DBC2868BAB6C47,15,15,0,27,1,,,0
13A6FE692FF146EA69C72EC6D2F396BF,8,1,0,27,1,,,0
C66BF8A9ACA5CD56597E18B0729181C4,0,9,9,27,12,21,6.444444444444444,9
47701C1486ECBAAA5927E13F9CEED27B,19,45,26,27,28,21,4.0740740740740735,27
BB1B4292DAEC42FDE09DE0A0663AB1BB,16,49,34,27,28,21,4.536585365853659,41
5B4A306CA68CC635D88C25581910D7DF,4,31,29,27,19,16,5.823529411764706,34
FC68FD4C1949DC8B96F959281128FBC8,10,38,26,27,28,21,4.958333333333332,48
1B7E4A00B2F914FD1E273E97F34F4A9B,1,1,0,27,1,,,0
3E2C8806332A7816B1E4A7921743E2C6,4,3,3,27,17,7,5.333333333333333,3
1C57345F89ED04B2AD796CC2FDA3AA11,3,9,6,27,5,9,5.333333333333333,6
B2CA9DF3641F62A87BBCB032B2CF2499,8,31,24,27,18,17,6.124999999999999,24
8AFAFD6D7E79149C91BCAE1995E0CF47,1,1,15,27,15,12,3.9333333333333336,15
3A5F48E2CB11883E662EA71B6152924F,1,0,0,27,1,,,0
23CA68E7241910CECEFCBF16A0F92BE3,0,0,0,27,1,,,0
AF13445B38EE232AD1A0AF3AF6162555,2,2,0,27,1,,,0
F0C98C1580B5B85E36A5605149A40CE7,1,0,0,27,1,,,0
B19501509EADDDB42342340A93E2BAAB,23,51,29,27,27,21,4.620689655172413,29
12D1730906E74A523D74E776DF569104,1,1,0,27,1,,,0
1C471DB450DBD0A5B48E483D52C54B89,0,0,0,27,1,,,0
4B7ADD0638D4C80264AEBFE16C222336,9,12,5,27,7,21,9.2,5
3CC6A2DFA7538BA4748CC3B061D0C59A,3,1,0,27,2,1,0.5,2
3CB38B63888CF38C44677E1BF7C5EBE1,1,2,1,27,2,1,1.0,1
63FEF9F33B5B4155C207095EBA23730A,20,14,26,27,28,21,4.454545454545455,33
63E2ABD33ED803069B357CAA582797CF,1,0,0,27,2,2,2.0,1
7CAA3B3FAAEE99C9A0D53A8997555B78,4,4,0,27,1,,,0
4281BB3FAE449C13BAF8697D53DD2BE4,10,5,0,27,8,,,0
8D0EAD73C85E48D958042757FEBB37BC,0,14,14,27,15,11,5.928571428571429,14
00EBE1243410277D1073CC84434B9401,1,1,2,27,3,3,2.0,2
6CA06212A2113C29F5E1B3C01536E38E,0,1,1,27,2,0,0.0,1
5F24E9F8E024EBA05742765F46D65C51,1,1,0,27,1,,,0
D259C2253B11A4E27FCA9BA9BEE835F1,7,13,6,27,9,21,8.333333333333334,6
9AB9D87C556C6825F16636C55FE3A434,1,0,0,27,1,,,0
7912ECDD69EC2C17B8EE95678D59660F,2,2,9,27,10,6,1.8888888888888888,9
83ECF96299CE32BC5D59B60470257994,26,40,16,27,18,13,4.7894736842105265,19
FB1F87054CBD0625890297427AAAD990,17,38,21,27,24,21,4.75,24
A048B1AEDEFC764DC665FB1ECBE04485,0,0,0,27,1,,,0
340732FC66B3E6CCFFC39126C34F0114,0,4,4,27,6,21,9.0,4
AA2569508B2DF307D649B432DC9292D8,1,2,1,27,2,1,1.0,1
A37E328CF1E796D9004CC04DA0174D49,2,2,0,27,1,,,0
30E7FC7394103E7EFA3F0AFC9F14342C,0,0,0,27,1,,,0
29CC43D76ACDDDC0A3D9F640532B7D27,2,2,0,27,2,2,2.0,1
0A8B3658EFEEE8A30763ED36A4152C4B,4,6,2,27,6,21,8.25,4
0F3599451BB8C1B19E08B95988A24008,1,4,3,27,4,3,2.6666666666666665,3
8CBA9954233F9C12C693325C6BC60D74,0,1,1,27,2,3,3.0,1
A53CA11A89AA4482F3346D452530B2A5,3,3,21,27,22,15,5.047619047619048,21
FCDB67CB5DC55F7383D1A50546FCD205,3,3,0,27,1,,,0
EEC2D07E9EAE5B92485B6FC8F9E49BCB,0,0,0,27,2,1,1.0,1
8A05EC682F7FC6645D92DD09CA8BC270,1,1,0,27,1,,,0
E6850F5E0DAB3E339C6A36BDEECCA26F,20,5,0,27,2,3,1.4117647058823533,17
868B8EF08BD8579559A26416D90E727B,1,0,0,27,1,,,0
27A7A10FDC637E7E93B1EAB037530293,6,9,4,27,6,12,4.5,4
54D26E8AAC347EFCDFD1727B82A501EC,9,33,26,27,27,21,5.884615384615386,26
FF4A17D9A81F5E4EB4208D83B791B348,1,0,4,27,6,6,3.5,4
D42B8C08A3E96D9ABB241C4E336D2B52,5,4,0,27,1,,,0
B9D8DF9BE543DEFAEDC13BF8903A859A,4,4,0,27,1,,,0
627D0781CDBF6CF6A3F2954A82E35059,2,1,0,27,1,,,0
816E4A23049D07A543FB519AE88627B0,4,3,0,27,1,,,0
7EAA72D0744F2D2BD7EFD2C517C802CE,1,0,0,27,1,,,0
9C79F2F13DD69EB9CFF5984B01D11C7E,2,1,0,27,1,,,0
AC34C49A6453C9799ECA4F32EDE452ED,4,3,0,27,1,,,0
A5EF117D3FA84DCA56D332FE725BF4D7,4,3,1,27,2,1,1.0,1
386EE7D00E029293C53C2ED7319EF520,0,0,0,27,1,,,0
378C7389011889CBAF737F0C3177D1E4,11,11,0,27,1,,,0
FE57181360ADCD86B7E09063DF2BBD2E,2,2,0,27,1,,,0
2AE21E7F9F033E4071059B08433122DF,10,0,2,27,3,2,1.0,2
FF11C3F604886107690160933B027275,12,19,8,27,8,7,2.7500000000000004,8
DD7772866FB721476438D3EDCFA89E06,0,0,0,27,1,,,0
2AAC37325749A1E1CB4D43A48BACA2C9,3,2,0,27,1,,,0
C54E95063CC34552EE57F396FD6ED165,0,0,0,27,1,,,0
CC3A14CBE749057371B6177FC29B73E4,0,0,0,27,1,,,0
11881642BDC63412AAC147C43AD763C2,1,27,26,27,27,21,6.115384615384615,26
7794925842684D88352662EF1FB701AB,1,5,4,27,5,5,2.75,4
08F419D33605DA4495326A1D22DBD6B3,0,2,2,27,3,7,5.0,2
373FE836AB2F619355882FE48B4747A1,0,2,0,27,2,,,0
7480AE90D76538F44A066A153F448198,2,1,0,27,1,,,0
7289CC3946410DF129DC0596D008418A,1,1,0,27,2,,,0
635BE6A3D887B6B3517FCF2324C4C1E0,8,8,0,27,2,1,1.0,1
4D6582BFA74C0705C44ED36CCB8CE527,14,13,0,27,1,,,0
51B4E400F79DB1FC7EE8E4C87DAA4BBC,0,1,1,27,3,3,3.0,1
EF028BE6C2230A5166A1A247D4687BA3,1,1,0,27,1,,,0
D6D08FE325CE856E9A083EAB9F89D26A,1,1,0,27,1,,,0
98BD801B515B9D21F8B30927842B767E,2,1,0,27,1,,,0
D5AA8A02352703280A47B61A01621DD2,6,8,2,27,3,5,3.0,2
BC52B9AFFA3C0A471D06D90400771809,3,3,0,27,1,,,0
F586E954D0C01A2A6B284402A02C75EC,1,1,0,27,1,,,0
68EA8FDC3D7F8984530BB60FAE9A42FD,5,5,0,27,1,,,0
39B762912C3255F7D8C8B3C54663A8B7,15,14,0,27,1,,,0
949CEEC83A2C21CA5D8626B8D6C826CD,7,8,2,27,3,3,1.5,2
AF630FDDEDB41D0F4D6A812731336286,11,11,0,27,1,,,0
991D67A744258B03ED8665667BE1ABEC,3,0,1,27,2,4,4.0,1
A1253D454CC63E28FAB0F93EB545F8F0,1,1,0,27,1,,,0
6227408B7293124C0D0752B79707C82C,0,0,0,27,1,,,0
189847C4C8137003FFC03E59139A9B57,7,7,4,27,5,21,9.5,4
3A6929650EE519FA833461393FA660BA,0,0,0,27,1,,,0
3B558122ACA8D8F2714179F087EBA08E,3,3,0,27,1,,,0
907D20ACA27904729B3427C5F49AF155,1,0,0,27,2,0,0.0,1
7B6BE2A3601A027FD74E71ADC49E4D38,3,2,0,27,1,,,0
38588158E60C2C2FA2B16E64FB077F08,8,1,0,27,2,2,1.0,5
989DE61215ADA824E704FF6C1351B67E,3,5,2,27,3,2,1.5,2
55F1FCCFEAF117FB21DD2BE7FECE36F4,2,2,0,27,3,,,0
C5788CC4CA50494F16D5CE2F5B913078,1,0,0,27,1,,,0
4BF98D09CA8359FC59ADAF56D00338F8,0,1,0,27,2,0,0.0,1
F5C94FFDFF785A055F4FBE8ACF6497F5,0,0,0,27,1,,,0
96187B4A3DB3993F6DB3DE161DBC14FE,1,1,0,27,1,,,0
D620CCDA2902920107F47726BB0880F4,0,0,0,27,1,,,0
F0CB54AD58C364BAAF0801236D20C63E,1,0,0,27,1,,,0
C52624F6DA3547B9AD433D1C6BCD8C2B,6,6,0,27,1,,,0
59FBE83E879F468A15B415CD8301B346,0,0,0,27,1,,,0
BE94A868FD1403CDCBBF4EAA340D5832,3,0,0,27,1,,,0
C323B6E3D8BF66B67E0ACDDDCF634C26,0,0,0,27,1,,,0
A894B62778EDB401693F73D86C3CA38C,1,1,0,27,1,,,0
72A7C5E5FF09E668AA3F5216593095BE,7,7,0,27,1,,,0
EFC4A3D8A0C002EF7E5A8B117655DA49,10,6,0,27,1,,,0
8D478A447317FB83662A7CC605FCF39A,2,1,0,27,1,,,0
D0CCB09FCD7577C38D5F08A89CC23484,0,0,0,27,1,,,0
F06490C7AB623EF84C41445C12EB8EB4,4,3,0,27,1,,,0
4F54C58CAA3B794E9C793FF2527E60C9,1,0,0,27,1,,,0
5A5A2BFC6757754A3C8971DC3CAC74CB,3,0,0,27,1,,,0
FA2CCDF7123953776CE4998FB9BAB231,1,0,0,27,1,,,0
B5F03FFC0E85259B64AD99ADFAC5C153,0,0,0,27,1,,,0
5635A012FC2AC25176B2B2BC4BFE8026,0,0,0,27,1,,,0
94AD475BBEFF55BD9EEC4644EDFAFA93,3,0,0,27,1,,,0
2D6293C0C38776524655522DE0CBA9BA,0,0,0,27,1,,,0
0382D8746EC192BCE3C3C84112BFCCAA,18,18,0,27,1,,,0
186A5C6A0DB4BD4137D6BA6850D021A3,0,0,0,27,1,,,0
886E4151EA714AA75E544D2938C1073D,0,0,0,27,1,,,0
382099660DB6DF486931F40ABBFEF294,2,1,0,27,1,,,0
FE2E8A1CB34D29BE2D970B390074C4D7,0,0,0,29,1,,,0
026E9E99CF63F4AD31203F6B2E01949D,20,48,28,29,30,21,4.612903225806453,31
F4810B35D08410542741137BD5FD3326,10,37,28,29,29,21,4.249999999999999,28
FFA9AE78B23263835F8AAED57713EBE9,49,77,28,29,29,21,4.535714285714287,28
1FC073543F4D2428D94BD21C1D24545F,2,1,0,29,1,,,0
6A99D4E5FE96E6BAA99D7A52932F7E15,4,97,92,29,30,21,5.648936170212769,94
BA889BE17F356F33412A42AC1CE6C51D,1,1,12,29,13,12,4.666666666666667,12
376A69A1B34564B27D65AD468A5C9F93,5,14,9,29,8,21,12.555555555555555,9
AB059522447E1198F61F9C9C4D267B8E,2,30,28,29,29,21,5.821428571428571,28
5BA256C3D2AA62AA64AA36CF7A526FFC,1,1,0,29,1,,,0
841727B396264112EC75FEB26C57E25C,5,29,28,29,30,21,4.363636363636363,33
1ECCA9BFA4F04D96DB287D32F05A6F6F,1,31,28,29,29,21,5.928571428571427,28
4D42F2CA79AD318C761BD19A3633E314,60,52,27,29,30,21,3.2580645161290325,31
310228A29216613C01B08D8B37AA21E1,7,31,28,29,30,21,3.151515151515152,33
13C310CA6E62FD1EB15BB8610D0CAE89,67,95,28,29,29,21,4.714285714285715,28
676BB63373E1F0AD33EE422E0D6D6184,0,0,0,29,1,,,0
5FFBFE051291F79717B99F5D72B02CDC,2,30,28,29,29,21,5.857142857142857,28
F7292D95AC282F0F0B7E82EDED18F599,0,0,32,29,27,21,7.0625,32
E8808298EB58EBCDBD87AC021925A5F9,4,32,28,29,29,21,5.107142857142858,28
011211E9EA540AC2595BB11DA7C48516,8,8,0,29,22,,,0
C4B5665949691B3EAF9E3BE0B5ADD793,1,28,28,29,29,21,6.4642857142857135,28
B00AF946385237F4CC380547015086D1,6,34,28,29,29,21,5.607142857142858,28
1440D2F8CDB64BFAA5621779B8C92571,16,43,28,29,29,21,5.2857142857142865,28
AF84CC1EC9452537CCF64714B4D483AB,1,0,0,29,2,1,1.0,1
57EC50FBC6C7277B8EDCCE44C1352BD4,17,69,56,29,30,21,4.958904109589041,73
E6C683B667548F68CECEEE709B23DA46,1,6,5,29,8,12,5.4,5
C7988042D4DD733F3CB97B82A4D5D268,3,3,9,29,10,12,4.666666666666667,9
0E37B2880EC8268C7E05E66B0FC00CF2,3,9,8,29,11,21,3.3636363636363633,11
8625C129B33907B9BC611417E29C8518,2,0,0,29,1,,,0
6DAA2DB5B93F3F8E0E3A9E0C4696B874,4,2,0,29,29,,,0
22DC6A6AE86C0AA33EBB8C3164A26925,41,63,28,29,30,21,3.9677419354838706,31
8CEB26799D9B0D577FF288366EA07024,10,10,30,29,30,21,5.612903225806452,31
A59FC5F402D7AE3D44C0D9F819282FFE,0,0,0,29,1,,,0
36DB37519B2E04EA1F19AF331EECB824,1,9,8,29,12,21,8.5,8
B7A127DE83D18B2709AE3149BA275910,15,43,28,29,29,21,5.2142857142857135,28
C0A246416D06E82892A4CBD5291DBBBC,20,47,28,29,30,21,5.966666666666667,30
139E5541B7E7208AE2399E3BECE40A28,16,14,0,29,4,,,0
D35A7CD01D1A7221C95033D88FEF95AD,24,16,0,29,29,,,0
25160B7A68C44401B28B1CE53B758D93,1,2,1,29,2,0,0.0,1
5CB53F0CB67C607A654E2CA29904EB08,7,6,0,29,29,,,0
0C823A0351DED69746589F995D0C682C,1,1,1,29,2,3,3.0,1
B3C470B60D2527FE10825101C54FB1F7,50,3,28,29,30,21,3.2028985507246372,69
BE750DBC04C504277B4B37645DAA8AE4,1,0,0,29,1,,,0
78078EE4BEB0FD5A749B818F339AEA8C,3,12,0,29,10,,,0
8EC2AB986A2E1038615E42C599D0FB3F,2,2,0,29,1,,,0
7FC28813DFD7B6ACF66996DEE80EA21B,2,1,0,29,1,,,0
F84699AFFC57D0F74319C93F99D8CBC4,6,34,28,29,29,21,5.785714285714286,28
FB149ABD1F42826AA82A9D0D3FB03342,6,5,0,29,5,,,0
81A97F90DB8C003C0B29770B6F01BBD1,35,15,1,29,29,0,0.0,1
42AFE1A793551F75A34B9431347BD188,18,14,21,29,22,15,4.285714285714286,21
7FA1A5B3B4CFDA6EE43060AEE7DDD9B9,16,43,28,29,30,21,5.241379310344827,29
D65D357AECE365B8E472024BE5A82630,13,11,2,29,4,1,0.33333333333333337,3
5269565AB96D3D27ADEA4D7EF4DC2A88,3,3,2,29,3,3,2.0,2
0BF28246916A6D54E16290E925B16593,49,49,28,29,30,21,3.7241379310344827,29
20381657DAEE3E67B8DCF5A716C059D2,36,61,28,29,30,21,4.357142857142858,28
E156684FAFCEDF58457F297C0E8F4BE5,1,4,3,29,5,21,13.666666666666668,3
6477E36799EB9E09D51F58A3E235829D,0,0,3,29,5,21,14.0,3
9E47E3D31296D18CA70D6364906977EA,8,8,0,29,1,,,0
45124A8F6C4E49FFAE9506FC4EF5B7CC,2,4,2,29,3,0,0.0,2
5F7B72E1099BF42C515AC62ADBBB3D7E,2,8,6,29,8,10,5.166666666666667,6
936E62DEC4CB6442FB48EA68E7C6CE3F,2,0,0,29,1,,,0
6CFCBBED66545AEB9E9AF6E5CFB936FF,5,33,28,29,29,21,6.678571428571429,28
8F076E3AC36562F5F3C8B9EBCEB1C29D,2,10,8,29,10,21,6.25,8
0AA30A68A39C33D277C142ED7D47DEB9,1,21,20,29,17,21,5.809523809523808,21
D86F6932B877ABF570297F4A5BD9F6F8,0,0,0,29,1,,,0
C7911C9E567B47589E851658005072EA,0,0,0,29,1,,,0
5181E637D9BF572EDA441B3111453F45,3,5,2,29,3,2,1.0,2
CE1A31D6AB455F9AEDCF58040EE0DD6D,0,0,0,29,2,,,0
596A136695D3E6B86336DB0CDB6CC756,1,8,7,29,8,9,5.428571428571429,7
9CF8F156A4DD276689963FA097A3338A,2,1,0,29,1,,,0
66F906FF6C4BFC61AF3FB7513DBF2DDA,1,0,0,29,1,,,0
6E3054BBC7C382FE7CAA94578B650E06,7,7,3,29,4,1,1.0,3
5C2BC00B0A222248ED9DEAEA96F88F70,1,1,0,29,1,,,0
D2384A2CCF36F1523C5C384C593A7F78,0,0,0,29,1,,,0
9392CB52B945C988B9577484372C32F6,0,0,0,29,1,,,0
6423BABF2EAC5F624DBCD286F8911FBF,12,11,0,29,1,,,0
7695F017B7133F4781EC71221CDCA65D,2,2,0,29,2,,,0
A2BA9C4A500B2DE0CAC7B202B6B69E8E,0,0,0,29,1,,,0
771F22D352CA485AD7D19370D78FC998,1,1,0,29,1,,,0
2B7A9B27F21A4E01A56508388AA3D2C8,4,6,2,29,4,1,0.5,2
498C29D342AF10C4A87FD312ACE1433A,2,3,1,29,2,1,1.0,1
D56B44293832B4057640E4B6E8792397,1,1,0,29,1,,,0
76314A2ECAE4993B4DE86D9D6B8B96D7,1,1,0,29,1,,,0
C0A0829D298A4698F5965E8D7C8D6588,1,1,1,29,2,9,9.0,1
55B7A1F7ECC359677AD920A04511186F,2,0,0,29,2,0,0.0,1
8F49AF73E22D7BDB95D5C3D96794F9BA,1,1,1,29,2,4,4.0,1
912625A448F908ACE1B0A6DCB089BF14,0,0,0,29,1,,,0
9E849433127A1DD133120AC74E72CE3B,1,1,0,29,1,,,0
D7C3559DC9785AAE38249DF4825B7DEA,0,0,1,29,2,4,4.0,1
49F5A915087A0F1B709CD96FA1FC530F,0,0,0,29,1,,,0
EAC42AA804C1118A8889A5E8750E3B7F,0,0,0,29,1,,,0
EFAA2F93D59332990A303DD11160814E,0,0,0,29,1,,,0
3DBB0ABD111436EDF58CE71A593870F7,0,0,0,29,1,,,0
A9F02583E3730DD272FAEE4CEAA39898,0,0,0,29,1,,,0
43E6E53098F60BDA0507E70AFE2D7559,7,5,2,29,3,0,0.0,2
F79A71D6D132595932E445E1F42CE65D,0,0,0,29,1,,,0
4AC027B4F565B3493A7A1AC369221FD7,2,2,0,29,1,,,0
C63F6F196E4B53A91706E224A287D5A8,5,4,0,29,1,,,0
A0F3285DE605361D024D077F88050DE3,2,2,1,29,2,1,1.0,1
883A780608D3C4E5AE704139D5672F88,1,0,0,29,1,,,0
82D556A8003F97B39A2D2E8E5520F9B6,7,3,0,29,2,6,3.0,2
26DFD792CBDF9B5006650E1E96B01926,1,1,0,29,1,,,0
8D979FB9160DF62CF5C4C87A47C3AC85,0,1,1,29,2,2,2.0,1
56A24F4F7FE20C66839EB77FC558A160,1,0,0,29,1,,,0
14C8BFD7227A8BABBECD352D37127399,4,4,0,29,1,,,0
1561FF5F447F2033F1D1BE626BEE3B8E,3,2,0,29,1,,,0
B275DC380CF75B352381D5419E397047,2,2,0,29,1,,,0
113F2ACE0EC429DF23D04EB678A06F28,3,1,1,29,2,5,5.0,1
95CB1EE36F685BE768AB825D9AB5D5BA,7,50,43,30,30,21,4.581395348837211,43
EC84F74842B4635EA86B94A1F38F5E80,10,38,29,30,30,21,4.896551724137932,29
32D8F434011631E109B8CEFF0D60C04B,62,35,0,30,30,,,0
31DF612CC7704C453889C7836C5F1A63,44,41,28,30,30,21,5.250000000000001,28
247B6B710BF88CCF34F4EC312497046E,1,1,0,30,1,,,0
C528FD5F1BEE6A7E99E208005A56167F,10,5,30,30,31,21,3.611111111111111,36
F3C82C9DB04064BA7965BBBD95864189,78,41,31,30,31,21,4.424242424242425,33
E379F04C9CC2A7F1082F229F25D23F43,0,4,4,30,6,21,9.75,4
24D566AFD5FB88D2C02CD17C63C0FCF5,19,15,30,30,31,21,4.638888888888889,36
92495023CFA736DBFB0525FF48C0A34D,0,0,30,30,30,21,6.966666666666667,30
A7350BF43C799C980939BDFF0B6268CC,16,14,38,30,31,21,6.0256410256410255,39
104B0770BAE16E8B53DF330C95881893,3,1,31,30,31,21,5.588235294117648,34
CCE5E30054C510608589FA6240615B0A,1,1,30,30,30,21,5.933333333333332,30
14A9CF9481040494BB3D4D5851457F4A,2,33,30,30,31,21,5.470588235294119,34
82DAC9EC6C9E95BA8287CF434CCA4BA2,7,5,4,30,4,2,0.5,4
A40E0F48EDB8EECF06AB101D1EDBD275,2,2,0,30,1,,,0
3A14BEBDD2ACA773B6448F336F84E589,4,27,23,30,27,21,6.913043478260869,23
248A372CD2ED3B5D62866E77AC6D661B,16,10,36,30,30,21,4.472222222222223,36
45601EB90D6F1D6D7627EF554693E1A1,8,6,29,30,31,21,4.718749999999999,32
28D6B195DDF51DC103067C45CFD7190C,2,0,2,30,4,21,16.0,2
554C06D293D23E88DDA076775A0E909E,2,3,31,30,30,21,6.161290322580645,31
1EE2AFF38A630348F2CC13275EDFE566,44,26,0,30,23,,,0
F26EC6056E284FDDEA7771F203B6BB8F,1,1,0,30,4,,,0
3B8F3D1F77E01907E80E000F5886F301,0,0,0,30,2,2,2.0,1
C50CF6521BB18F7A9DD2C29B7EE76910,2,2,4,30,4,4,2.25,4
427C31D59AE5368FDB632549C93CF9A1,7,37,30,30,31,21,5.187500000000001,32
1F60D1684067DA9536648F37050A8809,0,0,0,30,1,,,0
CEFD144271FD7F31E1D2D02609AD23EA,13,11,0,30,30,,,0
28740A776812745C2CE2B1525B9EA63A,2,2,8,30,13,21,8.0,11
0DA84BC7ED5E956674ECF8824209C614,1,10,9,30,11,21,5.666666666666667,9
CD4078C6EC791735D5402B2A3793D2FF,0,0,0,30,1,,,0
A253A09D5610DA0F2AF9278694D8AD62,54,83,29,30,30,21,3.896551724137932,29
E536827798DB693614D14B2B727EF743,9,33,26,30,28,21,6.038461538461537,26
6E511935811C2604C67A184DEF59E248,20,17,0,30,30,,,0
EE2010FFDAF663BCC722160AB9954A1E,30,57,29,30,31,21,5.161290322580645,31
FBE5BE5E3836527EC27D14834D72B911,32,30,4,30,5,3,0.75,8
7107B8B93B285616D099D9010F6AD834,35,28,29,30,31,21,4.242424242424243,33
28FB43E35F4C6EF3C517752E8003C030,31,30,22,30,23,15,3.260869565217391,23
ADC1EFE00F19DED000961A9E12C19A08,3,3,1,30,2,0,0.0,1
93D43DF304AC6D3E8F7549843F475A04,0,0,0,30,1,,,0
17318F4DF263AC8E1ADC63B2E3114549,0,0,0,30,3,2,1.0,2
77A497B67E7A7C10589B1FE28F2E0F69,0,0,0,30,2,,,0
0C83C0AD6A11861FFBE5276F0D7F9820,1,0,0,30,2,1,1.0,1
954FE64772ADC5007938A4057293D6D0,0,0,0,30,1,,,0
30B0DA9467C7DC2B85C4C72815775B67,0,1,1,30,2,0,0.0,1
9E82B4A245E78807D6E2B2E6AB6B1AD9,2,3,1,30,4,21,6.2,5
63CE279F621E81EEAF8C8B85200EF8B8,4,0,0,30,2,3,1.25,4
5B809AE2EED0A6796F2D15D5828385FC,1,2,1,30,2,0,0.0,1
A3FC3103A5A2B1506A4F3B94F10D4EBE,0,0,0,30,2,,,0
772DA2BB33B435F5694AB02D10141E14,3,4,1,30,3,21,21.0,1
7BD92FD0756E6D260B45D7B6D9670C17,0,0,0,30,2,1,1.0,1
4ADA9F5BA15157ACD3C512EC02C324BC,0,0,1,30,2,2,2.0,2
5C2A2258C8EC6BC302BB2F231E7E5C0C,3,2,2,30,2,1,0.5,2
94F2B4A0EC23A6EA5559C0778AC0BE84,0,0,0,30,2,,,0
C08AAF1391E0219CA2743DE09E394995,0,1,1,30,2,0,0.0,1
B99FD965B0874192EE94E8A8FE85EA9E,19,1,0,30,2,6,1.8260869565217392,23
99FF1F3E739596EE936E38229B416431,1,1,1,30,2,0,0.0,1
3C37A5EB7445A1A0102AC428C8C4E5EA,0,0,0,30,1,,,0
7BDF1AC3772130EFEFFCE25FB307C0B7,3,2,2,30,1,1,0.5,2
06362302C59655296D46AAE0733D74DD,0,0,1,30,2,5,3.0,3
4F9E129F3B760E257E218BA368689C53,0,0,0,30,1,,,0
A7F2E63AD3483722F708F603F842CCAB,0,0,0,30,1,,,0
A7150322DCE7EAD55B4461FBB6C1925A,0,0,1,30,1,1,1.0,1
5D6068901468CC98EA73004802D5E9A3,0,1,1,30,2,0,0.0,1
7532B9EE7B6F844FF4ECB5DD8A864551,1,0,0,30,2,,,0
D3FC13964E1C3C7EA6C0EC0ADB236E83,0,0,0,30,1,,,0
D8254C1ADF6C7ADDA4305B550B622D44,0,0,0,30,1,,,0
7C7BB15D3D956BB1E7F6850E521EEC5A,1,1,0,30,1,,,0
819D2074A8E28AEE17E0569C9736DA93,2,2,1,30,2,0,0.0,1
27030470E9B6419008CEA1330F703FBF,17,15,0,30,1,,,0
090E55B2F56E588CD11A5AD386CF39EA,10,9,1,30,2,0,0.0,1
D4A11F0C6E87988E9DA1475EAF38137A,8,7,3,30,5,5,2.0769230769230766,13
